[
  {
    "model": "auth.user",
    "fields": {
      "password": "pbkdf2_sha256$1200000$1a4TS1OA5nEff9BhURpinZ$gAJeOHShw2UfcHsQ4kXK9W8yCqbmzctznR1f2wZpVXc=",
      "last_login": "2026-03-19T20:19:45.826Z",
      "is_superuser": true,
      "username": "mohamed",
      "first_name": "",
      "last_name": "",
      "email": "",
      "is_staff": true,
      "is_active": true,
      "date_joined": "2026-02-26T15:18:03.128Z",
      "groups": [],
      "user_permissions": []
    }
  },
  {
    "model": "auth.user",
    "fields": {
      "password": "pbkdf2_sha256$1200000$j3BdsgOmuvpYt8COYPfnIg$9glpWQTyFYUxU/b23Rp3c+ShmG06Gs/G6t6yf1wrzpM=",
      "last_login": "2026-03-09T23:58:25.798Z",
      "is_superuser": false,
      "username": "mazola",
      "first_name": "",
      "last_name": "",
      "email": "",
      "is_staff": false,
      "is_active": true,
      "date_joined": "2026-03-04T18:55:52.641Z",
      "groups": [],
      "user_permissions": []
    }
  },
  {
    "model": "auth.user",
    "fields": {
      "password": "pbkdf2_sha256$1200000$N8q68II1eOsG0Kc0p6L965$vTDAxdjMMAeteaR7jhRc8DUKkvMmc3jN5vqO/MlFRu0=",
      "last_login": "2026-03-07T16:32:07.838Z",
      "is_superuser": false,
      "username": "nour",
      "first_name": "",
      "last_name": "",
      "email": "",
      "is_staff": false,
      "is_active": true,
      "date_joined": "2026-03-04T20:49:06.063Z",
      "groups": [],
      "user_permissions": []
    }
  },
  {
    "model": "auth.user",
    "fields": {
      "password": "pbkdf2_sha256$1200000$vZZtjmpJMByvIeTFWNWqMS$3BMOm/hvrgzRo8sjRXQ3Bnj51BrX3wsVvUZh9YC3Fi0=",
      "last_login": "2026-03-06T23:34:12Z",
      "is_superuser": false,
      "username": "user2",
      "first_name": "",
      "last_name": "",
      "email": "",
      "is_staff": false,
      "is_active": true,
      "date_joined": "2026-03-06T21:43:27Z",
      "groups": [],
      "user_permissions": []
    }
  },
  {
    "model": "auth.user",
    "fields": {
      "password": "pbkdf2_sha256$1200000$DyKR4pmvw0CJjsYPvN7eLl$Fb905b3V1z7U1+DOtcrPx+7WA13xY2kWt+puH2zc9R4=",
      "last_login": "2026-03-19T17:17:33.010Z",
      "is_superuser": false,
      "username": "dafir1",
      "first_name": "",
      "last_name": "",
      "email": "",
      "is_staff": false,
      "is_active": true,
      "date_joined": "2026-03-07T14:54:34Z",
      "groups": [],
      "user_permissions": []
    }
  },
  {
    "model": "auth.user",
    "fields": {
      "password": "pbkdf2_sha256$1200000$DGWzwJ38eMTH62UVQkuQSf$FSK+ctAIrhVo1OTNvzFiDBX3dICIzqyJgzaGMYHf+D0=",
      "last_login": "2026-03-07T16:33:02Z",
      "is_superuser": false,
      "username": "user1",
      "first_name": "",
      "last_name": "",
      "email": "",
      "is_staff": false,
      "is_active": true,
      "date_joined": "2026-03-07T16:29:24Z",
      "groups": [],
      "user_permissions": []
    }
  },
  {
    "model": "auth.user",
    "fields": {
      "password": "pbkdf2_sha256$1200000$GgIQMuYBtVGXY9N6Eljr6p$L/7cAsiEQwnXKfkEQCjd114u/EkIxqK5Oq4ONePoXMU=",
      "last_login": "2026-03-10T00:09:07.774Z",
      "is_superuser": false,
      "username": "jojo",
      "first_name": "",
      "last_name": "",
      "email": "",
      "is_staff": false,
      "is_active": true,
      "date_joined": "2026-03-09T22:21:39.871Z",
      "groups": [],
      "user_permissions": []
    }
  },
  {
    "model": "auth.user",
    "fields": {
      "password": "pbkdf2_sha256$1200000$v76l36umJkaW9J0dyPhLy5$B2J9I882C+zq/24JUjiZiPeK+jDOapzCka3vu8nBavQ=",
      "last_login": "2026-03-10T00:07:41.153Z",
      "is_superuser": false,
      "username": "SASA_A1",
      "first_name": "",
      "last_name": "",
      "email": "",
      "is_staff": false,
      "is_active": true,
      "date_joined": "2026-03-09T23:26:38.318Z",
      "groups": [],
      "user_permissions": []
    }
  },
  {
    "model": "auth.user",
    "fields": {
      "password": "pbkdf2_sha256$1200000$cASgKbItfvvsY39zkqbrvx$MYz/Fyy6vrnt82SfKcmqzLp/qfpLnu4LYUFKWRQxPnA=",
      "last_login": null,
      "is_superuser": false,
      "username": "SASA_A2",
      "first_name": "",
      "last_name": "",
      "email": "",
      "is_staff": false,
      "is_active": true,
      "date_joined": "2026-03-09T23:27:04.374Z",
      "groups": [],
      "user_permissions": []
    }
  },
  {
    "model": "auth.user",
    "fields": {
      "password": "pbkdf2_sha256$1200000$uSh5oDil5IGpZm2rqDEQp9$Ks5cQP1+zQflmzKrXmkDOlb4izNhtWX5rtkQ7aBJllg=",
      "last_login": "2026-03-09T23:45:15.488Z",
      "is_superuser": false,
      "username": "JAZERA_26",
      "first_name": "",
      "last_name": "",
      "email": "",
      "is_staff": false,
      "is_active": true,
      "date_joined": "2026-03-09T23:43:06.273Z",
      "groups": [],
      "user_permissions": []
    }
  },
  {
    "model": "auth.user",
    "fields": {
      "password": "pbkdf2_sha256$1200000$kZVugANxuXYMJGyMNyK1eg$/kSclmK399D1N41ATdhQ7SQQmtqfUKR/rY1fLCFdDXY=",
      "last_login": "2026-03-09T23:51:36.454Z",
      "is_superuser": false,
      "username": "meryem",
      "first_name": "",
      "last_name": "",
      "email": "",
      "is_staff": false,
      "is_active": true,
      "date_joined": "2026-03-09T23:51:26.510Z",
      "groups": [],
      "user_permissions": []
    }
  },
  {
    "model": "auth.user",
    "fields": {
      "password": "pbkdf2_sha256$1200000$MHpT80UyXPfj0ltWtPR7ta$xTzRidwx5okim+7oxyDM1eLDQ9Ij+7p4OK8yn9lJVxg=",
      "last_login": "2026-03-10T22:51:17.013Z",
      "is_superuser": false,
      "username": "zizou",
      "first_name": "",
      "last_name": "",
      "email": "",
      "is_staff": false,
      "is_active": true,
      "date_joined": "2026-03-10T22:51:07.617Z",
      "groups": [],
      "user_permissions": []
    }
  },
  {
    "model": "auth.user",
    "fields": {
      "password": "pbkdf2_sha256$1200000$oPVdbxsE0nkAIUZWonbiFm$hNrt3lqMvyer+4hpkde5ye/ahdR8IjGfIqFis60NglM=",
      "last_login": "2026-03-11T14:28:59.164Z",
      "is_superuser": false,
      "username": "XYZ1_01",
      "first_name": "",
      "last_name": "",
      "email": "",
      "is_staff": false,
      "is_active": true,
      "date_joined": "2026-03-11T14:27:07.126Z",
      "groups": [],
      "user_permissions": []
    }
  },
  {
    "model": "auth.user",
    "fields": {
      "password": "pbkdf2_sha256$1200000$wdbESdDTKe03Ai2pRlxlge$JwdW/Sd341mijZhqcOFLBVRd/WQb4HJI819YI4UL0tI=",
      "last_login": "2026-03-12T22:23:06.234Z",
      "is_superuser": false,
      "username": "XYZ1_05",
      "first_name": "",
      "last_name": "",
      "email": "",
      "is_staff": false,
      "is_active": true,
      "date_joined": "2026-03-11T23:24:25.425Z",
      "groups": [],
      "user_permissions": []
    }
  },
  {
    "model": "auth.user",
    "fields": {
      "password": "pbkdf2_sha256$1200000$stqteBjWHCzYh2Ak5AoQZT$ktq+YNs2hgkHTs6oXgB0uaXpCD79/S2I0KTICLYjF8I=",
      "last_login": "2026-03-13T11:55:41.298Z",
      "is_superuser": false,
      "username": "XYZ1_08",
      "first_name": "",
      "last_name": "",
      "email": "",
      "is_staff": false,
      "is_active": true,
      "date_joined": "2026-03-12T12:12:56.950Z",
      "groups": [],
      "user_permissions": []
    }
  },
  {
    "model": "auth.user",
    "fields": {
      "password": "pbkdf2_sha256$1200000$P782j6lqyygOQRoIlg92Qh$zszXsw0it1Nl6nhrITClsZAnErqrJ4m5RakEeNDpvjA=",
      "last_login": "2026-03-13T09:44:15.113Z",
      "is_superuser": false,
      "username": "safa",
      "first_name": "",
      "last_name": "",
      "email": "",
      "is_staff": false,
      "is_active": true,
      "date_joined": "2026-03-13T09:44:03.759Z",
      "groups": [],
      "user_permissions": []
    }
  },
  {
    "model": "sessions.session",
    "pk": "2u2mekb5xzn26v0pcc44gpinxloapbl5",
    "fields": {
      "session_data": ".eJxVjMsKwjAQAP9lzxISdrNtevTuN4TNQ1OVBJr2VPx3KfSg15lhdvCyrcVvPS9-TjABw-WXBYmvXA-RnlIfTcVW12UO6kjUabu6tZTf17P9GxTpBSbI0ZGEPHIgxhHvbBOzdposZmc4kWHSVpwxGJj0gESCmo24aHBgB58vwKU2KQ:1w0yP8:O6pI5PTho52mz5kuHyDWSBWuLP2sOjgBHl1PzzzvlQE",
      "expire_date": "2026-03-27T09:01:58.749Z"
    }
  },
  {
    "model": "sessions.session",
    "pk": "7u8u9txtusx8hehepjc6boav6f0ocydj",
    "fields": {
      "session_data": ".eJxVjMEOwiAQBf-FsyHAsgU8eu83kKWAVA0kpT0Z_92Q9KDXNzPvzTwde_FHT5tfI7syyS6_W6DlmeoA8UH13vjS6r6tgQ-Fn7TzucX0up3u30GhXkYtAVCnLISZlJ2kBuu0yVEmUILIojWYERWBNRBRm4iBsjUuCJF0duzzBazGNsU:1vxqvo:ZKF6gCq5u0cIX7-c4_yMr_HoD7nvPDsLPw-7WY61Xjs",
      "expire_date": "2026-03-18T18:26:48.929Z"
    }
  },
  {
    "model": "sessions.session",
    "pk": "dljfdcvf66f6isw0iv7sf4b5lgbny3m5",
    "fields": {
      "session_data": ".eJxVjMEOwiAQBf-FsyHAsgU8eu83kKWAVA0kpT0Z_92Q9KDXNzPvzTwde_FHT5tfI7syyS6_W6DlmeoA8UH13vjS6r6tgQ-Fn7TzucX0up3u30GhXkYtAVCnLISZlJ2kBuu0yVEmUILIojWYERWBNRBRm4iBsjUuCJF0duzzBazGNsU:1vxnll:QNeM0s0X4JA9BCOSvXCoXqzqjNg5N2aLZKhsN5TaZ5o",
      "expire_date": "2026-03-18T15:04:13.750Z"
    }
  },
  {
    "model": "sessions.session",
    "pk": "gboi6m8qjfu7921myh5fkfgvi9zf45qp",
    "fields": {
      "session_data": ".eJxVjMEOwiAQBf-FsyHAsgU8eu83kKWAVA0kpT0Z_92Q9KDXNzPvzTwde_FHT5tfI7syyS6_W6DlmeoA8UH13vjS6r6tgQ-Fn7TzucX0up3u30GhXkYtAVCnLISZlJ2kBuu0yVEmUILIojWYERWBNRBRm4iBsjUuCJF0duzzBazGNsU:1vxquy:1U_WylyBXlEp8inI-18wfSI5cDAdctGbhGQPqqD3zh0",
      "expire_date": "2026-03-18T18:25:56.971Z"
    }
  },
  {
    "model": "sessions.session",
    "pk": "lvlnr7212cdqe24ulm76b9zs546652lt",
    "fields": {
      "session_data": ".eJxVjMsOwiAQRf9l1obIa4Au3fsNzcCgVA0kpV0Z_92QdKG5u3NO7htm2rcy7z2v88IwgYTTL4uUnrkOwQ-q9yZSq9u6RDEScdguro3z63K0fweFeoEJomTnjQ4yBe8xaeJgiJxVDqX2ii0qRqvOKKPBmFBnHqPsQjSGb_D5AsicN-E:1vyWoD:rNkeuA2hrh-vZw7x17mJ2-nXgD8_S1aMAION1pDfUkI",
      "expire_date": "2026-03-20T15:09:45.798Z"
    }
  },
  {
    "model": "sessions.session",
    "pk": "mkgnd1074dcxo7apb33x9k8hb9jyfpbl",
    "fields": {
      "session_data": ".eJxVjMEOwiAQBf-FsyHAsgU8eu83kKWAVA0kpT0Z_92Q9KDXNzPvzTwde_FHT5tfI7syyS6_W6DlmeoA8UH13vjS6r6tgQ-Fn7TzucX0up3u30GhXkYtAVCnLISZlJ2kBuu0yVEmUILIojWYERWBNRBRm4iBsjUuCJF0duzzBazGNsU:1vxnle:EnmDcdSJAUaZ3ZuDXXkMA3mP6dYUY4UGrd4rf-T5OcE",
      "expire_date": "2026-03-18T15:04:06.686Z"
    }
  },
  {
    "model": "sessions.session",
    "pk": "rshyqwttf2u1x2to0x6i1ebdvz3tnnz0",
    "fields": {
      "session_data": ".eJxVjDsKAjEUAO-SWkL-H0t7zxBe8p5mVRLY7Fbi3SWwhbYzw7xZgn2raR-0pgXZmUl2-mUZypPaFPiAdu-89LatS-Yz4Ycd_NqRXpej_RtUGHVurZRFuUixgKcAxniZRSw6R7SAkqQWQaEpwprsLJBHZbNGVLfgMCL7fAHYXjf7:1vzkSt:b2mnvC7VOG4-qNxe0NovuF_CVkojFuWuji-C2I-80X4",
      "expire_date": "2026-03-23T23:56:47.639Z"
    }
  },
  {
    "model": "sessions.session",
    "pk": "zolyp8awivrlwxi9lrm65u9rqu97lep0",
    "fields": {
      "session_data": ".eJxVjLsOgzAMAP_FcxU5aR7A2J1vQLbjFNoKJAJT1X-vkBja9e50bxho38Zhr7oOU4YO3BUuv5BJnjofJj9ovi9GlnlbJzZHYk5bTb9kfd3O9m8wUh2hA_WNRYtBYiJMGiN5r8W1UXwjsXDK7FjQWhbSYrFFKjlpcNkH57iBzxcFMDhR:1w0nnt:lbN6h6ymtv3JwTOWhBQ42P7wV1u_v0Fd1GBcItcSZcA",
      "expire_date": "2026-03-26T21:42:49.803Z"
    }
  },
  {
    "model": "syndic.residence",
    "pk": 1,
    "fields": {
      "created_at": "2026-02-26T15:28:57.245Z",
      "updated_at": "2026-03-07T22:25:07.216Z",
      "nom_residence": "NOUR",
      "ville_residence": "Casablanca",
      "adresse_residence": "Casablanca",
      "mode_appel_charge": "ANNUEL",
      "code_postal_residence": "20220",
      "classification": "PETITE",
      "statut_residence": "ACTIF",
      "description": "",
      "logo": "",
      "partage_rapport_resident": false
    }
  },
  {
    "model": "syndic.residence",
    "pk": 2,
    "fields": {
      "created_at": "2026-02-26T15:29:17.384Z",
      "updated_at": "2026-03-02T15:40:02.137Z",
      "nom_residence": "OCEANIC",
      "ville_residence": "Sidi Rahal",
      "adresse_residence": "MHAZRA",
      "mode_appel_charge": "ANNUEL",
      "code_postal_residence": "20500",
      "classification": "MOYENNE",
      "statut_residence": "ACTIF",
      "description": "",
      "logo": "",
      "partage_rapport_resident": false
    }
  },
  {
    "model": "syndic.residence",
    "pk": 3,
    "fields": {
      "created_at": "2026-02-26T15:29:27.713Z",
      "updated_at": "2026-02-27T12:26:43.016Z",
      "nom_residence": "HMAD",
      "ville_residence": "Casablnaca",
      "adresse_residence": "HH Casablanca",
      "mode_appel_charge": "MENSUEL",
      "code_postal_residence": "20200",
      "classification": "PETITE",
      "statut_residence": "INACTIF",
      "description": null,
      "logo": "",
      "partage_rapport_resident": false
    }
  },
  {
    "model": "syndic.residence",
    "pk": 4,
    "fields": {
      "created_at": "2026-02-26T15:29:37.346Z",
      "updated_at": "2026-02-27T12:57:13.394Z",
      "nom_residence": "JAWHARA",
      "ville_residence": "SALE",
      "adresse_residence": "Hay INBIAT",
      "mode_appel_charge": "MENSUEL",
      "code_postal_residence": "20300",
      "classification": "PETITE",
      "statut_residence": "ACTIF",
      "description": null,
      "logo": "",
      "partage_rapport_resident": false
    }
  },
  {
    "model": "syndic.residence",
    "pk": 6,
    "fields": {
      "created_at": "2026-02-26T19:51:06.250Z",
      "updated_at": "2026-03-07T16:34:47.082Z",
      "nom_residence": "JOMAIRA",
      "ville_residence": "CASABLANCA",
      "adresse_residence": "DAR BOUAZZA",
      "mode_appel_charge": "ANNUEL",
      "code_postal_residence": "20100",
      "classification": "PETITE",
      "statut_residence": "ACTIF",
      "description": "",
      "logo": "",
      "partage_rapport_resident": false
    }
  },
  {
    "model": "syndic.residence",
    "pk": 7,
    "fields": {
      "created_at": "2026-02-26T20:15:56.625Z",
      "updated_at": "2026-02-27T12:33:08.234Z",
      "nom_residence": "NAWAL",
      "ville_residence": "Casablanca",
      "adresse_residence": "N12 Mazola",
      "mode_appel_charge": "MENSUEL",
      "code_postal_residence": "20220",
      "classification": "MOYENNE",
      "statut_residence": "ACTIF",
      "description": null,
      "logo": "",
      "partage_rapport_resident": false
    }
  },
  {
    "model": "syndic.residence",
    "pk": 10,
    "fields": {
      "created_at": "2026-02-27T13:31:36.849Z",
      "updated_at": "2026-03-02T16:20:02.413Z",
      "nom_residence": "SALAM",
      "ville_residence": "CASABLANCA",
      "adresse_residence": "",
      "mode_appel_charge": "ANNUEL",
      "code_postal_residence": "20300",
      "classification": "MOYENNE",
      "statut_residence": "ACTIF",
      "description": "",
      "logo": "",
      "partage_rapport_resident": false
    }
  },
  {
    "model": "syndic.residence",
    "pk": 11,
    "fields": {
      "created_at": "2026-02-28T17:12:28.820Z",
      "updated_at": "2026-03-07T16:26:22.348Z",
      "nom_residence": "MAZOLA",
      "ville_residence": "CASABLANCA",
      "adresse_residence": "HH MAZOLA",
      "mode_appel_charge": "ANNUEL",
      "code_postal_residence": "20220",
      "classification": "PETITE",
      "statut_residence": "ACTIF",
      "description": "",
      "logo": "residences/logos/453897578_856747416337834_6668563984063010501_n_t9yHjks.jpg",
      "partage_rapport_resident": false
    }
  },
  {
    "model": "syndic.residence",
    "pk": 12,
    "fields": {
      "created_at": "2026-03-02T15:54:50.184Z",
      "updated_at": "2026-03-07T16:27:23.116Z",
      "nom_residence": "QOBBA",
      "ville_residence": "Casablanca",
      "adresse_residence": "",
      "mode_appel_charge": "ANNUEL",
      "code_postal_residence": "20000",
      "classification": "PETITE",
      "statut_residence": "ACTIF",
      "description": "",
      "logo": "",
      "partage_rapport_resident": false
    }
  },
  {
    "model": "syndic.residence",
    "pk": 13,
    "fields": {
      "created_at": "2026-03-04T19:07:37.002Z",
      "updated_at": "2026-03-04T19:07:37.002Z",
      "nom_residence": "HH",
      "ville_residence": "Casablanca",
      "adresse_residence": "",
      "mode_appel_charge": "MENSUEL",
      "code_postal_residence": "",
      "classification": "PETITE",
      "statut_residence": "ACTIF",
      "description": "",
      "logo": "",
      "partage_rapport_resident": false
    }
  },
  {
    "model": "syndic.residence",
    "pk": 14,
    "fields": {
      "created_at": "2026-03-04T23:12:28.229Z",
      "updated_at": "2026-03-12T22:12:07.283Z",
      "nom_residence": "XYZ1",
      "ville_residence": "CASABLANCA",
      "adresse_residence": "Rue IBN SINA",
      "mode_appel_charge": "ANNUEL",
      "code_postal_residence": "",
      "classification": "PETITE",
      "statut_residence": "ACTIF",
      "description": "Résidence Balnéaire",
      "logo": "residences/logos/453897578_856747416337834_6668563984063010501_n_hfhBTN5.jpg",
      "partage_rapport_resident": false
    }
  },
  {
    "model": "syndic.residence",
    "pk": 15,
    "fields": {
      "created_at": "2026-03-07T14:52:15.822Z",
      "updated_at": "2026-03-12T13:03:32.650Z",
      "nom_residence": "JAZERA",
      "ville_residence": "RABAT",
      "adresse_residence": "",
      "mode_appel_charge": "ANNUEL",
      "code_postal_residence": "",
      "classification": "GRANDE",
      "statut_residence": "ACTIF",
      "description": "",
      "logo": "residences/logos/puce_T8TUuW4.png",
      "partage_rapport_resident": false
    }
  },
  {
    "model": "syndic.residence",
    "pk": 16,
    "fields": {
      "created_at": "2026-03-09T22:21:44.465Z",
      "updated_at": "2026-03-09T22:50:39.736Z",
      "nom_residence": "SASA",
      "ville_residence": "CASABLANCA",
      "adresse_residence": "",
      "mode_appel_charge": "ANNUEL",
      "code_postal_residence": "",
      "classification": "PETITE",
      "statut_residence": "ACTIF",
      "description": "",
      "logo": "residences/logos/12-_Lhomme_sage_sous_le_ciel_tristes.png",
      "partage_rapport_resident": false
    }
  },
  {
    "model": "syndic.residence",
    "pk": 17,
    "fields": {
      "created_at": "2026-03-09T23:51:31.529Z",
      "updated_at": "2026-03-09T23:51:31.529Z",
      "nom_residence": "SAADA",
      "ville_residence": "CASABLANCA",
      "adresse_residence": null,
      "mode_appel_charge": "MENSUEL",
      "code_postal_residence": null,
      "classification": "PETITE",
      "statut_residence": "ACTIF",
      "description": null,
      "logo": "",
      "partage_rapport_resident": false
    }
  },
  {
    "model": "syndic.residence",
    "pk": 18,
    "fields": {
      "created_at": "2026-03-10T22:51:12.279Z",
      "updated_at": "2026-03-10T22:51:12.279Z",
      "nom_residence": "JAZERA2",
      "ville_residence": "RABAT",
      "adresse_residence": null,
      "mode_appel_charge": "MENSUEL",
      "code_postal_residence": null,
      "classification": "PETITE",
      "statut_residence": "ACTIF",
      "description": null,
      "logo": "",
      "partage_rapport_resident": false
    }
  },
  {
    "model": "syndic.residence",
    "pk": 19,
    "fields": {
      "created_at": "2026-03-13T09:44:09.457Z",
      "updated_at": "2026-03-13T09:44:09.457Z",
      "nom_residence": "SAFA",
      "ville_residence": "Casablanca",
      "adresse_residence": null,
      "mode_appel_charge": "MENSUEL",
      "code_postal_residence": null,
      "classification": "PETITE",
      "statut_residence": "ACTIF",
      "description": null,
      "logo": "",
      "partage_rapport_resident": false
    }
  },
  {
    "model": "syndic.groupe",
    "pk": 1,
    "fields": {
      "created_at": "2026-02-27T14:16:44.456Z",
      "updated_at": "2026-03-02T16:42:18.459Z",
      "residence": 1,
      "nom_groupe": "A01",
      "description": ""
    }
  },
  {
    "model": "syndic.groupe",
    "pk": 2,
    "fields": {
      "created_at": "2026-02-27T14:16:54.121Z",
      "updated_at": "2026-03-02T16:42:29.411Z",
      "residence": 1,
      "nom_groupe": "A02",
      "description": ""
    }
  },
  {
    "model": "syndic.groupe",
    "pk": 3,
    "fields": {
      "created_at": "2026-02-27T14:17:02.702Z",
      "updated_at": "2026-03-02T16:42:34.177Z",
      "residence": 1,
      "nom_groupe": "A03",
      "description": ""
    }
  },
  {
    "model": "syndic.groupe",
    "pk": 4,
    "fields": {
      "created_at": "2026-02-27T14:17:14.148Z",
      "updated_at": "2026-03-02T16:42:38.981Z",
      "residence": 1,
      "nom_groupe": "A04",
      "description": ""
    }
  },
  {
    "model": "syndic.groupe",
    "pk": 6,
    "fields": {
      "created_at": "2026-02-27T19:40:22.893Z",
      "updated_at": "2026-03-02T16:42:43.487Z",
      "residence": 1,
      "nom_groupe": "B02",
      "description": ""
    }
  },
  {
    "model": "syndic.groupe",
    "pk": 7,
    "fields": {
      "created_at": "2026-02-27T19:40:31.149Z",
      "updated_at": "2026-03-02T16:42:48.385Z",
      "residence": 1,
      "nom_groupe": "B03",
      "description": ""
    }
  },
  {
    "model": "syndic.groupe",
    "pk": 8,
    "fields": {
      "created_at": "2026-02-27T19:40:38.641Z",
      "updated_at": "2026-03-02T16:42:54.876Z",
      "residence": 1,
      "nom_groupe": "B04",
      "description": ""
    }
  },
  {
    "model": "syndic.groupe",
    "pk": 13,
    "fields": {
      "created_at": "2026-02-28T16:53:03.509Z",
      "updated_at": "2026-03-02T16:43:02.197Z",
      "residence": 1,
      "nom_groupe": "C01",
      "description": "Bloc administratif"
    }
  },
  {
    "model": "syndic.groupe",
    "pk": 15,
    "fields": {
      "created_at": "2026-02-28T17:07:30.585Z",
      "updated_at": "2026-02-28T17:07:30.585Z",
      "residence": 1,
      "nom_groupe": "C07",
      "description": "Bloc administratif"
    }
  },
  {
    "model": "syndic.groupe",
    "pk": 16,
    "fields": {
      "created_at": "2026-02-28T17:13:52.393Z",
      "updated_at": "2026-02-28T17:13:52.393Z",
      "residence": 11,
      "nom_groupe": "IMM 31",
      "description": "IMMEUBLE EN 4 ETAGE -- 25 APPARTEMENT --"
    }
  },
  {
    "model": "syndic.groupe",
    "pk": 17,
    "fields": {
      "created_at": "2026-02-28T17:15:04.763Z",
      "updated_at": "2026-02-28T17:15:51.836Z",
      "residence": 11,
      "nom_groupe": "ETG1",
      "description": ""
    }
  },
  {
    "model": "syndic.groupe",
    "pk": 18,
    "fields": {
      "created_at": "2026-02-28T17:15:12.416Z",
      "updated_at": "2026-02-28T17:15:12.416Z",
      "residence": 11,
      "nom_groupe": "ETG2",
      "description": ""
    }
  },
  {
    "model": "syndic.groupe",
    "pk": 19,
    "fields": {
      "created_at": "2026-02-28T17:15:18.438Z",
      "updated_at": "2026-02-28T17:15:18.438Z",
      "residence": 11,
      "nom_groupe": "ETG3",
      "description": ""
    }
  },
  {
    "model": "syndic.groupe",
    "pk": 20,
    "fields": {
      "created_at": "2026-02-28T17:15:23.673Z",
      "updated_at": "2026-02-28T17:15:23.673Z",
      "residence": 11,
      "nom_groupe": "ETG4",
      "description": ""
    }
  },
  {
    "model": "syndic.groupe",
    "pk": 21,
    "fields": {
      "created_at": "2026-02-28T17:15:29.887Z",
      "updated_at": "2026-02-28T17:15:29.887Z",
      "residence": 11,
      "nom_groupe": "ETG5",
      "description": ""
    }
  },
  {
    "model": "syndic.groupe",
    "pk": 22,
    "fields": {
      "created_at": "2026-03-02T16:00:28.149Z",
      "updated_at": "2026-03-02T16:00:28.149Z",
      "residence": 12,
      "nom_groupe": "g1",
      "description": ""
    }
  },
  {
    "model": "syndic.groupe",
    "pk": 23,
    "fields": {
      "created_at": "2026-03-02T16:00:32.721Z",
      "updated_at": "2026-03-02T16:00:32.721Z",
      "residence": 12,
      "nom_groupe": "g2",
      "description": ""
    }
  },
  {
    "model": "syndic.groupe",
    "pk": 24,
    "fields": {
      "created_at": "2026-03-02T16:20:40.155Z",
      "updated_at": "2026-03-02T16:20:40.155Z",
      "residence": 10,
      "nom_groupe": "G1-1",
      "description": ""
    }
  },
  {
    "model": "syndic.groupe",
    "pk": 25,
    "fields": {
      "created_at": "2026-03-02T16:20:45.908Z",
      "updated_at": "2026-03-02T16:20:45.908Z",
      "residence": 10,
      "nom_groupe": "G1-2",
      "description": ""
    }
  },
  {
    "model": "syndic.groupe",
    "pk": 26,
    "fields": {
      "created_at": "2026-03-02T16:20:58.026Z",
      "updated_at": "2026-03-02T16:20:58.026Z",
      "residence": 10,
      "nom_groupe": "G1-3",
      "description": ""
    }
  },
  {
    "model": "syndic.groupe",
    "pk": 27,
    "fields": {
      "created_at": "2026-03-02T16:52:12.992Z",
      "updated_at": "2026-03-02T16:52:12.992Z",
      "residence": 2,
      "nom_groupe": "A01",
      "description": ""
    }
  },
  {
    "model": "syndic.groupe",
    "pk": 28,
    "fields": {
      "created_at": "2026-03-02T16:52:17.792Z",
      "updated_at": "2026-03-02T16:52:17.792Z",
      "residence": 2,
      "nom_groupe": "A02",
      "description": ""
    }
  },
  {
    "model": "syndic.groupe",
    "pk": 29,
    "fields": {
      "created_at": "2026-03-02T16:52:22.277Z",
      "updated_at": "2026-03-02T16:52:22.277Z",
      "residence": 2,
      "nom_groupe": "A03",
      "description": ""
    }
  },
  {
    "model": "syndic.groupe",
    "pk": 30,
    "fields": {
      "created_at": "2026-03-02T16:52:27.283Z",
      "updated_at": "2026-03-02T16:52:27.283Z",
      "residence": 2,
      "nom_groupe": "A04",
      "description": ""
    }
  },
  {
    "model": "syndic.groupe",
    "pk": 31,
    "fields": {
      "created_at": "2026-03-02T16:52:33.030Z",
      "updated_at": "2026-03-02T16:52:33.030Z",
      "residence": 2,
      "nom_groupe": "A05",
      "description": ""
    }
  },
  {
    "model": "syndic.groupe",
    "pk": 32,
    "fields": {
      "created_at": "2026-03-02T16:52:37.805Z",
      "updated_at": "2026-03-02T16:52:37.806Z",
      "residence": 2,
      "nom_groupe": "A06",
      "description": ""
    }
  },
  {
    "model": "syndic.groupe",
    "pk": 33,
    "fields": {
      "created_at": "2026-03-02T16:52:42.954Z",
      "updated_at": "2026-03-02T16:52:42.954Z",
      "residence": 2,
      "nom_groupe": "A07",
      "description": ""
    }
  },
  {
    "model": "syndic.groupe",
    "pk": 34,
    "fields": {
      "created_at": "2026-03-02T16:52:47.509Z",
      "updated_at": "2026-03-02T16:52:47.509Z",
      "residence": 2,
      "nom_groupe": "A08",
      "description": ""
    }
  },
  {
    "model": "syndic.groupe",
    "pk": 35,
    "fields": {
      "created_at": "2026-03-02T16:53:14.645Z",
      "updated_at": "2026-03-02T16:56:16.628Z",
      "residence": 2,
      "nom_groupe": "A13",
      "description": ""
    }
  },
  {
    "model": "syndic.groupe",
    "pk": 36,
    "fields": {
      "created_at": "2026-03-02T16:53:48.947Z",
      "updated_at": "2026-03-02T16:56:41.041Z",
      "residence": 2,
      "nom_groupe": "A11",
      "description": ""
    }
  },
  {
    "model": "syndic.groupe",
    "pk": 37,
    "fields": {
      "created_at": "2026-03-02T16:53:53.369Z",
      "updated_at": "2026-03-02T16:56:29.383Z",
      "residence": 2,
      "nom_groupe": "A12",
      "description": ""
    }
  },
  {
    "model": "syndic.groupe",
    "pk": 38,
    "fields": {
      "created_at": "2026-03-02T16:56:04.389Z",
      "updated_at": "2026-03-02T16:56:04.390Z",
      "residence": 2,
      "nom_groupe": "A14",
      "description": ""
    }
  },
  {
    "model": "syndic.groupe",
    "pk": 39,
    "fields": {
      "created_at": "2026-03-04T23:14:48.537Z",
      "updated_at": "2026-03-04T23:14:48.537Z",
      "residence": 12,
      "nom_groupe": "H1",
      "description": ""
    }
  },
  {
    "model": "syndic.groupe",
    "pk": 40,
    "fields": {
      "created_at": "2026-03-04T23:14:52.513Z",
      "updated_at": "2026-03-04T23:14:52.513Z",
      "residence": 12,
      "nom_groupe": "H2",
      "description": ""
    }
  },
  {
    "model": "syndic.groupe",
    "pk": 41,
    "fields": {
      "created_at": "2026-03-04T23:14:56.269Z",
      "updated_at": "2026-03-04T23:14:56.269Z",
      "residence": 12,
      "nom_groupe": "H3",
      "description": ""
    }
  },
  {
    "model": "syndic.groupe",
    "pk": 42,
    "fields": {
      "created_at": "2026-03-04T23:15:00.233Z",
      "updated_at": "2026-03-04T23:15:00.233Z",
      "residence": 12,
      "nom_groupe": "H4",
      "description": ""
    }
  },
  {
    "model": "syndic.groupe",
    "pk": 43,
    "fields": {
      "created_at": "2026-03-04T23:18:47.590Z",
      "updated_at": "2026-03-04T23:18:47.590Z",
      "residence": 14,
      "nom_groupe": "H1",
      "description": ""
    }
  },
  {
    "model": "syndic.groupe",
    "pk": 44,
    "fields": {
      "created_at": "2026-03-04T23:18:52.156Z",
      "updated_at": "2026-03-04T23:18:52.156Z",
      "residence": 14,
      "nom_groupe": "H2",
      "description": ""
    }
  },
  {
    "model": "syndic.groupe",
    "pk": 45,
    "fields": {
      "created_at": "2026-03-04T23:18:57.780Z",
      "updated_at": "2026-03-04T23:18:57.780Z",
      "residence": 14,
      "nom_groupe": "H3",
      "description": ""
    }
  },
  {
    "model": "syndic.groupe",
    "pk": 46,
    "fields": {
      "created_at": "2026-03-04T23:19:02.252Z",
      "updated_at": "2026-03-04T23:19:02.252Z",
      "residence": 14,
      "nom_groupe": "H4",
      "description": ""
    }
  },
  {
    "model": "syndic.groupe",
    "pk": 47,
    "fields": {
      "created_at": "2026-03-07T15:08:37.007Z",
      "updated_at": "2026-03-07T15:08:37.007Z",
      "residence": 15,
      "nom_groupe": "ETG1",
      "description": ""
    }
  },
  {
    "model": "syndic.groupe",
    "pk": 48,
    "fields": {
      "created_at": "2026-03-07T15:08:42.340Z",
      "updated_at": "2026-03-07T15:08:42.340Z",
      "residence": 15,
      "nom_groupe": "ETG2",
      "description": ""
    }
  },
  {
    "model": "syndic.groupe",
    "pk": 49,
    "fields": {
      "created_at": "2026-03-07T15:08:47.569Z",
      "updated_at": "2026-03-07T15:08:47.569Z",
      "residence": 15,
      "nom_groupe": "ETG3",
      "description": ""
    }
  },
  {
    "model": "syndic.groupe",
    "pk": 50,
    "fields": {
      "created_at": "2026-03-07T15:08:52.860Z",
      "updated_at": "2026-03-07T15:08:52.861Z",
      "residence": 15,
      "nom_groupe": "ETG4",
      "description": ""
    }
  },
  {
    "model": "syndic.groupe",
    "pk": 51,
    "fields": {
      "created_at": "2026-03-07T15:09:55.456Z",
      "updated_at": "2026-03-07T15:09:55.456Z",
      "residence": 15,
      "nom_groupe": "ETG5",
      "description": ""
    }
  },
  {
    "model": "syndic.groupe",
    "pk": 52,
    "fields": {
      "created_at": "2026-03-09T22:23:22.360Z",
      "updated_at": "2026-03-09T22:23:22.360Z",
      "residence": 16,
      "nom_groupe": "G1",
      "description": ""
    }
  },
  {
    "model": "syndic.groupe",
    "pk": 53,
    "fields": {
      "created_at": "2026-03-09T22:23:27.460Z",
      "updated_at": "2026-03-09T22:23:27.460Z",
      "residence": 16,
      "nom_groupe": "G2",
      "description": ""
    }
  },
  {
    "model": "syndic.groupe",
    "pk": 54,
    "fields": {
      "created_at": "2026-03-09T22:23:33.293Z",
      "updated_at": "2026-03-09T22:23:33.293Z",
      "residence": 16,
      "nom_groupe": "G3",
      "description": ""
    }
  },
  {
    "model": "syndic.groupe",
    "pk": 55,
    "fields": {
      "created_at": "2026-03-13T10:02:20.470Z",
      "updated_at": "2026-03-13T10:02:20.470Z",
      "residence": 19,
      "nom_groupe": "AB",
      "description": ""
    }
  },
  {
    "model": "syndic.groupe",
    "pk": 56,
    "fields": {
      "created_at": "2026-03-13T10:02:25.650Z",
      "updated_at": "2026-03-13T10:02:25.650Z",
      "residence": 19,
      "nom_groupe": "AC",
      "description": ""
    }
  },
  {
    "model": "syndic.lot",
    "pk": 1,
    "fields": {
      "created_at": "2026-02-26T15:29:53.871Z",
      "updated_at": "2026-02-27T19:37:28.281Z",
      "residence": 1,
      "proprietaire": null,
      "montant_ref": "0.00",
      "occupant": null,
      "representant": null,
      "groupe": 4,
      "numero_lot": "A4-01",
      "surface_lot": "210.00",
      "etage_lot": "",
      "type_lot": "APPARTEMENT",
      "remarque_lot": "",
      "statut_lot": "A_JOUR"
    }
  },
  {
    "model": "syndic.lot",
    "pk": 2,
    "fields": {
      "created_at": "2026-02-26T15:30:01.195Z",
      "updated_at": "2026-02-27T19:34:03.835Z",
      "residence": 1,
      "proprietaire": null,
      "montant_ref": "0.00",
      "occupant": null,
      "representant": null,
      "groupe": 2,
      "numero_lot": "A2-04",
      "surface_lot": "100.00",
      "etage_lot": "1",
      "type_lot": "VILLA",
      "remarque_lot": "",
      "statut_lot": "A_JOUR"
    }
  },
  {
    "model": "syndic.lot",
    "pk": 3,
    "fields": {
      "created_at": "2026-02-26T15:30:07.773Z",
      "updated_at": "2026-02-27T21:00:30.119Z",
      "residence": 1,
      "proprietaire": 3,
      "montant_ref": "0.00",
      "occupant": 3,
      "representant": 1,
      "groupe": 1,
      "numero_lot": "A1-02",
      "surface_lot": "100.00",
      "etage_lot": "",
      "type_lot": "APPARTEMENT",
      "remarque_lot": "",
      "statut_lot": "A_JOUR"
    }
  },
  {
    "model": "syndic.lot",
    "pk": 4,
    "fields": {
      "created_at": "2026-02-26T15:30:15.641Z",
      "updated_at": "2026-02-28T15:19:23.545Z",
      "residence": 1,
      "proprietaire": null,
      "montant_ref": "0.00",
      "occupant": null,
      "representant": 4,
      "groupe": 1,
      "numero_lot": "A1-03",
      "surface_lot": "100.00",
      "etage_lot": "1",
      "type_lot": "APPARTEMENT",
      "remarque_lot": "",
      "statut_lot": "EN_RETARD"
    }
  },
  {
    "model": "syndic.lot",
    "pk": 5,
    "fields": {
      "created_at": "2026-02-26T15:30:22.145Z",
      "updated_at": "2026-02-27T19:32:44.999Z",
      "residence": 1,
      "proprietaire": null,
      "montant_ref": "0.00",
      "occupant": null,
      "representant": null,
      "groupe": 2,
      "numero_lot": "A2-02",
      "surface_lot": "100.00",
      "etage_lot": "1",
      "type_lot": "VILLA",
      "remarque_lot": "",
      "statut_lot": "EN_RETARD"
    }
  },
  {
    "model": "syndic.lot",
    "pk": 6,
    "fields": {
      "created_at": "2026-02-26T15:30:36.986Z",
      "updated_at": "2026-02-27T21:56:01.582Z",
      "residence": 1,
      "proprietaire": 7,
      "montant_ref": "0.00",
      "occupant": 7,
      "representant": 6,
      "groupe": 1,
      "numero_lot": "A1-11",
      "surface_lot": "100.00",
      "etage_lot": "2",
      "type_lot": "VILLA",
      "remarque_lot": "",
      "statut_lot": "EN_RETARD"
    }
  },
  {
    "model": "syndic.lot",
    "pk": 7,
    "fields": {
      "created_at": "2026-02-26T15:30:43.958Z",
      "updated_at": "2026-02-27T21:01:53.612Z",
      "residence": 1,
      "proprietaire": null,
      "montant_ref": "0.00",
      "occupant": null,
      "representant": null,
      "groupe": 1,
      "numero_lot": "A1-13",
      "surface_lot": "100.00",
      "etage_lot": "2",
      "type_lot": "APPARTEMENT",
      "remarque_lot": "",
      "statut_lot": "A_JOUR"
    }
  },
  {
    "model": "syndic.lot",
    "pk": 8,
    "fields": {
      "created_at": "2026-02-26T15:30:50.815Z",
      "updated_at": "2026-02-27T21:57:44.828Z",
      "residence": 1,
      "proprietaire": 2,
      "montant_ref": "0.00",
      "occupant": 2,
      "representant": 1,
      "groupe": 1,
      "numero_lot": "A1-01",
      "surface_lot": "100.00",
      "etage_lot": "",
      "type_lot": "APPARTEMENT",
      "remarque_lot": "",
      "statut_lot": "A_JOUR"
    }
  },
  {
    "model": "syndic.lot",
    "pk": 9,
    "fields": {
      "created_at": "2026-02-26T15:31:16.107Z",
      "updated_at": "2026-02-27T19:27:27.849Z",
      "residence": 1,
      "proprietaire": null,
      "montant_ref": "0.00",
      "occupant": null,
      "representant": null,
      "groupe": 1,
      "numero_lot": "A1-12",
      "surface_lot": "100.00",
      "etage_lot": "",
      "type_lot": "VILLA",
      "remarque_lot": "",
      "statut_lot": "EN_RETARD"
    }
  },
  {
    "model": "syndic.lot",
    "pk": 10,
    "fields": {
      "created_at": "2026-02-26T15:31:23.050Z",
      "updated_at": "2026-03-02T15:44:03.910Z",
      "residence": 1,
      "proprietaire": null,
      "montant_ref": "0.00",
      "occupant": null,
      "representant": 7,
      "groupe": 2,
      "numero_lot": "A2-01",
      "surface_lot": "100.00",
      "etage_lot": "1",
      "type_lot": "VILLA",
      "remarque_lot": "",
      "statut_lot": "REFUS"
    }
  },
  {
    "model": "syndic.lot",
    "pk": 16,
    "fields": {
      "created_at": "2026-02-26T15:32:55.073Z",
      "updated_at": "2026-02-26T15:36:59.453Z",
      "residence": 4,
      "proprietaire": null,
      "montant_ref": "0.00",
      "occupant": null,
      "representant": null,
      "groupe": null,
      "numero_lot": "H1",
      "surface_lot": null,
      "etage_lot": "",
      "type_lot": "Appartement",
      "remarque_lot": "",
      "statut_lot": "Disponible"
    }
  },
  {
    "model": "syndic.lot",
    "pk": 17,
    "fields": {
      "created_at": "2026-02-26T15:33:04.699Z",
      "updated_at": "2026-02-26T15:36:50.856Z",
      "residence": 4,
      "proprietaire": null,
      "montant_ref": "0.00",
      "occupant": null,
      "representant": null,
      "groupe": null,
      "numero_lot": "H2",
      "surface_lot": null,
      "etage_lot": "",
      "type_lot": "Appartement",
      "remarque_lot": "",
      "statut_lot": "Disponible"
    }
  },
  {
    "model": "syndic.lot",
    "pk": 18,
    "fields": {
      "created_at": "2026-02-26T15:33:13.427Z",
      "updated_at": "2026-02-26T15:36:41.883Z",
      "residence": 4,
      "proprietaire": null,
      "montant_ref": "0.00",
      "occupant": null,
      "representant": null,
      "groupe": null,
      "numero_lot": "H3",
      "surface_lot": null,
      "etage_lot": "",
      "type_lot": "Appartement",
      "remarque_lot": "",
      "statut_lot": "Disponible"
    }
  },
  {
    "model": "syndic.lot",
    "pk": 19,
    "fields": {
      "created_at": "2026-02-26T15:33:22.119Z",
      "updated_at": "2026-02-26T15:36:32.130Z",
      "residence": 4,
      "proprietaire": null,
      "montant_ref": "0.00",
      "occupant": null,
      "representant": null,
      "groupe": null,
      "numero_lot": "H4",
      "surface_lot": null,
      "etage_lot": "",
      "type_lot": "Appartement",
      "remarque_lot": "",
      "statut_lot": "Disponible"
    }
  },
  {
    "model": "syndic.lot",
    "pk": 20,
    "fields": {
      "created_at": "2026-02-26T15:33:30.653Z",
      "updated_at": "2026-02-26T15:36:23.133Z",
      "residence": 4,
      "proprietaire": null,
      "montant_ref": "0.00",
      "occupant": null,
      "representant": null,
      "groupe": null,
      "numero_lot": "H5",
      "surface_lot": null,
      "etage_lot": "",
      "type_lot": "Appartement",
      "remarque_lot": "",
      "statut_lot": "Disponible"
    }
  },
  {
    "model": "syndic.lot",
    "pk": 21,
    "fields": {
      "created_at": "2026-02-26T15:33:40.718Z",
      "updated_at": "2026-02-26T15:35:49.528Z",
      "residence": 4,
      "proprietaire": null,
      "montant_ref": "0.00",
      "occupant": null,
      "representant": null,
      "groupe": null,
      "numero_lot": "H6",
      "surface_lot": null,
      "etage_lot": "",
      "type_lot": "Appartement",
      "remarque_lot": "",
      "statut_lot": "Disponible"
    }
  },
  {
    "model": "syndic.lot",
    "pk": 22,
    "fields": {
      "created_at": "2026-02-26T15:46:23.953Z",
      "updated_at": "2026-02-26T15:46:23.953Z",
      "residence": 4,
      "proprietaire": null,
      "montant_ref": "0.00",
      "occupant": null,
      "representant": null,
      "groupe": null,
      "numero_lot": "H7",
      "surface_lot": null,
      "etage_lot": "",
      "type_lot": "",
      "remarque_lot": "",
      "statut_lot": "Disponible"
    }
  },
  {
    "model": "syndic.lot",
    "pk": 23,
    "fields": {
      "created_at": "2026-02-26T15:50:37.079Z",
      "updated_at": "2026-02-28T16:43:37.430Z",
      "residence": 1,
      "proprietaire": null,
      "montant_ref": "0.00",
      "occupant": null,
      "representant": null,
      "groupe": 1,
      "numero_lot": "A1-14",
      "surface_lot": "85.50",
      "etage_lot": "1",
      "type_lot": "APPARTEMENT",
      "remarque_lot": "",
      "statut_lot": "REFUS"
    }
  },
  {
    "model": "syndic.lot",
    "pk": 25,
    "fields": {
      "created_at": "2026-02-26T19:54:02.879Z",
      "updated_at": "2026-02-27T19:39:18.901Z",
      "residence": 3,
      "proprietaire": null,
      "montant_ref": "0.00",
      "occupant": null,
      "representant": null,
      "groupe": null,
      "numero_lot": "H13",
      "surface_lot": "140.00",
      "etage_lot": "",
      "type_lot": "VILLA",
      "remarque_lot": "",
      "statut_lot": "EN_RETARD"
    }
  },
  {
    "model": "syndic.lot",
    "pk": 26,
    "fields": {
      "created_at": "2026-02-26T19:54:15.752Z",
      "updated_at": "2026-02-27T19:39:04.011Z",
      "residence": 3,
      "proprietaire": null,
      "montant_ref": "0.00",
      "occupant": null,
      "representant": null,
      "groupe": null,
      "numero_lot": "H12",
      "surface_lot": "95.00",
      "etage_lot": "",
      "type_lot": "VILLA",
      "remarque_lot": "",
      "statut_lot": "EN_RETARD"
    }
  },
  {
    "model": "syndic.lot",
    "pk": 27,
    "fields": {
      "created_at": "2026-02-26T19:54:39.445Z",
      "updated_at": "2026-02-27T19:33:14.561Z",
      "residence": 1,
      "proprietaire": null,
      "montant_ref": "0.00",
      "occupant": null,
      "representant": null,
      "groupe": 2,
      "numero_lot": "A2-03",
      "surface_lot": "200.00",
      "etage_lot": "1",
      "type_lot": "VILLA",
      "remarque_lot": "",
      "statut_lot": "EN_RETARD"
    }
  },
  {
    "model": "syndic.lot",
    "pk": 28,
    "fields": {
      "created_at": "2026-02-26T22:26:47.094Z",
      "updated_at": "2026-02-27T19:26:50.760Z",
      "residence": 1,
      "proprietaire": null,
      "montant_ref": "0.00",
      "occupant": null,
      "representant": null,
      "groupe": 1,
      "numero_lot": "A1-04",
      "surface_lot": "120.00",
      "etage_lot": "1",
      "type_lot": "APPARTEMENT",
      "remarque_lot": "",
      "statut_lot": "EN_RETARD"
    }
  },
  {
    "model": "syndic.lot",
    "pk": 30,
    "fields": {
      "created_at": "2026-02-27T11:22:17.514Z",
      "updated_at": "2026-03-03T20:24:05.970Z",
      "residence": 7,
      "proprietaire": null,
      "montant_ref": "0.00",
      "occupant": null,
      "representant": 50,
      "groupe": null,
      "numero_lot": "NW1",
      "surface_lot": "250.00",
      "etage_lot": "1",
      "type_lot": "APPARTEMENT",
      "remarque_lot": "",
      "statut_lot": "EN_RETARD"
    }
  },
  {
    "model": "syndic.lot",
    "pk": 31,
    "fields": {
      "created_at": "2026-02-27T11:23:15.613Z",
      "updated_at": "2026-02-27T22:34:29.694Z",
      "residence": 7,
      "proprietaire": null,
      "montant_ref": "0.00",
      "occupant": null,
      "representant": null,
      "groupe": null,
      "numero_lot": "NW3",
      "surface_lot": "230.00",
      "etage_lot": "1",
      "type_lot": "APPARTEMENT",
      "remarque_lot": "",
      "statut_lot": "A_JOUR"
    }
  },
  {
    "model": "syndic.lot",
    "pk": 32,
    "fields": {
      "created_at": "2026-02-27T11:25:16.960Z",
      "updated_at": "2026-02-27T22:33:56.562Z",
      "residence": 7,
      "proprietaire": null,
      "montant_ref": "0.00",
      "occupant": null,
      "representant": null,
      "groupe": null,
      "numero_lot": "NW2",
      "surface_lot": "220.00",
      "etage_lot": "1",
      "type_lot": "APPARTEMENT",
      "remarque_lot": "",
      "statut_lot": "A_JOUR"
    }
  },
  {
    "model": "syndic.lot",
    "pk": 33,
    "fields": {
      "created_at": "2026-02-27T11:40:52.862Z",
      "updated_at": "2026-02-27T11:40:52.862Z",
      "residence": 4,
      "proprietaire": null,
      "montant_ref": "0.00",
      "occupant": null,
      "representant": null,
      "groupe": null,
      "numero_lot": "A1",
      "surface_lot": "120.00",
      "etage_lot": "",
      "type_lot": "Appartement",
      "remarque_lot": "",
      "statut_lot": "A jour"
    }
  },
  {
    "model": "syndic.lot",
    "pk": 34,
    "fields": {
      "created_at": "2026-02-27T11:41:10.713Z",
      "updated_at": "2026-02-27T11:41:10.713Z",
      "residence": 4,
      "proprietaire": null,
      "montant_ref": "0.00",
      "occupant": null,
      "representant": null,
      "groupe": null,
      "numero_lot": "A2",
      "surface_lot": "100.00",
      "etage_lot": "",
      "type_lot": "Appartement",
      "remarque_lot": "",
      "statut_lot": "A jour"
    }
  },
  {
    "model": "syndic.lot",
    "pk": 35,
    "fields": {
      "created_at": "2026-02-27T11:41:21.632Z",
      "updated_at": "2026-02-27T11:41:26.391Z",
      "residence": 4,
      "proprietaire": null,
      "montant_ref": "0.00",
      "occupant": null,
      "representant": null,
      "groupe": null,
      "numero_lot": "A3",
      "surface_lot": "80.00",
      "etage_lot": "",
      "type_lot": "Appartement",
      "remarque_lot": "",
      "statut_lot": "En retard"
    }
  },
  {
    "model": "syndic.lot",
    "pk": 36,
    "fields": {
      "created_at": "2026-02-27T19:35:16.902Z",
      "updated_at": "2026-02-27T19:35:16.902Z",
      "residence": 1,
      "proprietaire": null,
      "montant_ref": "0.00",
      "occupant": null,
      "representant": null,
      "groupe": 2,
      "numero_lot": "A2-11",
      "surface_lot": "100.00",
      "etage_lot": "1",
      "type_lot": "APPARTEMENT",
      "remarque_lot": "",
      "statut_lot": "A_JOUR"
    }
  },
  {
    "model": "syndic.lot",
    "pk": 37,
    "fields": {
      "created_at": "2026-02-27T19:35:41.077Z",
      "updated_at": "2026-03-09T17:19:41.059Z",
      "residence": 1,
      "proprietaire": null,
      "montant_ref": "0.00",
      "occupant": null,
      "representant": 7,
      "groupe": 2,
      "numero_lot": "A2-12",
      "surface_lot": "100.00",
      "etage_lot": "",
      "type_lot": "APPARTEMENT",
      "remarque_lot": "",
      "statut_lot": "A_JOUR"
    }
  },
  {
    "model": "syndic.lot",
    "pk": 38,
    "fields": {
      "created_at": "2026-02-27T19:36:05.814Z",
      "updated_at": "2026-02-27T19:36:05.814Z",
      "residence": 1,
      "proprietaire": null,
      "montant_ref": "0.00",
      "occupant": null,
      "representant": null,
      "groupe": 2,
      "numero_lot": "A2-13",
      "surface_lot": "100.00",
      "etage_lot": "1",
      "type_lot": "APPARTEMENT",
      "remarque_lot": "",
      "statut_lot": "A_JOUR"
    }
  },
  {
    "model": "syndic.lot",
    "pk": 39,
    "fields": {
      "created_at": "2026-02-27T19:36:47.458Z",
      "updated_at": "2026-02-27T19:36:47.459Z",
      "residence": 1,
      "proprietaire": null,
      "montant_ref": "0.00",
      "occupant": null,
      "representant": null,
      "groupe": 2,
      "numero_lot": "A2-14",
      "surface_lot": "100.00",
      "etage_lot": "1",
      "type_lot": "APPARTEMENT",
      "remarque_lot": "",
      "statut_lot": "A_JOUR"
    }
  },
  {
    "model": "syndic.lot",
    "pk": 40,
    "fields": {
      "created_at": "2026-02-27T19:37:49.470Z",
      "updated_at": "2026-02-27T19:37:49.470Z",
      "residence": 1,
      "proprietaire": null,
      "montant_ref": "0.00",
      "occupant": null,
      "representant": null,
      "groupe": 4,
      "numero_lot": "A4-02",
      "surface_lot": "100.00",
      "etage_lot": "0",
      "type_lot": "APPARTEMENT",
      "remarque_lot": "",
      "statut_lot": "A_JOUR"
    }
  },
  {
    "model": "syndic.lot",
    "pk": 42,
    "fields": {
      "created_at": "2026-02-27T19:42:03.908Z",
      "updated_at": "2026-02-27T19:42:03.908Z",
      "residence": 1,
      "proprietaire": null,
      "montant_ref": "0.00",
      "occupant": null,
      "representant": null,
      "groupe": 3,
      "numero_lot": "A3-01",
      "surface_lot": "100.00",
      "etage_lot": "0",
      "type_lot": "APPARTEMENT",
      "remarque_lot": "",
      "statut_lot": "A_JOUR"
    }
  },
  {
    "model": "syndic.lot",
    "pk": 43,
    "fields": {
      "created_at": "2026-02-27T19:42:39.833Z",
      "updated_at": "2026-02-27T19:42:39.833Z",
      "residence": 1,
      "proprietaire": null,
      "montant_ref": "0.00",
      "occupant": null,
      "representant": null,
      "groupe": 4,
      "numero_lot": "A4-03",
      "surface_lot": "100.00",
      "etage_lot": "0",
      "type_lot": "APPARTEMENT",
      "remarque_lot": "",
      "statut_lot": "A_JOUR"
    }
  },
  {
    "model": "syndic.lot",
    "pk": 44,
    "fields": {
      "created_at": "2026-02-27T19:43:40.873Z",
      "updated_at": "2026-02-27T19:43:40.873Z",
      "residence": 1,
      "proprietaire": null,
      "montant_ref": "0.00",
      "occupant": null,
      "representant": null,
      "groupe": 4,
      "numero_lot": "A4-04",
      "surface_lot": "100.00",
      "etage_lot": "0",
      "type_lot": "APPARTEMENT",
      "remarque_lot": "",
      "statut_lot": "A_JOUR"
    }
  },
  {
    "model": "syndic.lot",
    "pk": 45,
    "fields": {
      "created_at": "2026-02-27T23:07:04.805Z",
      "updated_at": "2026-02-27T23:07:04.805Z",
      "residence": 1,
      "proprietaire": 6,
      "montant_ref": "0.00",
      "occupant": 6,
      "representant": 7,
      "groupe": 3,
      "numero_lot": "A3-02",
      "surface_lot": "100.00",
      "etage_lot": "0",
      "type_lot": "APPARTEMENT",
      "remarque_lot": "",
      "statut_lot": "A_JOUR"
    }
  },
  {
    "model": "syndic.lot",
    "pk": 46,
    "fields": {
      "created_at": "2026-02-28T15:30:55.473Z",
      "updated_at": "2026-02-28T15:40:05.752Z",
      "residence": 1,
      "proprietaire": null,
      "montant_ref": "0.00",
      "occupant": null,
      "representant": null,
      "groupe": 6,
      "numero_lot": "A5-05",
      "surface_lot": null,
      "etage_lot": "",
      "type_lot": "APPARTEMENT",
      "remarque_lot": "",
      "statut_lot": "A_JOUR"
    }
  },
  {
    "model": "syndic.lot",
    "pk": 47,
    "fields": {
      "created_at": "2026-02-28T15:31:37.432Z",
      "updated_at": "2026-02-28T15:31:37.433Z",
      "residence": 1,
      "proprietaire": 3,
      "montant_ref": "0.00",
      "occupant": 6,
      "representant": 7,
      "groupe": 6,
      "numero_lot": "A5-06",
      "surface_lot": "200.00",
      "etage_lot": "2",
      "type_lot": "APPARTEMENT",
      "remarque_lot": "",
      "statut_lot": "A_JOUR"
    }
  },
  {
    "model": "syndic.lot",
    "pk": 49,
    "fields": {
      "created_at": "2026-02-28T16:10:44.083Z",
      "updated_at": "2026-02-28T16:10:44.083Z",
      "residence": 1,
      "proprietaire": null,
      "montant_ref": "0.00",
      "occupant": null,
      "representant": null,
      "groupe": 6,
      "numero_lot": "A6-01",
      "surface_lot": "100.00",
      "etage_lot": "1",
      "type_lot": "APPARTEMENT",
      "remarque_lot": "",
      "statut_lot": "A_JOUR"
    }
  },
  {
    "model": "syndic.lot",
    "pk": 50,
    "fields": {
      "created_at": "2026-02-28T17:14:18.705Z",
      "updated_at": "2026-03-04T00:08:04.594Z",
      "residence": 11,
      "proprietaire": null,
      "montant_ref": "200.00",
      "occupant": null,
      "representant": 11,
      "groupe": 17,
      "numero_lot": "11",
      "surface_lot": "120.00",
      "etage_lot": "1",
      "type_lot": "APPARTEMENT",
      "remarque_lot": "",
      "statut_lot": "A_JOUR"
    }
  },
  {
    "model": "syndic.lot",
    "pk": 51,
    "fields": {
      "created_at": "2026-02-28T17:14:39.369Z",
      "updated_at": "2026-03-04T00:08:11.683Z",
      "residence": 11,
      "proprietaire": null,
      "montant_ref": "200.00",
      "occupant": null,
      "representant": 33,
      "groupe": 17,
      "numero_lot": "12",
      "surface_lot": "120.00",
      "etage_lot": "1",
      "type_lot": "APPARTEMENT",
      "remarque_lot": "",
      "statut_lot": "A_JOUR"
    }
  },
  {
    "model": "syndic.lot",
    "pk": 52,
    "fields": {
      "created_at": "2026-02-28T17:16:23.783Z",
      "updated_at": "2026-03-04T00:08:45.608Z",
      "residence": 11,
      "proprietaire": null,
      "montant_ref": "200.00",
      "occupant": null,
      "representant": 24,
      "groupe": 19,
      "numero_lot": "21",
      "surface_lot": null,
      "etage_lot": "",
      "type_lot": "APPARTEMENT",
      "remarque_lot": "",
      "statut_lot": "A_JOUR"
    }
  },
  {
    "model": "syndic.lot",
    "pk": 53,
    "fields": {
      "created_at": "2026-02-28T17:16:32.686Z",
      "updated_at": "2026-03-04T00:08:51.408Z",
      "residence": 11,
      "proprietaire": null,
      "montant_ref": "200.00",
      "occupant": null,
      "representant": 20,
      "groupe": 19,
      "numero_lot": "22",
      "surface_lot": null,
      "etage_lot": "",
      "type_lot": "APPARTEMENT",
      "remarque_lot": "",
      "statut_lot": "A_JOUR"
    }
  },
  {
    "model": "syndic.lot",
    "pk": 54,
    "fields": {
      "created_at": "2026-02-28T17:16:42.792Z",
      "updated_at": "2026-03-04T00:08:59.696Z",
      "residence": 11,
      "proprietaire": null,
      "montant_ref": "200.00",
      "occupant": null,
      "representant": 14,
      "groupe": 19,
      "numero_lot": "23",
      "surface_lot": null,
      "etage_lot": "",
      "type_lot": "APPARTEMENT",
      "remarque_lot": "",
      "statut_lot": "A_JOUR"
    }
  },
  {
    "model": "syndic.lot",
    "pk": 55,
    "fields": {
      "created_at": "2026-02-28T17:16:58.889Z",
      "updated_at": "2026-03-04T00:09:06.901Z",
      "residence": 11,
      "proprietaire": null,
      "montant_ref": "200.00",
      "occupant": null,
      "representant": 25,
      "groupe": 19,
      "numero_lot": "24",
      "surface_lot": null,
      "etage_lot": "",
      "type_lot": "APPARTEMENT",
      "remarque_lot": "",
      "statut_lot": "A_JOUR"
    }
  },
  {
    "model": "syndic.lot",
    "pk": 56,
    "fields": {
      "created_at": "2026-02-28T17:17:14.386Z",
      "updated_at": "2026-03-04T00:08:18.188Z",
      "residence": 11,
      "proprietaire": null,
      "montant_ref": "200.00",
      "occupant": null,
      "representant": 32,
      "groupe": 17,
      "numero_lot": "13",
      "surface_lot": null,
      "etage_lot": "",
      "type_lot": "APPARTEMENT",
      "remarque_lot": "",
      "statut_lot": "A_JOUR"
    }
  },
  {
    "model": "syndic.lot",
    "pk": 57,
    "fields": {
      "created_at": "2026-02-28T17:17:23.256Z",
      "updated_at": "2026-03-04T00:08:25.086Z",
      "residence": 11,
      "proprietaire": null,
      "montant_ref": "200.00",
      "occupant": null,
      "representant": 34,
      "groupe": 17,
      "numero_lot": "14",
      "surface_lot": null,
      "etage_lot": "",
      "type_lot": "APPARTEMENT",
      "remarque_lot": "",
      "statut_lot": "A_JOUR"
    }
  },
  {
    "model": "syndic.lot",
    "pk": 58,
    "fields": {
      "created_at": "2026-02-28T17:17:37.330Z",
      "updated_at": "2026-03-04T00:09:48.321Z",
      "residence": 11,
      "proprietaire": null,
      "montant_ref": "200.00",
      "occupant": null,
      "representant": 35,
      "groupe": 17,
      "numero_lot": "15",
      "surface_lot": null,
      "etage_lot": "",
      "type_lot": "APPARTEMENT",
      "remarque_lot": "",
      "statut_lot": "A_JOUR"
    }
  },
  {
    "model": "syndic.lot",
    "pk": 59,
    "fields": {
      "created_at": "2026-02-28T17:17:50.689Z",
      "updated_at": "2026-03-04T00:08:31.202Z",
      "residence": 11,
      "proprietaire": null,
      "montant_ref": "200.00",
      "occupant": null,
      "representant": 23,
      "groupe": 18,
      "numero_lot": "16",
      "surface_lot": null,
      "etage_lot": "",
      "type_lot": "APPARTEMENT",
      "remarque_lot": "",
      "statut_lot": "A_JOUR"
    }
  },
  {
    "model": "syndic.lot",
    "pk": 60,
    "fields": {
      "created_at": "2026-02-28T17:18:22.969Z",
      "updated_at": "2026-03-04T00:08:39.096Z",
      "residence": 11,
      "proprietaire": null,
      "montant_ref": "200.00",
      "occupant": null,
      "representant": 13,
      "groupe": 18,
      "numero_lot": "17",
      "surface_lot": null,
      "etage_lot": "",
      "type_lot": "APPARTEMENT",
      "remarque_lot": "",
      "statut_lot": "A_JOUR"
    }
  },
  {
    "model": "syndic.lot",
    "pk": 61,
    "fields": {
      "created_at": "2026-02-28T17:18:43.658Z",
      "updated_at": "2026-03-04T00:09:15.354Z",
      "residence": 11,
      "proprietaire": null,
      "montant_ref": "200.00",
      "occupant": null,
      "representant": 12,
      "groupe": 18,
      "numero_lot": "18",
      "surface_lot": null,
      "etage_lot": "",
      "type_lot": "APPARTEMENT",
      "remarque_lot": "",
      "statut_lot": "A_JOUR"
    }
  },
  {
    "model": "syndic.lot",
    "pk": 62,
    "fields": {
      "created_at": "2026-02-28T17:19:03.014Z",
      "updated_at": "2026-03-04T00:09:22.533Z",
      "residence": 11,
      "proprietaire": null,
      "montant_ref": "200.00",
      "occupant": null,
      "representant": 22,
      "groupe": 18,
      "numero_lot": "19",
      "surface_lot": null,
      "etage_lot": "",
      "type_lot": "APPARTEMENT",
      "remarque_lot": "",
      "statut_lot": "A_JOUR"
    }
  },
  {
    "model": "syndic.lot",
    "pk": 63,
    "fields": {
      "created_at": "2026-02-28T17:19:12.163Z",
      "updated_at": "2026-03-04T00:09:39.825Z",
      "residence": 11,
      "proprietaire": null,
      "montant_ref": "200.00",
      "occupant": null,
      "representant": 36,
      "groupe": 18,
      "numero_lot": "20",
      "surface_lot": null,
      "etage_lot": "",
      "type_lot": "APPARTEMENT",
      "remarque_lot": "",
      "statut_lot": "A_JOUR"
    }
  },
  {
    "model": "syndic.lot",
    "pk": 64,
    "fields": {
      "created_at": "2026-02-28T17:19:21.763Z",
      "updated_at": "2026-03-04T00:09:30.494Z",
      "residence": 11,
      "proprietaire": null,
      "montant_ref": "200.00",
      "occupant": null,
      "representant": 37,
      "groupe": 19,
      "numero_lot": "25",
      "surface_lot": null,
      "etage_lot": "",
      "type_lot": "APPARTEMENT",
      "remarque_lot": "",
      "statut_lot": "A_JOUR"
    }
  },
  {
    "model": "syndic.lot",
    "pk": 65,
    "fields": {
      "created_at": "2026-02-28T17:19:35.256Z",
      "updated_at": "2026-03-04T00:09:57.714Z",
      "residence": 11,
      "proprietaire": null,
      "montant_ref": "200.00",
      "occupant": null,
      "representant": 38,
      "groupe": 20,
      "numero_lot": "26",
      "surface_lot": null,
      "etage_lot": "",
      "type_lot": "APPARTEMENT",
      "remarque_lot": "",
      "statut_lot": "A_JOUR"
    }
  },
  {
    "model": "syndic.lot",
    "pk": 66,
    "fields": {
      "created_at": "2026-02-28T17:19:46.024Z",
      "updated_at": "2026-03-04T00:10:06.836Z",
      "residence": 11,
      "proprietaire": null,
      "montant_ref": "200.00",
      "occupant": null,
      "representant": 21,
      "groupe": 20,
      "numero_lot": "27",
      "surface_lot": null,
      "etage_lot": "",
      "type_lot": "APPARTEMENT",
      "remarque_lot": "",
      "statut_lot": "A_JOUR"
    }
  },
  {
    "model": "syndic.lot",
    "pk": 67,
    "fields": {
      "created_at": "2026-02-28T17:20:00.669Z",
      "updated_at": "2026-03-04T00:10:16.863Z",
      "residence": 11,
      "proprietaire": null,
      "montant_ref": "200.00",
      "occupant": null,
      "representant": 9,
      "groupe": 20,
      "numero_lot": "28",
      "surface_lot": null,
      "etage_lot": "",
      "type_lot": "APPARTEMENT",
      "remarque_lot": "",
      "statut_lot": "A_JOUR"
    }
  },
  {
    "model": "syndic.lot",
    "pk": 68,
    "fields": {
      "created_at": "2026-02-28T17:20:12.800Z",
      "updated_at": "2026-03-04T00:10:24.975Z",
      "residence": 11,
      "proprietaire": null,
      "montant_ref": "200.00",
      "occupant": null,
      "representant": 16,
      "groupe": 20,
      "numero_lot": "29",
      "surface_lot": null,
      "etage_lot": "",
      "type_lot": "APPARTEMENT",
      "remarque_lot": "",
      "statut_lot": "A_JOUR"
    }
  },
  {
    "model": "syndic.lot",
    "pk": 69,
    "fields": {
      "created_at": "2026-02-28T17:20:21.652Z",
      "updated_at": "2026-03-04T00:10:34.379Z",
      "residence": 11,
      "proprietaire": null,
      "montant_ref": "200.00",
      "occupant": null,
      "representant": 16,
      "groupe": 20,
      "numero_lot": "30",
      "surface_lot": null,
      "etage_lot": "",
      "type_lot": "APPARTEMENT",
      "remarque_lot": "",
      "statut_lot": "A_JOUR"
    }
  },
  {
    "model": "syndic.lot",
    "pk": 70,
    "fields": {
      "created_at": "2026-02-28T17:20:40.417Z",
      "updated_at": "2026-03-04T00:10:42.133Z",
      "residence": 11,
      "proprietaire": null,
      "montant_ref": "200.00",
      "occupant": null,
      "representant": 17,
      "groupe": 21,
      "numero_lot": "31",
      "surface_lot": null,
      "etage_lot": "",
      "type_lot": "APPARTEMENT",
      "remarque_lot": "",
      "statut_lot": "A_JOUR"
    }
  },
  {
    "model": "syndic.lot",
    "pk": 71,
    "fields": {
      "created_at": "2026-02-28T17:21:15.957Z",
      "updated_at": "2026-03-04T00:10:49.936Z",
      "residence": 11,
      "proprietaire": null,
      "montant_ref": "200.00",
      "occupant": null,
      "representant": 18,
      "groupe": 21,
      "numero_lot": "32",
      "surface_lot": null,
      "etage_lot": "",
      "type_lot": "APPARTEMENT",
      "remarque_lot": "",
      "statut_lot": "A_JOUR"
    }
  },
  {
    "model": "syndic.lot",
    "pk": 72,
    "fields": {
      "created_at": "2026-02-28T17:21:27.337Z",
      "updated_at": "2026-03-04T00:10:57.090Z",
      "residence": 11,
      "proprietaire": null,
      "montant_ref": "200.00",
      "occupant": null,
      "representant": 19,
      "groupe": 21,
      "numero_lot": "33",
      "surface_lot": null,
      "etage_lot": "",
      "type_lot": "APPARTEMENT",
      "remarque_lot": "",
      "statut_lot": "A_JOUR"
    }
  },
  {
    "model": "syndic.lot",
    "pk": 73,
    "fields": {
      "created_at": "2026-02-28T17:21:42.042Z",
      "updated_at": "2026-03-04T00:11:04.771Z",
      "residence": 11,
      "proprietaire": null,
      "montant_ref": "200.00",
      "occupant": null,
      "representant": 17,
      "groupe": 21,
      "numero_lot": "34",
      "surface_lot": null,
      "etage_lot": "",
      "type_lot": "APPARTEMENT",
      "remarque_lot": "",
      "statut_lot": "A_JOUR"
    }
  },
  {
    "model": "syndic.lot",
    "pk": 76,
    "fields": {
      "created_at": "2026-02-28T20:06:55.383Z",
      "updated_at": "2026-02-28T20:06:55.383Z",
      "residence": 1,
      "proprietaire": 7,
      "montant_ref": "0.00",
      "occupant": 7,
      "representant": 7,
      "groupe": 3,
      "numero_lot": "A3-05",
      "surface_lot": null,
      "etage_lot": "",
      "type_lot": "APPARTEMENT",
      "remarque_lot": "",
      "statut_lot": "A_JOUR"
    }
  },
  {
    "model": "syndic.lot",
    "pk": 77,
    "fields": {
      "created_at": "2026-03-02T10:14:18.075Z",
      "updated_at": "2026-03-04T00:11:13.140Z",
      "residence": 11,
      "proprietaire": null,
      "montant_ref": "200.00",
      "occupant": null,
      "representant": 39,
      "groupe": 21,
      "numero_lot": "35",
      "surface_lot": null,
      "etage_lot": "5",
      "type_lot": "APPARTEMENT",
      "remarque_lot": "",
      "statut_lot": "A_JOUR"
    }
  },
  {
    "model": "syndic.lot",
    "pk": 78,
    "fields": {
      "created_at": "2026-03-02T16:01:52.189Z",
      "updated_at": "2026-03-03T19:38:23.407Z",
      "residence": 12,
      "proprietaire": null,
      "montant_ref": "650.00",
      "occupant": null,
      "representant": 48,
      "groupe": 22,
      "numero_lot": "A8",
      "surface_lot": null,
      "etage_lot": "",
      "type_lot": "APPARTEMENT",
      "remarque_lot": "",
      "statut_lot": "A_JOUR"
    }
  },
  {
    "model": "syndic.lot",
    "pk": 79,
    "fields": {
      "created_at": "2026-03-02T16:06:10.540Z",
      "updated_at": "2026-03-03T19:37:57.474Z",
      "residence": 12,
      "proprietaire": null,
      "montant_ref": "600.00",
      "occupant": null,
      "representant": 47,
      "groupe": 23,
      "numero_lot": "A-15",
      "surface_lot": "500.00",
      "etage_lot": "",
      "type_lot": "APPARTEMENT",
      "remarque_lot": "",
      "statut_lot": "A_JOUR"
    }
  },
  {
    "model": "syndic.lot",
    "pk": 80,
    "fields": {
      "created_at": "2026-03-02T16:07:52.332Z",
      "updated_at": "2026-03-03T19:38:16.331Z",
      "residence": 12,
      "proprietaire": null,
      "montant_ref": "700.00",
      "occupant": null,
      "representant": 49,
      "groupe": 22,
      "numero_lot": "A04-01",
      "surface_lot": null,
      "etage_lot": "",
      "type_lot": "APPARTEMENT",
      "remarque_lot": "",
      "statut_lot": "A_JOUR"
    }
  },
  {
    "model": "syndic.lot",
    "pk": 81,
    "fields": {
      "created_at": "2026-03-02T16:21:35.633Z",
      "updated_at": "2026-03-02T16:21:35.633Z",
      "residence": 10,
      "proprietaire": null,
      "montant_ref": "110.00",
      "occupant": null,
      "representant": null,
      "groupe": 24,
      "numero_lot": "K10",
      "surface_lot": null,
      "etage_lot": "",
      "type_lot": "APPARTEMENT",
      "remarque_lot": "",
      "statut_lot": "A_JOUR"
    }
  },
  {
    "model": "syndic.lot",
    "pk": 82,
    "fields": {
      "created_at": "2026-03-02T16:21:54.087Z",
      "updated_at": "2026-03-02T16:21:54.087Z",
      "residence": 10,
      "proprietaire": null,
      "montant_ref": "120.00",
      "occupant": null,
      "representant": null,
      "groupe": 24,
      "numero_lot": "K20",
      "surface_lot": null,
      "etage_lot": "",
      "type_lot": "APPARTEMENT",
      "remarque_lot": "",
      "statut_lot": "A_JOUR"
    }
  },
  {
    "model": "syndic.lot",
    "pk": 83,
    "fields": {
      "created_at": "2026-03-02T16:22:14.781Z",
      "updated_at": "2026-03-02T16:22:14.781Z",
      "residence": 10,
      "proprietaire": null,
      "montant_ref": "130.00",
      "occupant": null,
      "representant": null,
      "groupe": 25,
      "numero_lot": "K30",
      "surface_lot": null,
      "etage_lot": "",
      "type_lot": "APPARTEMENT",
      "remarque_lot": "",
      "statut_lot": "A_JOUR"
    }
  },
  {
    "model": "syndic.lot",
    "pk": 84,
    "fields": {
      "created_at": "2026-03-02T16:22:33.094Z",
      "updated_at": "2026-03-02T16:22:33.094Z",
      "residence": 10,
      "proprietaire": null,
      "montant_ref": "140.00",
      "occupant": null,
      "representant": null,
      "groupe": 25,
      "numero_lot": "K40",
      "surface_lot": null,
      "etage_lot": "",
      "type_lot": "APPARTEMENT",
      "remarque_lot": "",
      "statut_lot": "A_JOUR"
    }
  },
  {
    "model": "syndic.lot",
    "pk": 85,
    "fields": {
      "created_at": "2026-03-02T16:57:19.378Z",
      "updated_at": "2026-03-02T17:02:37.303Z",
      "residence": 2,
      "proprietaire": null,
      "montant_ref": "7500.00",
      "occupant": null,
      "representant": 42,
      "groupe": 27,
      "numero_lot": "A01-01",
      "surface_lot": null,
      "etage_lot": "",
      "type_lot": "APPARTEMENT",
      "remarque_lot": "",
      "statut_lot": "A_JOUR"
    }
  },
  {
    "model": "syndic.lot",
    "pk": 86,
    "fields": {
      "created_at": "2026-03-02T16:57:50.160Z",
      "updated_at": "2026-03-02T17:02:43.975Z",
      "residence": 2,
      "proprietaire": null,
      "montant_ref": "7500.00",
      "occupant": null,
      "representant": 43,
      "groupe": 27,
      "numero_lot": "A01-02",
      "surface_lot": null,
      "etage_lot": "",
      "type_lot": "APPARTEMENT",
      "remarque_lot": "",
      "statut_lot": "A_JOUR"
    }
  },
  {
    "model": "syndic.lot",
    "pk": 87,
    "fields": {
      "created_at": "2026-03-02T16:59:27.932Z",
      "updated_at": "2026-03-02T17:02:57.786Z",
      "residence": 2,
      "proprietaire": null,
      "montant_ref": "7500.00",
      "occupant": null,
      "representant": 45,
      "groupe": 27,
      "numero_lot": "A03",
      "surface_lot": null,
      "etage_lot": "",
      "type_lot": "APPARTEMENT",
      "remarque_lot": "",
      "statut_lot": "A_JOUR"
    }
  },
  {
    "model": "syndic.lot",
    "pk": 88,
    "fields": {
      "created_at": "2026-03-02T17:00:05.527Z",
      "updated_at": "2026-03-02T17:02:50.344Z",
      "residence": 2,
      "proprietaire": null,
      "montant_ref": "7500.00",
      "occupant": null,
      "representant": 44,
      "groupe": 27,
      "numero_lot": "A01-04",
      "surface_lot": null,
      "etage_lot": "",
      "type_lot": "APPARTEMENT",
      "remarque_lot": "",
      "statut_lot": "A_JOUR"
    }
  },
  {
    "model": "syndic.lot",
    "pk": 89,
    "fields": {
      "created_at": "2026-03-04T23:19:13.985Z",
      "updated_at": "2026-03-11T20:53:03.763Z",
      "residence": 14,
      "proprietaire": null,
      "montant_ref": "250.00",
      "occupant": null,
      "representant": 51,
      "groupe": 43,
      "numero_lot": "01",
      "surface_lot": null,
      "etage_lot": "",
      "type_lot": "APPARTEMENT",
      "remarque_lot": "",
      "statut_lot": "A_JOUR"
    }
  },
  {
    "model": "syndic.lot",
    "pk": 90,
    "fields": {
      "created_at": "2026-03-04T23:19:25.710Z",
      "updated_at": "2026-03-11T13:39:42.238Z",
      "residence": 14,
      "proprietaire": null,
      "montant_ref": "250.00",
      "occupant": null,
      "representant": 52,
      "groupe": 43,
      "numero_lot": "02",
      "surface_lot": null,
      "etage_lot": "",
      "type_lot": "APPARTEMENT",
      "remarque_lot": "",
      "statut_lot": "A_JOUR"
    }
  },
  {
    "model": "syndic.lot",
    "pk": 91,
    "fields": {
      "created_at": "2026-03-04T23:19:41.871Z",
      "updated_at": "2026-03-12T21:04:47.048Z",
      "residence": 14,
      "proprietaire": null,
      "montant_ref": "250.00",
      "occupant": null,
      "representant": 90,
      "groupe": 43,
      "numero_lot": "03",
      "surface_lot": null,
      "etage_lot": "",
      "type_lot": "APPARTEMENT",
      "remarque_lot": "",
      "statut_lot": "A_JOUR"
    }
  },
  {
    "model": "syndic.lot",
    "pk": 92,
    "fields": {
      "created_at": "2026-03-04T23:19:55.040Z",
      "updated_at": "2026-03-11T13:39:56.384Z",
      "residence": 14,
      "proprietaire": null,
      "montant_ref": "250.00",
      "occupant": null,
      "representant": 54,
      "groupe": 44,
      "numero_lot": "04",
      "surface_lot": null,
      "etage_lot": "",
      "type_lot": "APPARTEMENT",
      "remarque_lot": "",
      "statut_lot": "A_JOUR"
    }
  },
  {
    "model": "syndic.lot",
    "pk": 93,
    "fields": {
      "created_at": "2026-03-04T23:20:21.456Z",
      "updated_at": "2026-03-11T13:40:01.662Z",
      "residence": 14,
      "proprietaire": null,
      "montant_ref": "250.00",
      "occupant": null,
      "representant": 55,
      "groupe": 44,
      "numero_lot": "05",
      "surface_lot": null,
      "etage_lot": "",
      "type_lot": "APPARTEMENT",
      "remarque_lot": "",
      "statut_lot": "A_JOUR"
    }
  },
  {
    "model": "syndic.lot",
    "pk": 94,
    "fields": {
      "created_at": "2026-03-04T23:20:36.833Z",
      "updated_at": "2026-03-11T13:40:06.147Z",
      "residence": 14,
      "proprietaire": null,
      "montant_ref": "250.00",
      "occupant": null,
      "representant": 56,
      "groupe": 44,
      "numero_lot": "06",
      "surface_lot": null,
      "etage_lot": "",
      "type_lot": "APPARTEMENT",
      "remarque_lot": "",
      "statut_lot": "A_JOUR"
    }
  },
  {
    "model": "syndic.lot",
    "pk": 95,
    "fields": {
      "created_at": "2026-03-04T23:20:58.635Z",
      "updated_at": "2026-03-11T13:40:11.221Z",
      "residence": 14,
      "proprietaire": null,
      "montant_ref": "250.00",
      "occupant": null,
      "representant": 57,
      "groupe": 45,
      "numero_lot": "07",
      "surface_lot": null,
      "etage_lot": "",
      "type_lot": "APPARTEMENT",
      "remarque_lot": "",
      "statut_lot": "A_JOUR"
    }
  },
  {
    "model": "syndic.lot",
    "pk": 96,
    "fields": {
      "created_at": "2026-03-04T23:21:27.066Z",
      "updated_at": "2026-03-11T13:40:16.276Z",
      "residence": 14,
      "proprietaire": null,
      "montant_ref": "250.00",
      "occupant": null,
      "representant": 58,
      "groupe": 45,
      "numero_lot": "08",
      "surface_lot": null,
      "etage_lot": "",
      "type_lot": "APPARTEMENT",
      "remarque_lot": "",
      "statut_lot": "A_JOUR"
    }
  },
  {
    "model": "syndic.lot",
    "pk": 97,
    "fields": {
      "created_at": "2026-03-04T23:22:07.119Z",
      "updated_at": "2026-03-04T23:23:30.957Z",
      "residence": 14,
      "proprietaire": null,
      "montant_ref": "250.00",
      "occupant": null,
      "representant": 59,
      "groupe": 45,
      "numero_lot": "09",
      "surface_lot": null,
      "etage_lot": "",
      "type_lot": "APPARTEMENT",
      "remarque_lot": "",
      "statut_lot": "A_JOUR"
    }
  },
  {
    "model": "syndic.lot",
    "pk": 101,
    "fields": {
      "created_at": "2026-03-06T15:35:13.974Z",
      "updated_at": "2026-03-07T14:49:17.579Z",
      "residence": 12,
      "proprietaire": null,
      "montant_ref": "7000.00",
      "occupant": null,
      "representant": null,
      "groupe": 23,
      "numero_lot": "1",
      "surface_lot": "500.00",
      "etage_lot": "",
      "type_lot": "APPARTEMENT",
      "remarque_lot": "",
      "statut_lot": "A_JOUR"
    }
  },
  {
    "model": "syndic.lot",
    "pk": 102,
    "fields": {
      "created_at": "2026-03-06T15:35:14.028Z",
      "updated_at": "2026-03-06T15:35:14.028Z",
      "residence": 12,
      "proprietaire": null,
      "montant_ref": "7000.00",
      "occupant": null,
      "representant": null,
      "groupe": 22,
      "numero_lot": "2",
      "surface_lot": "500.00",
      "etage_lot": "",
      "type_lot": "APPARTEMENT",
      "remarque_lot": "",
      "statut_lot": "A_JOUR"
    }
  },
  {
    "model": "syndic.lot",
    "pk": 103,
    "fields": {
      "created_at": "2026-03-06T15:35:14.032Z",
      "updated_at": "2026-03-06T15:35:14.032Z",
      "residence": 12,
      "proprietaire": null,
      "montant_ref": "7000.00",
      "occupant": null,
      "representant": null,
      "groupe": 22,
      "numero_lot": "3",
      "surface_lot": "500.00",
      "etage_lot": "",
      "type_lot": "APPARTEMENT",
      "remarque_lot": "",
      "statut_lot": "A_JOUR"
    }
  },
  {
    "model": "syndic.lot",
    "pk": 104,
    "fields": {
      "created_at": "2026-03-06T15:35:14.036Z",
      "updated_at": "2026-03-06T15:35:14.036Z",
      "residence": 12,
      "proprietaire": null,
      "montant_ref": "7000.00",
      "occupant": null,
      "representant": null,
      "groupe": 22,
      "numero_lot": "4",
      "surface_lot": "500.00",
      "etage_lot": "",
      "type_lot": "APPARTEMENT",
      "remarque_lot": "",
      "statut_lot": "A_JOUR"
    }
  },
  {
    "model": "syndic.lot",
    "pk": 105,
    "fields": {
      "created_at": "2026-03-06T15:35:14.039Z",
      "updated_at": "2026-03-06T15:35:14.039Z",
      "residence": 12,
      "proprietaire": null,
      "montant_ref": "7000.00",
      "occupant": null,
      "representant": null,
      "groupe": 22,
      "numero_lot": "5",
      "surface_lot": "500.00",
      "etage_lot": "",
      "type_lot": "APPARTEMENT",
      "remarque_lot": "",
      "statut_lot": "A_JOUR"
    }
  },
  {
    "model": "syndic.lot",
    "pk": 106,
    "fields": {
      "created_at": "2026-03-06T15:35:14.042Z",
      "updated_at": "2026-03-06T15:35:14.043Z",
      "residence": 12,
      "proprietaire": null,
      "montant_ref": "7000.00",
      "occupant": null,
      "representant": null,
      "groupe": 22,
      "numero_lot": "6",
      "surface_lot": "500.00",
      "etage_lot": "",
      "type_lot": "APPARTEMENT",
      "remarque_lot": "",
      "statut_lot": "A_JOUR"
    }
  },
  {
    "model": "syndic.lot",
    "pk": 107,
    "fields": {
      "created_at": "2026-03-06T15:35:14.046Z",
      "updated_at": "2026-03-06T15:35:14.046Z",
      "residence": 12,
      "proprietaire": null,
      "montant_ref": "7000.00",
      "occupant": null,
      "representant": null,
      "groupe": 22,
      "numero_lot": "7",
      "surface_lot": "500.00",
      "etage_lot": "",
      "type_lot": "APPARTEMENT",
      "remarque_lot": "",
      "statut_lot": "A_JOUR"
    }
  },
  {
    "model": "syndic.lot",
    "pk": 108,
    "fields": {
      "created_at": "2026-03-06T15:35:14.049Z",
      "updated_at": "2026-03-06T15:35:14.049Z",
      "residence": 12,
      "proprietaire": null,
      "montant_ref": "7000.00",
      "occupant": null,
      "representant": null,
      "groupe": 22,
      "numero_lot": "8",
      "surface_lot": "500.00",
      "etage_lot": "",
      "type_lot": "APPARTEMENT",
      "remarque_lot": "",
      "statut_lot": "A_JOUR"
    }
  },
  {
    "model": "syndic.lot",
    "pk": 109,
    "fields": {
      "created_at": "2026-03-06T15:35:14.053Z",
      "updated_at": "2026-03-06T15:35:14.053Z",
      "residence": 12,
      "proprietaire": null,
      "montant_ref": "7000.00",
      "occupant": null,
      "representant": null,
      "groupe": 22,
      "numero_lot": "9",
      "surface_lot": "500.00",
      "etage_lot": "",
      "type_lot": "APPARTEMENT",
      "remarque_lot": "",
      "statut_lot": "A_JOUR"
    }
  },
  {
    "model": "syndic.lot",
    "pk": 110,
    "fields": {
      "created_at": "2026-03-06T15:35:14.056Z",
      "updated_at": "2026-03-06T15:35:14.056Z",
      "residence": 12,
      "proprietaire": null,
      "montant_ref": "7000.00",
      "occupant": null,
      "representant": null,
      "groupe": 22,
      "numero_lot": "10",
      "surface_lot": "500.00",
      "etage_lot": "",
      "type_lot": "APPARTEMENT",
      "remarque_lot": "",
      "statut_lot": "A_JOUR"
    }
  },
  {
    "model": "syndic.lot",
    "pk": 111,
    "fields": {
      "created_at": "2026-03-06T15:35:14.059Z",
      "updated_at": "2026-03-06T15:35:14.059Z",
      "residence": 12,
      "proprietaire": null,
      "montant_ref": "7000.00",
      "occupant": null,
      "representant": null,
      "groupe": 22,
      "numero_lot": "11",
      "surface_lot": "500.00",
      "etage_lot": "",
      "type_lot": "APPARTEMENT",
      "remarque_lot": "",
      "statut_lot": "A_JOUR"
    }
  },
  {
    "model": "syndic.lot",
    "pk": 112,
    "fields": {
      "created_at": "2026-03-06T15:35:14.062Z",
      "updated_at": "2026-03-06T15:35:14.062Z",
      "residence": 12,
      "proprietaire": null,
      "montant_ref": "7000.00",
      "occupant": null,
      "representant": null,
      "groupe": 22,
      "numero_lot": "12",
      "surface_lot": "500.00",
      "etage_lot": "",
      "type_lot": "APPARTEMENT",
      "remarque_lot": "",
      "statut_lot": "A_JOUR"
    }
  },
  {
    "model": "syndic.lot",
    "pk": 113,
    "fields": {
      "created_at": "2026-03-06T15:35:14.065Z",
      "updated_at": "2026-03-06T15:35:14.065Z",
      "residence": 12,
      "proprietaire": null,
      "montant_ref": "7000.00",
      "occupant": null,
      "representant": null,
      "groupe": 22,
      "numero_lot": "13",
      "surface_lot": "500.00",
      "etage_lot": "",
      "type_lot": "APPARTEMENT",
      "remarque_lot": "",
      "statut_lot": "A_JOUR"
    }
  },
  {
    "model": "syndic.lot",
    "pk": 114,
    "fields": {
      "created_at": "2026-03-06T15:35:14.068Z",
      "updated_at": "2026-03-06T15:35:14.069Z",
      "residence": 12,
      "proprietaire": null,
      "montant_ref": "7000.00",
      "occupant": null,
      "representant": null,
      "groupe": 22,
      "numero_lot": "14",
      "surface_lot": "500.00",
      "etage_lot": "",
      "type_lot": "APPARTEMENT",
      "remarque_lot": "",
      "statut_lot": "A_JOUR"
    }
  },
  {
    "model": "syndic.lot",
    "pk": 115,
    "fields": {
      "created_at": "2026-03-06T15:35:14.072Z",
      "updated_at": "2026-03-06T15:35:14.072Z",
      "residence": 12,
      "proprietaire": null,
      "montant_ref": "7000.00",
      "occupant": null,
      "representant": null,
      "groupe": 22,
      "numero_lot": "15",
      "surface_lot": "500.00",
      "etage_lot": "",
      "type_lot": "APPARTEMENT",
      "remarque_lot": "",
      "statut_lot": "A_JOUR"
    }
  },
  {
    "model": "syndic.lot",
    "pk": 116,
    "fields": {
      "created_at": "2026-03-06T15:35:14.076Z",
      "updated_at": "2026-03-06T15:35:14.076Z",
      "residence": 12,
      "proprietaire": null,
      "montant_ref": "7000.00",
      "occupant": null,
      "representant": null,
      "groupe": 22,
      "numero_lot": "16",
      "surface_lot": "500.00",
      "etage_lot": "",
      "type_lot": "APPARTEMENT",
      "remarque_lot": "",
      "statut_lot": "A_JOUR"
    }
  },
  {
    "model": "syndic.lot",
    "pk": 117,
    "fields": {
      "created_at": "2026-03-06T15:35:14.079Z",
      "updated_at": "2026-03-06T15:35:14.079Z",
      "residence": 12,
      "proprietaire": null,
      "montant_ref": "7000.00",
      "occupant": null,
      "representant": null,
      "groupe": 22,
      "numero_lot": "17",
      "surface_lot": "500.00",
      "etage_lot": "",
      "type_lot": "APPARTEMENT",
      "remarque_lot": "",
      "statut_lot": "A_JOUR"
    }
  },
  {
    "model": "syndic.lot",
    "pk": 118,
    "fields": {
      "created_at": "2026-03-06T15:35:14.082Z",
      "updated_at": "2026-03-06T15:35:14.082Z",
      "residence": 12,
      "proprietaire": null,
      "montant_ref": "7000.00",
      "occupant": null,
      "representant": null,
      "groupe": 22,
      "numero_lot": "18",
      "surface_lot": "500.00",
      "etage_lot": "",
      "type_lot": "APPARTEMENT",
      "remarque_lot": "",
      "statut_lot": "A_JOUR"
    }
  },
  {
    "model": "syndic.lot",
    "pk": 119,
    "fields": {
      "created_at": "2026-03-06T15:35:14.085Z",
      "updated_at": "2026-03-06T15:35:14.085Z",
      "residence": 12,
      "proprietaire": null,
      "montant_ref": "7000.00",
      "occupant": null,
      "representant": null,
      "groupe": 22,
      "numero_lot": "19",
      "surface_lot": "500.00",
      "etage_lot": "",
      "type_lot": "APPARTEMENT",
      "remarque_lot": "",
      "statut_lot": "A_JOUR"
    }
  },
  {
    "model": "syndic.lot",
    "pk": 120,
    "fields": {
      "created_at": "2026-03-06T15:35:14.088Z",
      "updated_at": "2026-03-06T15:35:14.088Z",
      "residence": 12,
      "proprietaire": null,
      "montant_ref": "7000.00",
      "occupant": null,
      "representant": null,
      "groupe": 22,
      "numero_lot": "20",
      "surface_lot": "500.00",
      "etage_lot": "",
      "type_lot": "APPARTEMENT",
      "remarque_lot": "",
      "statut_lot": "A_JOUR"
    }
  },
  {
    "model": "syndic.lot",
    "pk": 121,
    "fields": {
      "created_at": "2026-03-06T15:35:14.091Z",
      "updated_at": "2026-03-06T15:35:14.092Z",
      "residence": 12,
      "proprietaire": null,
      "montant_ref": "7000.00",
      "occupant": null,
      "representant": null,
      "groupe": 23,
      "numero_lot": "21",
      "surface_lot": "500.00",
      "etage_lot": "",
      "type_lot": "APPARTEMENT",
      "remarque_lot": "",
      "statut_lot": "A_JOUR"
    }
  },
  {
    "model": "syndic.lot",
    "pk": 122,
    "fields": {
      "created_at": "2026-03-06T15:35:14.095Z",
      "updated_at": "2026-03-06T15:35:14.095Z",
      "residence": 12,
      "proprietaire": null,
      "montant_ref": "7000.00",
      "occupant": null,
      "representant": null,
      "groupe": 23,
      "numero_lot": "22",
      "surface_lot": "500.00",
      "etage_lot": "",
      "type_lot": "APPARTEMENT",
      "remarque_lot": "",
      "statut_lot": "A_JOUR"
    }
  },
  {
    "model": "syndic.lot",
    "pk": 123,
    "fields": {
      "created_at": "2026-03-06T15:35:14.098Z",
      "updated_at": "2026-03-06T15:35:14.098Z",
      "residence": 12,
      "proprietaire": null,
      "montant_ref": "7000.00",
      "occupant": null,
      "representant": null,
      "groupe": 23,
      "numero_lot": "23",
      "surface_lot": "500.00",
      "etage_lot": "",
      "type_lot": "APPARTEMENT",
      "remarque_lot": "",
      "statut_lot": "A_JOUR"
    }
  },
  {
    "model": "syndic.lot",
    "pk": 124,
    "fields": {
      "created_at": "2026-03-06T15:35:14.101Z",
      "updated_at": "2026-03-06T15:35:14.101Z",
      "residence": 12,
      "proprietaire": null,
      "montant_ref": "7000.00",
      "occupant": null,
      "representant": null,
      "groupe": 23,
      "numero_lot": "24",
      "surface_lot": "500.00",
      "etage_lot": "",
      "type_lot": "APPARTEMENT",
      "remarque_lot": "",
      "statut_lot": "A_JOUR"
    }
  },
  {
    "model": "syndic.lot",
    "pk": 125,
    "fields": {
      "created_at": "2026-03-06T15:35:14.105Z",
      "updated_at": "2026-03-06T15:35:14.105Z",
      "residence": 12,
      "proprietaire": null,
      "montant_ref": "7000.00",
      "occupant": null,
      "representant": null,
      "groupe": 23,
      "numero_lot": "25",
      "surface_lot": "500.00",
      "etage_lot": "",
      "type_lot": "APPARTEMENT",
      "remarque_lot": "",
      "statut_lot": "A_JOUR"
    }
  },
  {
    "model": "syndic.lot",
    "pk": 126,
    "fields": {
      "created_at": "2026-03-07T15:17:07.330Z",
      "updated_at": "2026-03-07T15:17:55.672Z",
      "residence": 15,
      "proprietaire": null,
      "montant_ref": "2400.00",
      "occupant": null,
      "representant": 63,
      "groupe": 47,
      "numero_lot": "11",
      "surface_lot": null,
      "etage_lot": "ETG1",
      "type_lot": "APPARTEMENT",
      "remarque_lot": "",
      "statut_lot": "A_JOUR"
    }
  },
  {
    "model": "syndic.lot",
    "pk": 127,
    "fields": {
      "created_at": "2026-03-07T15:17:07.382Z",
      "updated_at": "2026-03-07T15:18:08.580Z",
      "residence": 15,
      "proprietaire": null,
      "montant_ref": "2400.00",
      "occupant": null,
      "representant": 64,
      "groupe": 47,
      "numero_lot": "12",
      "surface_lot": null,
      "etage_lot": "ETG1",
      "type_lot": "APPARTEMENT",
      "remarque_lot": "",
      "statut_lot": "A_JOUR"
    }
  },
  {
    "model": "syndic.lot",
    "pk": 128,
    "fields": {
      "created_at": "2026-03-07T15:17:07.386Z",
      "updated_at": "2026-03-07T15:19:24.736Z",
      "residence": 15,
      "proprietaire": null,
      "montant_ref": "2400.00",
      "occupant": null,
      "representant": 65,
      "groupe": 47,
      "numero_lot": "13",
      "surface_lot": null,
      "etage_lot": "ETG1",
      "type_lot": "APPARTEMENT",
      "remarque_lot": "",
      "statut_lot": "A_JOUR"
    }
  },
  {
    "model": "syndic.lot",
    "pk": 129,
    "fields": {
      "created_at": "2026-03-07T15:17:07.398Z",
      "updated_at": "2026-03-07T15:21:41.330Z",
      "residence": 15,
      "proprietaire": null,
      "montant_ref": "2400.00",
      "occupant": null,
      "representant": 66,
      "groupe": 47,
      "numero_lot": "14",
      "surface_lot": null,
      "etage_lot": "ETG1",
      "type_lot": "APPARTEMENT",
      "remarque_lot": "",
      "statut_lot": "A_JOUR"
    }
  },
  {
    "model": "syndic.lot",
    "pk": 130,
    "fields": {
      "created_at": "2026-03-07T15:17:07.402Z",
      "updated_at": "2026-03-07T15:21:27.105Z",
      "residence": 15,
      "proprietaire": null,
      "montant_ref": "2400.00",
      "occupant": null,
      "representant": 67,
      "groupe": 47,
      "numero_lot": "15",
      "surface_lot": null,
      "etage_lot": "ETG1",
      "type_lot": "APPARTEMENT",
      "remarque_lot": "",
      "statut_lot": "A_JOUR"
    }
  },
  {
    "model": "syndic.lot",
    "pk": 131,
    "fields": {
      "created_at": "2026-03-07T15:17:07.406Z",
      "updated_at": "2026-03-07T15:18:17.986Z",
      "residence": 15,
      "proprietaire": null,
      "montant_ref": "2400.00",
      "occupant": null,
      "representant": 68,
      "groupe": 48,
      "numero_lot": "16",
      "surface_lot": null,
      "etage_lot": "ETG2",
      "type_lot": "APPARTEMENT",
      "remarque_lot": "",
      "statut_lot": "A_JOUR"
    }
  },
  {
    "model": "syndic.lot",
    "pk": 132,
    "fields": {
      "created_at": "2026-03-07T15:17:07.410Z",
      "updated_at": "2026-03-07T15:18:40.289Z",
      "residence": 15,
      "proprietaire": null,
      "montant_ref": "2400.00",
      "occupant": null,
      "representant": 69,
      "groupe": 48,
      "numero_lot": "17",
      "surface_lot": null,
      "etage_lot": "ETG2",
      "type_lot": "APPARTEMENT",
      "remarque_lot": "",
      "statut_lot": "A_JOUR"
    }
  },
  {
    "model": "syndic.lot",
    "pk": 133,
    "fields": {
      "created_at": "2026-03-07T15:17:07.414Z",
      "updated_at": "2026-03-07T15:18:25.893Z",
      "residence": 15,
      "proprietaire": null,
      "montant_ref": "2400.00",
      "occupant": null,
      "representant": 70,
      "groupe": 48,
      "numero_lot": "18",
      "surface_lot": null,
      "etage_lot": "ETG2",
      "type_lot": "APPARTEMENT",
      "remarque_lot": "",
      "statut_lot": "A_JOUR"
    }
  },
  {
    "model": "syndic.lot",
    "pk": 134,
    "fields": {
      "created_at": "2026-03-07T15:17:07.417Z",
      "updated_at": "2026-03-07T15:20:51.767Z",
      "residence": 15,
      "proprietaire": null,
      "montant_ref": "2400.00",
      "occupant": null,
      "representant": 71,
      "groupe": 48,
      "numero_lot": "19",
      "surface_lot": null,
      "etage_lot": "ETG2",
      "type_lot": "APPARTEMENT",
      "remarque_lot": "",
      "statut_lot": "A_JOUR"
    }
  },
  {
    "model": "syndic.lot",
    "pk": 135,
    "fields": {
      "created_at": "2026-03-07T15:17:07.421Z",
      "updated_at": "2026-03-07T15:22:01.095Z",
      "residence": 15,
      "proprietaire": null,
      "montant_ref": "2400.00",
      "occupant": null,
      "representant": 72,
      "groupe": 48,
      "numero_lot": "20",
      "surface_lot": null,
      "etage_lot": "ETG2",
      "type_lot": "APPARTEMENT",
      "remarque_lot": "",
      "statut_lot": "A_JOUR"
    }
  },
  {
    "model": "syndic.lot",
    "pk": 136,
    "fields": {
      "created_at": "2026-03-07T15:17:07.424Z",
      "updated_at": "2026-03-07T15:19:01.051Z",
      "residence": 15,
      "proprietaire": null,
      "montant_ref": "2400.00",
      "occupant": null,
      "representant": 73,
      "groupe": 49,
      "numero_lot": "21",
      "surface_lot": null,
      "etage_lot": "ETG3",
      "type_lot": "APPARTEMENT",
      "remarque_lot": "",
      "statut_lot": "A_JOUR"
    }
  },
  {
    "model": "syndic.lot",
    "pk": 137,
    "fields": {
      "created_at": "2026-03-07T15:17:07.428Z",
      "updated_at": "2026-03-07T15:19:14.296Z",
      "residence": 15,
      "proprietaire": null,
      "montant_ref": "2400.00",
      "occupant": null,
      "representant": 74,
      "groupe": 49,
      "numero_lot": "22",
      "surface_lot": null,
      "etage_lot": "ETG3",
      "type_lot": "APPARTEMENT",
      "remarque_lot": "",
      "statut_lot": "A_JOUR"
    }
  },
  {
    "model": "syndic.lot",
    "pk": 138,
    "fields": {
      "created_at": "2026-03-07T15:17:07.432Z",
      "updated_at": "2026-03-07T15:18:47.481Z",
      "residence": 15,
      "proprietaire": null,
      "montant_ref": "2400.00",
      "occupant": null,
      "representant": 75,
      "groupe": 49,
      "numero_lot": "23",
      "surface_lot": null,
      "etage_lot": "ETG3",
      "type_lot": "APPARTEMENT",
      "remarque_lot": "",
      "statut_lot": "A_JOUR"
    }
  },
  {
    "model": "syndic.lot",
    "pk": 139,
    "fields": {
      "created_at": "2026-03-07T15:17:07.435Z",
      "updated_at": "2026-03-07T15:20:03.578Z",
      "residence": 15,
      "proprietaire": null,
      "montant_ref": "2400.00",
      "occupant": null,
      "representant": 76,
      "groupe": 49,
      "numero_lot": "24",
      "surface_lot": null,
      "etage_lot": "ETG3",
      "type_lot": "APPARTEMENT",
      "remarque_lot": "",
      "statut_lot": "A_JOUR"
    }
  },
  {
    "model": "syndic.lot",
    "pk": 140,
    "fields": {
      "created_at": "2026-03-07T15:17:07.439Z",
      "updated_at": "2026-03-07T15:19:47.422Z",
      "residence": 15,
      "proprietaire": null,
      "montant_ref": "2400.00",
      "occupant": null,
      "representant": 77,
      "groupe": 49,
      "numero_lot": "25",
      "surface_lot": null,
      "etage_lot": "ETG3",
      "type_lot": "APPARTEMENT",
      "remarque_lot": "",
      "statut_lot": "A_JOUR"
    }
  },
  {
    "model": "syndic.lot",
    "pk": 141,
    "fields": {
      "created_at": "2026-03-07T15:17:07.442Z",
      "updated_at": "2026-03-07T15:22:15.384Z",
      "residence": 15,
      "proprietaire": null,
      "montant_ref": "2400.00",
      "occupant": null,
      "representant": 78,
      "groupe": 50,
      "numero_lot": "26",
      "surface_lot": null,
      "etage_lot": "ETG4",
      "type_lot": "APPARTEMENT",
      "remarque_lot": "",
      "statut_lot": "A_JOUR"
    }
  },
  {
    "model": "syndic.lot",
    "pk": 142,
    "fields": {
      "created_at": "2026-03-07T15:17:07.446Z",
      "updated_at": "2026-03-07T15:22:29.110Z",
      "residence": 15,
      "proprietaire": null,
      "montant_ref": "2400.00",
      "occupant": null,
      "representant": 79,
      "groupe": 50,
      "numero_lot": "27",
      "surface_lot": null,
      "etage_lot": "ETG4",
      "type_lot": "APPARTEMENT",
      "remarque_lot": "",
      "statut_lot": "A_JOUR"
    }
  },
  {
    "model": "syndic.lot",
    "pk": 143,
    "fields": {
      "created_at": "2026-03-07T15:17:07.450Z",
      "updated_at": "2026-03-07T15:23:06.126Z",
      "residence": 15,
      "proprietaire": null,
      "montant_ref": "2400.00",
      "occupant": null,
      "representant": 80,
      "groupe": 50,
      "numero_lot": "28",
      "surface_lot": null,
      "etage_lot": "ETG4",
      "type_lot": "APPARTEMENT",
      "remarque_lot": "",
      "statut_lot": "A_JOUR"
    }
  },
  {
    "model": "syndic.lot",
    "pk": 144,
    "fields": {
      "created_at": "2026-03-07T15:17:07.453Z",
      "updated_at": "2026-03-07T15:23:20.575Z",
      "residence": 15,
      "proprietaire": null,
      "montant_ref": "2400.00",
      "occupant": null,
      "representant": 81,
      "groupe": 50,
      "numero_lot": "29",
      "surface_lot": null,
      "etage_lot": "ETG4",
      "type_lot": "APPARTEMENT",
      "remarque_lot": "",
      "statut_lot": "A_JOUR"
    }
  },
  {
    "model": "syndic.lot",
    "pk": 145,
    "fields": {
      "created_at": "2026-03-07T15:17:07.457Z",
      "updated_at": "2026-03-07T15:23:29.910Z",
      "residence": 15,
      "proprietaire": null,
      "montant_ref": "2400.00",
      "occupant": null,
      "representant": 81,
      "groupe": 50,
      "numero_lot": "30",
      "surface_lot": null,
      "etage_lot": "ETG4",
      "type_lot": "APPARTEMENT",
      "remarque_lot": "",
      "statut_lot": "A_JOUR"
    }
  },
  {
    "model": "syndic.lot",
    "pk": 146,
    "fields": {
      "created_at": "2026-03-07T15:17:07.460Z",
      "updated_at": "2026-03-07T15:23:43.988Z",
      "residence": 15,
      "proprietaire": null,
      "montant_ref": "2400.00",
      "occupant": null,
      "representant": 82,
      "groupe": 51,
      "numero_lot": "31",
      "surface_lot": null,
      "etage_lot": "ETG5",
      "type_lot": "APPARTEMENT",
      "remarque_lot": "",
      "statut_lot": "A_JOUR"
    }
  },
  {
    "model": "syndic.lot",
    "pk": 147,
    "fields": {
      "created_at": "2026-03-07T15:17:07.464Z",
      "updated_at": "2026-03-07T15:23:56.122Z",
      "residence": 15,
      "proprietaire": null,
      "montant_ref": "2400.00",
      "occupant": null,
      "representant": 83,
      "groupe": 51,
      "numero_lot": "32",
      "surface_lot": null,
      "etage_lot": "ETG5",
      "type_lot": "APPARTEMENT",
      "remarque_lot": "",
      "statut_lot": "A_JOUR"
    }
  },
  {
    "model": "syndic.lot",
    "pk": 148,
    "fields": {
      "created_at": "2026-03-07T15:17:07.467Z",
      "updated_at": "2026-03-07T15:24:06.280Z",
      "residence": 15,
      "proprietaire": null,
      "montant_ref": "2400.00",
      "occupant": null,
      "representant": 84,
      "groupe": 51,
      "numero_lot": "33",
      "surface_lot": null,
      "etage_lot": "ETG5",
      "type_lot": "APPARTEMENT",
      "remarque_lot": "",
      "statut_lot": "A_JOUR"
    }
  },
  {
    "model": "syndic.lot",
    "pk": 149,
    "fields": {
      "created_at": "2026-03-07T15:17:07.471Z",
      "updated_at": "2026-03-07T15:24:16.546Z",
      "residence": 15,
      "proprietaire": null,
      "montant_ref": "2400.00",
      "occupant": null,
      "representant": 85,
      "groupe": 51,
      "numero_lot": "34",
      "surface_lot": null,
      "etage_lot": "ETG5",
      "type_lot": "APPARTEMENT",
      "remarque_lot": "",
      "statut_lot": "A_JOUR"
    }
  },
  {
    "model": "syndic.lot",
    "pk": 150,
    "fields": {
      "created_at": "2026-03-09T22:25:44.069Z",
      "updated_at": "2026-03-09T22:25:44.069Z",
      "residence": 16,
      "proprietaire": null,
      "montant_ref": "250.00",
      "occupant": null,
      "representant": 86,
      "groupe": 52,
      "numero_lot": "A1",
      "surface_lot": null,
      "etage_lot": "",
      "type_lot": "APPARTEMENT",
      "remarque_lot": "",
      "statut_lot": "A_JOUR"
    }
  },
  {
    "model": "syndic.lot",
    "pk": 151,
    "fields": {
      "created_at": "2026-03-09T22:26:05.335Z",
      "updated_at": "2026-03-09T22:26:05.335Z",
      "residence": 16,
      "proprietaire": null,
      "montant_ref": "0.00",
      "occupant": null,
      "representant": 86,
      "groupe": 52,
      "numero_lot": "A2",
      "surface_lot": null,
      "etage_lot": "350",
      "type_lot": "APPARTEMENT",
      "remarque_lot": "",
      "statut_lot": "A_JOUR"
    }
  },
  {
    "model": "syndic.lot",
    "pk": 152,
    "fields": {
      "created_at": "2026-03-09T22:26:19.928Z",
      "updated_at": "2026-03-09T22:26:19.929Z",
      "residence": 16,
      "proprietaire": null,
      "montant_ref": "0.00",
      "occupant": null,
      "representant": 87,
      "groupe": 53,
      "numero_lot": "A3",
      "surface_lot": null,
      "etage_lot": "",
      "type_lot": "APPARTEMENT",
      "remarque_lot": "",
      "statut_lot": "A_JOUR"
    }
  },
  {
    "model": "syndic.lot",
    "pk": 153,
    "fields": {
      "created_at": "2026-03-09T22:26:33.085Z",
      "updated_at": "2026-03-09T22:26:33.085Z",
      "residence": 16,
      "proprietaire": null,
      "montant_ref": "0.00",
      "occupant": null,
      "representant": 88,
      "groupe": 53,
      "numero_lot": "A4",
      "surface_lot": null,
      "etage_lot": "",
      "type_lot": "APPARTEMENT",
      "remarque_lot": "",
      "statut_lot": "A_JOUR"
    }
  },
  {
    "model": "syndic.lot",
    "pk": 154,
    "fields": {
      "created_at": "2026-03-09T22:26:49.946Z",
      "updated_at": "2026-03-09T22:26:49.946Z",
      "residence": 16,
      "proprietaire": null,
      "montant_ref": "350.00",
      "occupant": null,
      "representant": 89,
      "groupe": 54,
      "numero_lot": "A5",
      "surface_lot": null,
      "etage_lot": "",
      "type_lot": "APPARTEMENT",
      "remarque_lot": "",
      "statut_lot": "A_JOUR"
    }
  },
  {
    "model": "syndic.residencemembership",
    "pk": 11,
    "fields": {
      "user": [
        "dafir1"
      ],
      "residence": 14,
      "role": "SUPER_ADMIN",
      "actif": true,
      "lot": null,
      "must_change_password": false,
      "created_at": "2026-03-07T20:58:43.903Z",
      "updated_at": "2026-03-09T17:43:07.860Z"
    }
  },
  {
    "model": "syndic.residencemembership",
    "pk": 12,
    "fields": {
      "user": [
        "mohamed"
      ],
      "residence": 15,
      "role": "SUPER_ADMIN",
      "actif": true,
      "lot": null,
      "must_change_password": false,
      "created_at": "2026-03-07T21:00:43.423Z",
      "updated_at": "2026-03-07T21:00:43.423Z"
    }
  },
  {
    "model": "syndic.residencemembership",
    "pk": 13,
    "fields": {
      "user": [
        "mohamed"
      ],
      "residence": 12,
      "role": "SUPER_ADMIN",
      "actif": true,
      "lot": null,
      "must_change_password": false,
      "created_at": "2026-03-07T21:01:54.977Z",
      "updated_at": "2026-03-07T21:01:54.977Z"
    }
  },
  {
    "model": "syndic.residencemembership",
    "pk": 14,
    "fields": {
      "user": [
        "jojo"
      ],
      "residence": 16,
      "role": "ADMIN",
      "actif": true,
      "lot": null,
      "must_change_password": false,
      "created_at": "2026-03-09T22:21:44.468Z",
      "updated_at": "2026-03-09T22:21:44.468Z"
    }
  },
  {
    "model": "syndic.residencemembership",
    "pk": 15,
    "fields": {
      "user": [
        "SASA_A1"
      ],
      "residence": 16,
      "role": "RESIDENT",
      "actif": true,
      "lot": 150,
      "must_change_password": true,
      "created_at": "2026-03-09T23:26:43.580Z",
      "updated_at": "2026-03-09T23:26:43.580Z"
    }
  },
  {
    "model": "syndic.residencemembership",
    "pk": 16,
    "fields": {
      "user": [
        "SASA_A2"
      ],
      "residence": 16,
      "role": "RESIDENT",
      "actif": true,
      "lot": 151,
      "must_change_password": true,
      "created_at": "2026-03-09T23:27:09.379Z",
      "updated_at": "2026-03-09T23:27:09.379Z"
    }
  },
  {
    "model": "syndic.residencemembership",
    "pk": 17,
    "fields": {
      "user": [
        "JAZERA_26"
      ],
      "residence": 15,
      "role": "RESIDENT",
      "actif": true,
      "lot": 141,
      "must_change_password": true,
      "created_at": "2026-03-09T23:43:11.261Z",
      "updated_at": "2026-03-09T23:43:11.261Z"
    }
  },
  {
    "model": "syndic.residencemembership",
    "pk": 18,
    "fields": {
      "user": [
        "meryem"
      ],
      "residence": 17,
      "role": "ADMIN",
      "actif": true,
      "lot": null,
      "must_change_password": false,
      "created_at": "2026-03-09T23:51:31.532Z",
      "updated_at": "2026-03-09T23:51:31.532Z"
    }
  },
  {
    "model": "syndic.residencemembership",
    "pk": 19,
    "fields": {
      "user": [
        "mazola"
      ],
      "residence": 12,
      "role": "SUPER_ADMIN",
      "actif": true,
      "lot": null,
      "must_change_password": false,
      "created_at": "2026-03-09T23:58:13.000Z",
      "updated_at": "2026-03-09T23:58:13.000Z"
    }
  },
  {
    "model": "syndic.residencemembership",
    "pk": 20,
    "fields": {
      "user": [
        "zizou"
      ],
      "residence": 18,
      "role": "ADMIN",
      "actif": true,
      "lot": null,
      "must_change_password": false,
      "created_at": "2026-03-10T22:51:12.283Z",
      "updated_at": "2026-03-10T22:51:12.283Z"
    }
  },
  {
    "model": "syndic.residencemembership",
    "pk": 21,
    "fields": {
      "user": [
        "XYZ1_01"
      ],
      "residence": 14,
      "role": "RESIDENT",
      "actif": true,
      "lot": 89,
      "must_change_password": true,
      "created_at": "2026-03-11T14:27:12.189Z",
      "updated_at": "2026-03-11T14:27:12.189Z"
    }
  },
  {
    "model": "syndic.residencemembership",
    "pk": 22,
    "fields": {
      "user": [
        "XYZ1_05"
      ],
      "residence": 14,
      "role": "RESIDENT",
      "actif": true,
      "lot": 93,
      "must_change_password": true,
      "created_at": "2026-03-11T23:24:30.081Z",
      "updated_at": "2026-03-11T23:24:30.081Z"
    }
  },
  {
    "model": "syndic.residencemembership",
    "pk": 23,
    "fields": {
      "user": [
        "XYZ1_08"
      ],
      "residence": 14,
      "role": "RESIDENT",
      "actif": true,
      "lot": 96,
      "must_change_password": false,
      "created_at": "2026-03-12T12:13:01.932Z",
      "updated_at": "2026-03-12T12:13:01.932Z"
    }
  },
  {
    "model": "syndic.residencemembership",
    "pk": 24,
    "fields": {
      "user": [
        "safa"
      ],
      "residence": 19,
      "role": "ADMIN",
      "actif": true,
      "lot": null,
      "must_change_password": false,
      "created_at": "2026-03-13T09:44:09.460Z",
      "updated_at": "2026-03-13T09:44:09.460Z"
    }
  },
  {
    "model": "syndic.personne",
    "pk": 1,
    "fields": {
      "residence": 1,
      "nom": "Hamid",
      "prenom": "jilali",
      "cin": null,
      "telephone": "0648759621",
      "email": "",
      "type_personne": "PHYSIQUE"
    }
  },
  {
    "model": "syndic.personne",
    "pk": 2,
    "fields": {
      "residence": 1,
      "nom": "Fatima",
      "prenom": "",
      "cin": null,
      "telephone": "0687956214",
      "email": "",
      "type_personne": "PHYSIQUE"
    }
  },
  {
    "model": "syndic.personne",
    "pk": 3,
    "fields": {
      "residence": 1,
      "nom": "ALI",
      "prenom": "",
      "cin": null,
      "telephone": "06875421",
      "email": "",
      "type_personne": "PHYSIQUE"
    }
  },
  {
    "model": "syndic.personne",
    "pk": 4,
    "fields": {
      "residence": 3,
      "nom": "NABIL",
      "prenom": "",
      "cin": null,
      "telephone": "06252415",
      "email": "",
      "type_personne": "PHYSIQUE"
    }
  },
  {
    "model": "syndic.personne",
    "pk": 5,
    "fields": {
      "residence": 3,
      "nom": "MALIKA",
      "prenom": "",
      "cin": null,
      "telephone": "0255874515",
      "email": "",
      "type_personne": "PHYSIQUE"
    }
  },
  {
    "model": "syndic.personne",
    "pk": 6,
    "fields": {
      "residence": 1,
      "nom": "SALEM",
      "prenom": "",
      "cin": null,
      "telephone": "0645875213",
      "email": "",
      "type_personne": "PHYSIQUE"
    }
  },
  {
    "model": "syndic.personne",
    "pk": 7,
    "fields": {
      "residence": 1,
      "nom": "KASEM",
      "prenom": "",
      "cin": null,
      "telephone": "",
      "email": "",
      "type_personne": "PHYSIQUE"
    }
  },
  {
    "model": "syndic.personne",
    "pk": 8,
    "fields": {
      "residence": null,
      "nom": "ZERHOUNE",
      "prenom": "FATMI",
      "cin": null,
      "telephone": "06000092",
      "email": "",
      "type_personne": "PHYSIQUE"
    }
  },
  {
    "model": "syndic.personne",
    "pk": 9,
    "fields": {
      "residence": 11,
      "nom": "BOUHARRA",
      "prenom": "Mohamed",
      "cin": null,
      "telephone": "06758496",
      "email": "",
      "type_personne": "PHYSIQUE"
    }
  },
  {
    "model": "syndic.personne",
    "pk": 11,
    "fields": {
      "residence": 11,
      "nom": "RACHID",
      "prenom": "",
      "cin": null,
      "telephone": "06243518",
      "email": "",
      "type_personne": "PHYSIQUE"
    }
  },
  {
    "model": "syndic.personne",
    "pk": 12,
    "fields": {
      "residence": 11,
      "nom": "AMRANI",
      "prenom": "",
      "cin": null,
      "telephone": "",
      "email": "",
      "type_personne": "PHYSIQUE"
    }
  },
  {
    "model": "syndic.personne",
    "pk": 13,
    "fields": {
      "residence": 11,
      "nom": "MINA",
      "prenom": "",
      "cin": null,
      "telephone": "",
      "email": "",
      "type_personne": "PHYSIQUE"
    }
  },
  {
    "model": "syndic.personne",
    "pk": 14,
    "fields": {
      "residence": 11,
      "nom": "HACHHOUCH",
      "prenom": "",
      "cin": null,
      "telephone": "",
      "email": "",
      "type_personne": "PHYSIQUE"
    }
  },
  {
    "model": "syndic.personne",
    "pk": 15,
    "fields": {
      "residence": 11,
      "nom": "BRAHIM",
      "prenom": "",
      "cin": null,
      "telephone": "",
      "email": "",
      "type_personne": "PHYSIQUE"
    }
  },
  {
    "model": "syndic.personne",
    "pk": 16,
    "fields": {
      "residence": 11,
      "nom": "AMCASSOU",
      "prenom": "",
      "cin": null,
      "telephone": "",
      "email": "",
      "type_personne": "PHYSIQUE"
    }
  },
  {
    "model": "syndic.personne",
    "pk": 17,
    "fields": {
      "residence": 11,
      "nom": "KOUNDI",
      "prenom": "MILOUD",
      "cin": null,
      "telephone": "",
      "email": "",
      "type_personne": "PHYSIQUE"
    }
  },
  {
    "model": "syndic.personne",
    "pk": 18,
    "fields": {
      "residence": 11,
      "nom": "MAROUANE",
      "prenom": "",
      "cin": null,
      "telephone": "",
      "email": "",
      "type_personne": "PHYSIQUE"
    }
  },
  {
    "model": "syndic.personne",
    "pk": 19,
    "fields": {
      "residence": 11,
      "nom": "ZANINE",
      "prenom": "",
      "cin": null,
      "telephone": "",
      "email": "",
      "type_personne": "PHYSIQUE"
    }
  },
  {
    "model": "syndic.personne",
    "pk": 20,
    "fields": {
      "residence": 11,
      "nom": "SALIH",
      "prenom": "",
      "cin": null,
      "telephone": "",
      "email": "",
      "type_personne": "PHYSIQUE"
    }
  },
  {
    "model": "syndic.personne",
    "pk": 21,
    "fields": {
      "residence": 11,
      "nom": "YOUNESS",
      "prenom": "",
      "cin": null,
      "telephone": "",
      "email": "",
      "type_personne": "PHYSIQUE"
    }
  },
  {
    "model": "syndic.personne",
    "pk": 22,
    "fields": {
      "residence": 11,
      "nom": "AMINE",
      "prenom": "",
      "cin": null,
      "telephone": "",
      "email": "",
      "type_personne": "PHYSIQUE"
    }
  },
  {
    "model": "syndic.personne",
    "pk": 23,
    "fields": {
      "residence": 11,
      "nom": "KOUNDOUSSI",
      "prenom": "",
      "cin": null,
      "telephone": "",
      "email": "",
      "type_personne": "PHYSIQUE"
    }
  },
  {
    "model": "syndic.personne",
    "pk": 24,
    "fields": {
      "residence": 11,
      "nom": "FATMI",
      "prenom": "",
      "cin": null,
      "telephone": "",
      "email": "",
      "type_personne": "PHYSIQUE"
    }
  },
  {
    "model": "syndic.personne",
    "pk": 25,
    "fields": {
      "residence": 11,
      "nom": "SADRI",
      "prenom": "",
      "cin": null,
      "telephone": "",
      "email": "",
      "type_personne": "PHYSIQUE"
    }
  },
  {
    "model": "syndic.personne",
    "pk": 27,
    "fields": {
      "residence": 1,
      "nom": "Kamkoum",
      "prenom": "",
      "cin": null,
      "telephone": "",
      "email": "",
      "type_personne": "PHYSIQUE"
    }
  },
  {
    "model": "syndic.personne",
    "pk": 29,
    "fields": {
      "residence": 1,
      "nom": "AA",
      "prenom": "",
      "cin": null,
      "telephone": "",
      "email": "",
      "type_personne": "PHYSIQUE"
    }
  },
  {
    "model": "syndic.personne",
    "pk": 32,
    "fields": {
      "residence": 11,
      "nom": "OULCAID",
      "prenom": "",
      "cin": null,
      "telephone": "",
      "email": "",
      "type_personne": "PHYSIQUE"
    }
  },
  {
    "model": "syndic.personne",
    "pk": 33,
    "fields": {
      "residence": 11,
      "nom": "DERRIJ",
      "prenom": "",
      "cin": null,
      "telephone": "",
      "email": "",
      "type_personne": "PHYSIQUE"
    }
  },
  {
    "model": "syndic.personne",
    "pk": 34,
    "fields": {
      "residence": 11,
      "nom": "RMILI",
      "prenom": "",
      "cin": null,
      "telephone": "",
      "email": "",
      "type_personne": "PHYSIQUE"
    }
  },
  {
    "model": "syndic.personne",
    "pk": 35,
    "fields": {
      "residence": 11,
      "nom": "BERZOUK",
      "prenom": "",
      "cin": null,
      "telephone": "",
      "email": "",
      "type_personne": "PHYSIQUE"
    }
  },
  {
    "model": "syndic.personne",
    "pk": 36,
    "fields": {
      "residence": 11,
      "nom": "MAZHARI",
      "prenom": "",
      "cin": null,
      "telephone": "",
      "email": "",
      "type_personne": "PHYSIQUE"
    }
  },
  {
    "model": "syndic.personne",
    "pk": 37,
    "fields": {
      "residence": 11,
      "nom": "ZRIDA",
      "prenom": "",
      "cin": null,
      "telephone": "",
      "email": "",
      "type_personne": "PHYSIQUE"
    }
  },
  {
    "model": "syndic.personne",
    "pk": 38,
    "fields": {
      "residence": 11,
      "nom": "AIT ABDELLAH",
      "prenom": "",
      "cin": null,
      "telephone": "",
      "email": "",
      "type_personne": "PHYSIQUE"
    }
  },
  {
    "model": "syndic.personne",
    "pk": 39,
    "fields": {
      "residence": 11,
      "nom": "MOUTANI",
      "prenom": "",
      "cin": null,
      "telephone": "",
      "email": "",
      "type_personne": "PHYSIQUE"
    }
  },
  {
    "model": "syndic.personne",
    "pk": 40,
    "fields": {
      "residence": 12,
      "nom": "arib",
      "prenom": "",
      "cin": null,
      "telephone": "",
      "email": "",
      "type_personne": "PHYSIQUE"
    }
  },
  {
    "model": "syndic.personne",
    "pk": 41,
    "fields": {
      "residence": 12,
      "nom": "AZZOUZ",
      "prenom": "BIRO",
      "cin": null,
      "telephone": "0684962541",
      "email": "bgv@gmail.com",
      "type_personne": "PHYSIQUE"
    }
  },
  {
    "model": "syndic.personne",
    "pk": 42,
    "fields": {
      "residence": 2,
      "nom": "SAID",
      "prenom": "AHMED",
      "cin": null,
      "telephone": "0605021114",
      "email": "",
      "type_personne": "PHYSIQUE"
    }
  },
  {
    "model": "syndic.personne",
    "pk": 43,
    "fields": {
      "residence": 2,
      "nom": "ACHAB",
      "prenom": "SAID",
      "cin": null,
      "telephone": "",
      "email": "",
      "type_personne": "PHYSIQUE"
    }
  },
  {
    "model": "syndic.personne",
    "pk": 44,
    "fields": {
      "residence": 2,
      "nom": "ZALOUQ",
      "prenom": "KHALED",
      "cin": null,
      "telephone": "",
      "email": "",
      "type_personne": "PHYSIQUE"
    }
  },
  {
    "model": "syndic.personne",
    "pk": 45,
    "fields": {
      "residence": 2,
      "nom": "SAMRI",
      "prenom": "ABDELLAH",
      "cin": null,
      "telephone": "",
      "email": "",
      "type_personne": "PHYSIQUE"
    }
  },
  {
    "model": "syndic.personne",
    "pk": 46,
    "fields": {
      "residence": 2,
      "nom": "SNINOU",
      "prenom": "NAIMA",
      "cin": null,
      "telephone": "",
      "email": "",
      "type_personne": "PHYSIQUE"
    }
  },
  {
    "model": "syndic.personne",
    "pk": 47,
    "fields": {
      "residence": 12,
      "nom": "Meryem",
      "prenom": "",
      "cin": null,
      "telephone": "0647582152",
      "email": "",
      "type_personne": "PHYSIQUE"
    }
  },
  {
    "model": "syndic.personne",
    "pk": 48,
    "fields": {
      "residence": 12,
      "nom": "NADA",
      "prenom": "SEDDIK",
      "cin": null,
      "telephone": "0614253645",
      "email": "",
      "type_personne": "PHYSIQUE"
    }
  },
  {
    "model": "syndic.personne",
    "pk": 49,
    "fields": {
      "residence": 12,
      "nom": "SAOU",
      "prenom": "QADDOUR",
      "cin": null,
      "telephone": "06232315",
      "email": "",
      "type_personne": "PHYSIQUE"
    }
  },
  {
    "model": "syndic.personne",
    "pk": 50,
    "fields": {
      "residence": 7,
      "nom": "AZIZO",
      "prenom": "",
      "cin": null,
      "telephone": "",
      "email": "",
      "type_personne": "PHYSIQUE"
    }
  },
  {
    "model": "syndic.personne",
    "pk": 51,
    "fields": {
      "residence": 14,
      "nom": "Ahmed",
      "prenom": "",
      "cin": null,
      "telephone": "0624230282",
      "email": "bb@gmail.com",
      "type_personne": "PHYSIQUE"
    }
  },
  {
    "model": "syndic.personne",
    "pk": 52,
    "fields": {
      "residence": 14,
      "nom": "SALEM",
      "prenom": "",
      "cin": null,
      "telephone": "06423568941",
      "email": "",
      "type_personne": "PHYSIQUE"
    }
  },
  {
    "model": "syndic.personne",
    "pk": 53,
    "fields": {
      "residence": 14,
      "nom": "KHADIJA",
      "prenom": "zz",
      "cin": "5487",
      "telephone": "0214555",
      "email": "m@gmail.com",
      "type_personne": "PHYSIQUE"
    }
  },
  {
    "model": "syndic.personne",
    "pk": 54,
    "fields": {
      "residence": 14,
      "nom": "ISSA",
      "prenom": "",
      "cin": null,
      "telephone": "0687542136",
      "email": "",
      "type_personne": "PHYSIQUE"
    }
  },
  {
    "model": "syndic.personne",
    "pk": 55,
    "fields": {
      "residence": 14,
      "nom": "KARIM",
      "prenom": "ISSA",
      "cin": null,
      "telephone": "0675383976",
      "email": "",
      "type_personne": "PHYSIQUE"
    }
  },
  {
    "model": "syndic.personne",
    "pk": 56,
    "fields": {
      "residence": 14,
      "nom": "MOHAMED",
      "prenom": "EZZARHOUNI",
      "cin": null,
      "telephone": "0642515236",
      "email": "ssss@gmail.com",
      "type_personne": "PHYSIQUE"
    }
  },
  {
    "model": "syndic.personne",
    "pk": 57,
    "fields": {
      "residence": 14,
      "nom": "NABIL",
      "prenom": "",
      "cin": null,
      "telephone": "0615231542",
      "email": "",
      "type_personne": "PHYSIQUE"
    }
  },
  {
    "model": "syndic.personne",
    "pk": 58,
    "fields": {
      "residence": 14,
      "nom": "WAFAA",
      "prenom": "",
      "cin": null,
      "telephone": "0632354125",
      "email": "",
      "type_personne": "PHYSIQUE"
    }
  },
  {
    "model": "syndic.personne",
    "pk": 59,
    "fields": {
      "residence": 14,
      "nom": "SARA",
      "prenom": "",
      "cin": null,
      "telephone": "0635242158",
      "email": "",
      "type_personne": "PHYSIQUE"
    }
  },
  {
    "model": "syndic.personne",
    "pk": 60,
    "fields": {
      "residence": 14,
      "nom": "ABDELLAH",
      "prenom": "",
      "cin": null,
      "telephone": "0652325214",
      "email": "",
      "type_personne": "PHYSIQUE"
    }
  },
  {
    "model": "syndic.personne",
    "pk": 61,
    "fields": {
      "residence": 14,
      "nom": "NAJIA",
      "prenom": "",
      "cin": null,
      "telephone": "0623521425",
      "email": "",
      "type_personne": "PHYSIQUE"
    }
  },
  {
    "model": "syndic.personne",
    "pk": 62,
    "fields": {
      "residence": 14,
      "nom": "HANI",
      "prenom": "",
      "cin": null,
      "telephone": "0652636352",
      "email": "",
      "type_personne": "PHYSIQUE"
    }
  },
  {
    "model": "syndic.personne",
    "pk": 63,
    "fields": {
      "residence": 15,
      "nom": "AIT ABDELLAH",
      "prenom": "",
      "cin": null,
      "telephone": "",
      "email": "",
      "type_personne": "PHYSIQUE"
    }
  },
  {
    "model": "syndic.personne",
    "pk": 64,
    "fields": {
      "residence": 15,
      "nom": "DERIJ",
      "prenom": "",
      "cin": null,
      "telephone": "",
      "email": "",
      "type_personne": "PHYSIQUE"
    }
  },
  {
    "model": "syndic.personne",
    "pk": 65,
    "fields": {
      "residence": 15,
      "nom": "OULKAID",
      "prenom": "",
      "cin": null,
      "telephone": "",
      "email": "",
      "type_personne": "PHYSIQUE"
    }
  },
  {
    "model": "syndic.personne",
    "pk": 66,
    "fields": {
      "residence": 15,
      "nom": "RMILI",
      "prenom": "",
      "cin": null,
      "telephone": "",
      "email": "",
      "type_personne": "PHYSIQUE"
    }
  },
  {
    "model": "syndic.personne",
    "pk": 67,
    "fields": {
      "residence": 15,
      "nom": "BERZOUK",
      "prenom": "",
      "cin": null,
      "telephone": "",
      "email": "",
      "type_personne": "PHYSIQUE"
    }
  },
  {
    "model": "syndic.personne",
    "pk": 68,
    "fields": {
      "residence": 15,
      "nom": "KONDOUSSI",
      "prenom": "",
      "cin": null,
      "telephone": "",
      "email": "",
      "type_personne": "PHYSIQUE"
    }
  },
  {
    "model": "syndic.personne",
    "pk": 69,
    "fields": {
      "residence": 15,
      "nom": "BELCAID",
      "prenom": "",
      "cin": null,
      "telephone": "",
      "email": "",
      "type_personne": "PHYSIQUE"
    }
  },
  {
    "model": "syndic.personne",
    "pk": 70,
    "fields": {
      "residence": 15,
      "nom": "AMRANI",
      "prenom": "",
      "cin": null,
      "telephone": "",
      "email": "",
      "type_personne": "PHYSIQUE"
    }
  },
  {
    "model": "syndic.personne",
    "pk": 71,
    "fields": {
      "residence": 15,
      "nom": "AMINE",
      "prenom": "",
      "cin": null,
      "telephone": "",
      "email": "",
      "type_personne": "PHYSIQUE"
    }
  },
  {
    "model": "syndic.personne",
    "pk": 72,
    "fields": {
      "residence": 15,
      "nom": "ELMAZHARI",
      "prenom": "",
      "cin": null,
      "telephone": "",
      "email": "",
      "type_personne": "PHYSIQUE"
    }
  },
  {
    "model": "syndic.personne",
    "pk": 73,
    "fields": {
      "residence": 15,
      "nom": "EZRHOUN",
      "prenom": "",
      "cin": null,
      "telephone": "",
      "email": "",
      "type_personne": "PHYSIQUE"
    }
  },
  {
    "model": "syndic.personne",
    "pk": 74,
    "fields": {
      "residence": 15,
      "nom": "SALIH",
      "prenom": "",
      "cin": null,
      "telephone": "",
      "email": "",
      "type_personne": "PHYSIQUE"
    }
  },
  {
    "model": "syndic.personne",
    "pk": 75,
    "fields": {
      "residence": 15,
      "nom": "HACHHOUCHE",
      "prenom": "",
      "cin": null,
      "telephone": "",
      "email": "",
      "type_personne": "PHYSIQUE"
    }
  },
  {
    "model": "syndic.personne",
    "pk": 76,
    "fields": {
      "residence": 15,
      "nom": "SADRI",
      "prenom": "",
      "cin": null,
      "telephone": "",
      "email": "",
      "type_personne": "PHYSIQUE"
    }
  },
  {
    "model": "syndic.personne",
    "pk": 77,
    "fields": {
      "residence": 15,
      "nom": "ZRIDA",
      "prenom": "",
      "cin": null,
      "telephone": "",
      "email": "",
      "type_personne": "PHYSIQUE"
    }
  },
  {
    "model": "syndic.personne",
    "pk": 78,
    "fields": {
      "residence": 15,
      "nom": "AIT MOUMEN",
      "prenom": "",
      "cin": null,
      "telephone": "",
      "email": "",
      "type_personne": "PHYSIQUE"
    }
  },
  {
    "model": "syndic.personne",
    "pk": 79,
    "fields": {
      "residence": 15,
      "nom": "JABBAR",
      "prenom": "",
      "cin": null,
      "telephone": "",
      "email": "",
      "type_personne": "PHYSIQUE"
    }
  },
  {
    "model": "syndic.personne",
    "pk": 80,
    "fields": {
      "residence": 15,
      "nom": "BOUHARRA",
      "prenom": "",
      "cin": null,
      "telephone": "",
      "email": "",
      "type_personne": "PHYSIQUE"
    }
  },
  {
    "model": "syndic.personne",
    "pk": 81,
    "fields": {
      "residence": 15,
      "nom": "AMCASSOU",
      "prenom": "",
      "cin": null,
      "telephone": "",
      "email": "",
      "type_personne": "PHYSIQUE"
    }
  },
  {
    "model": "syndic.personne",
    "pk": 82,
    "fields": {
      "residence": 15,
      "nom": "KOUNDI",
      "prenom": "",
      "cin": null,
      "telephone": "",
      "email": "",
      "type_personne": "PHYSIQUE"
    }
  },
  {
    "model": "syndic.personne",
    "pk": 83,
    "fields": {
      "residence": 15,
      "nom": "MAROUANE",
      "prenom": "",
      "cin": null,
      "telephone": "",
      "email": "",
      "type_personne": "PHYSIQUE"
    }
  },
  {
    "model": "syndic.personne",
    "pk": 84,
    "fields": {
      "residence": 15,
      "nom": "ZANINE",
      "prenom": "",
      "cin": null,
      "telephone": "",
      "email": "",
      "type_personne": "PHYSIQUE"
    }
  },
  {
    "model": "syndic.personne",
    "pk": 85,
    "fields": {
      "residence": 15,
      "nom": "MOUTANI",
      "prenom": "",
      "cin": null,
      "telephone": "",
      "email": "",
      "type_personne": "PHYSIQUE"
    }
  },
  {
    "model": "syndic.personne",
    "pk": 86,
    "fields": {
      "residence": 16,
      "nom": "Mohamed",
      "prenom": "",
      "cin": null,
      "telephone": "0652525252",
      "email": "",
      "type_personne": "PHYSIQUE"
    }
  },
  {
    "model": "syndic.personne",
    "pk": 87,
    "fields": {
      "residence": 16,
      "nom": "Said",
      "prenom": "",
      "cin": null,
      "telephone": "",
      "email": "",
      "type_personne": "PHYSIQUE"
    }
  },
  {
    "model": "syndic.personne",
    "pk": 88,
    "fields": {
      "residence": 16,
      "nom": "Salima",
      "prenom": "",
      "cin": null,
      "telephone": "0236521463",
      "email": "",
      "type_personne": "PHYSIQUE"
    }
  },
  {
    "model": "syndic.personne",
    "pk": 89,
    "fields": {
      "residence": 16,
      "nom": "Hamid",
      "prenom": "Jondoul",
      "cin": null,
      "telephone": "0645781236",
      "email": "",
      "type_personne": "PHYSIQUE"
    }
  },
  {
    "model": "syndic.personne",
    "pk": 90,
    "fields": {
      "residence": 14,
      "nom": "M Bhr",
      "prenom": "",
      "cin": null,
      "telephone": "+212675383976",
      "email": "mbouharra@gmail.com",
      "type_personne": "PHYSIQUE"
    }
  },
  {
    "model": "syndic.personne",
    "pk": 91,
    "fields": {
      "residence": 14,
      "nom": "Jamal",
      "prenom": "pp",
      "cin": null,
      "telephone": "75383976",
      "email": "mmbbhhh@gmail.com",
      "type_personne": "PHYSIQUE"
    }
  },
  {
    "model": "syndic.paiement",
    "pk": 5,
    "fields": {
      "created_at": "2026-03-02T17:37:53.620Z",
      "updated_at": "2026-03-02T17:37:53.620Z",
      "residence": 1,
      "lot": 8,
      "date_paiement": "2026-03-02",
      "montant": "500.00",
      "reference": "",
      "mois": null,
      "mode_paiement": null
    }
  },
  {
    "model": "syndic.paiement",
    "pk": 6,
    "fields": {
      "created_at": "2026-03-02T17:59:15.237Z",
      "updated_at": "2026-03-02T17:59:15.237Z",
      "residence": 10,
      "lot": 81,
      "date_paiement": "2026-03-02",
      "montant": "100.00",
      "reference": "",
      "mois": null,
      "mode_paiement": null
    }
  },
  {
    "model": "syndic.paiement",
    "pk": 7,
    "fields": {
      "created_at": "2026-03-02T19:23:03.222Z",
      "updated_at": "2026-03-02T19:23:03.222Z",
      "residence": 10,
      "lot": 81,
      "date_paiement": "2026-03-02",
      "montant": "500.00",
      "reference": "",
      "mois": null,
      "mode_paiement": null
    }
  },
  {
    "model": "syndic.paiement",
    "pk": 8,
    "fields": {
      "created_at": "2026-03-02T20:24:39.040Z",
      "updated_at": "2026-03-02T20:24:39.040Z",
      "residence": 1,
      "lot": 8,
      "date_paiement": "2026-03-02",
      "montant": "250.00",
      "reference": "",
      "mois": null,
      "mode_paiement": null
    }
  },
  {
    "model": "syndic.paiement",
    "pk": 9,
    "fields": {
      "created_at": "2026-03-02T20:49:25.020Z",
      "updated_at": "2026-03-02T20:49:25.021Z",
      "residence": 1,
      "lot": 8,
      "date_paiement": "2026-03-02",
      "montant": "50.00",
      "reference": "Attijari bank 1254123652145",
      "mois": null,
      "mode_paiement": null
    }
  },
  {
    "model": "syndic.paiement",
    "pk": 13,
    "fields": {
      "created_at": "2026-03-03T15:42:24.416Z",
      "updated_at": "2026-03-03T15:42:24.416Z",
      "residence": 11,
      "lot": 60,
      "date_paiement": "2026-03-03",
      "montant": "200.00",
      "reference": "",
      "mois": null,
      "mode_paiement": null
    }
  },
  {
    "model": "syndic.paiement",
    "pk": 14,
    "fields": {
      "created_at": "2026-03-03T15:54:39.258Z",
      "updated_at": "2026-03-03T15:54:39.258Z",
      "residence": 11,
      "lot": 60,
      "date_paiement": "2026-03-03",
      "montant": "200.00",
      "reference": "",
      "mois": null,
      "mode_paiement": null
    }
  },
  {
    "model": "syndic.paiement",
    "pk": 15,
    "fields": {
      "created_at": "2026-03-03T15:54:55.349Z",
      "updated_at": "2026-03-03T15:54:55.349Z",
      "residence": 11,
      "lot": 60,
      "date_paiement": "2026-03-03",
      "montant": "200.00",
      "reference": "",
      "mois": null,
      "mode_paiement": null
    }
  },
  {
    "model": "syndic.paiement",
    "pk": 16,
    "fields": {
      "created_at": "2026-03-03T15:55:06.414Z",
      "updated_at": "2026-03-03T15:55:06.414Z",
      "residence": 11,
      "lot": 60,
      "date_paiement": "2026-03-03",
      "montant": "200.00",
      "reference": "",
      "mois": null,
      "mode_paiement": null
    }
  },
  {
    "model": "syndic.paiement",
    "pk": 19,
    "fields": {
      "created_at": "2026-03-03T16:48:23.683Z",
      "updated_at": "2026-03-03T16:48:23.683Z",
      "residence": 11,
      "lot": 63,
      "date_paiement": "2026-03-03",
      "montant": "200.00",
      "reference": "",
      "mois": null,
      "mode_paiement": null
    }
  },
  {
    "model": "syndic.paiement",
    "pk": 20,
    "fields": {
      "created_at": "2026-03-03T16:48:47.400Z",
      "updated_at": "2026-03-03T16:48:47.400Z",
      "residence": 11,
      "lot": 63,
      "date_paiement": "2026-03-03",
      "montant": "200.00",
      "reference": "",
      "mois": null,
      "mode_paiement": null
    }
  },
  {
    "model": "syndic.paiement",
    "pk": 21,
    "fields": {
      "created_at": "2026-03-03T16:49:03.905Z",
      "updated_at": "2026-03-03T16:49:03.905Z",
      "residence": 11,
      "lot": 63,
      "date_paiement": "2026-03-03",
      "montant": "200.00",
      "reference": "",
      "mois": null,
      "mode_paiement": null
    }
  },
  {
    "model": "syndic.paiement",
    "pk": 47,
    "fields": {
      "created_at": "2026-03-04T00:03:11.961Z",
      "updated_at": "2026-03-04T00:03:11.961Z",
      "residence": 1,
      "lot": 8,
      "date_paiement": "2026-03-04",
      "montant": "1500.00",
      "reference": "",
      "mois": null,
      "mode_paiement": null
    }
  },
  {
    "model": "syndic.paiement",
    "pk": 50,
    "fields": {
      "created_at": "2026-03-04T00:06:03.804Z",
      "updated_at": "2026-03-04T00:06:03.804Z",
      "residence": 11,
      "lot": 51,
      "date_paiement": "2026-03-04",
      "montant": "100.00",
      "reference": "",
      "mois": null,
      "mode_paiement": null
    }
  },
  {
    "model": "syndic.paiement",
    "pk": 51,
    "fields": {
      "created_at": "2026-03-04T00:06:54.949Z",
      "updated_at": "2026-03-04T00:06:54.949Z",
      "residence": 11,
      "lot": 59,
      "date_paiement": "2026-03-04",
      "montant": "600.00",
      "reference": "",
      "mois": null,
      "mode_paiement": null
    }
  },
  {
    "model": "syndic.paiement",
    "pk": 52,
    "fields": {
      "created_at": "2026-03-04T00:20:30.259Z",
      "updated_at": "2026-03-04T00:20:30.259Z",
      "residence": 11,
      "lot": 68,
      "date_paiement": "2026-03-04",
      "montant": "2400.00",
      "reference": "",
      "mois": null,
      "mode_paiement": null
    }
  },
  {
    "model": "syndic.paiement",
    "pk": 53,
    "fields": {
      "created_at": "2026-03-04T00:20:50.226Z",
      "updated_at": "2026-03-04T00:20:50.227Z",
      "residence": 11,
      "lot": 69,
      "date_paiement": "2026-03-04",
      "montant": "2400.00",
      "reference": "",
      "mois": null,
      "mode_paiement": null
    }
  },
  {
    "model": "syndic.paiement",
    "pk": 54,
    "fields": {
      "created_at": "2026-03-04T00:21:18.035Z",
      "updated_at": "2026-03-04T00:21:18.035Z",
      "residence": 11,
      "lot": 56,
      "date_paiement": "2026-03-04",
      "montant": "1000.00",
      "reference": "",
      "mois": null,
      "mode_paiement": null
    }
  },
  {
    "model": "syndic.paiement",
    "pk": 55,
    "fields": {
      "created_at": "2026-03-04T00:21:40.825Z",
      "updated_at": "2026-03-04T00:21:40.826Z",
      "residence": 11,
      "lot": 59,
      "date_paiement": "2026-03-04",
      "montant": "1200.00",
      "reference": "",
      "mois": null,
      "mode_paiement": null
    }
  },
  {
    "model": "syndic.paiement",
    "pk": 56,
    "fields": {
      "created_at": "2026-03-04T00:24:40.384Z",
      "updated_at": "2026-03-04T00:24:40.384Z",
      "residence": 2,
      "lot": 85,
      "date_paiement": "2026-03-04",
      "montant": "5000.00",
      "reference": "",
      "mois": null,
      "mode_paiement": null
    }
  },
  {
    "model": "syndic.paiement",
    "pk": 57,
    "fields": {
      "created_at": "2026-03-04T00:25:13.429Z",
      "updated_at": "2026-03-04T00:25:13.429Z",
      "residence": 2,
      "lot": 86,
      "date_paiement": "2026-03-04",
      "montant": "7500.00",
      "reference": "",
      "mois": null,
      "mode_paiement": null
    }
  },
  {
    "model": "syndic.paiement",
    "pk": 58,
    "fields": {
      "created_at": "2026-03-04T00:25:41.157Z",
      "updated_at": "2026-03-04T00:25:41.157Z",
      "residence": 2,
      "lot": 88,
      "date_paiement": "2026-03-04",
      "montant": "1000.00",
      "reference": "",
      "mois": null,
      "mode_paiement": null
    }
  },
  {
    "model": "syndic.paiement",
    "pk": 59,
    "fields": {
      "created_at": "2026-03-04T00:29:13.130Z",
      "updated_at": "2026-03-04T00:29:13.130Z",
      "residence": 2,
      "lot": 85,
      "date_paiement": "2026-03-04",
      "montant": "3000.00",
      "reference": "",
      "mois": null,
      "mode_paiement": null
    }
  },
  {
    "model": "syndic.paiement",
    "pk": 60,
    "fields": {
      "created_at": "2026-03-04T00:29:56.325Z",
      "updated_at": "2026-03-04T00:29:56.325Z",
      "residence": 2,
      "lot": 85,
      "date_paiement": "2026-03-04",
      "montant": "500.00",
      "reference": "",
      "mois": null,
      "mode_paiement": null
    }
  },
  {
    "model": "syndic.paiement",
    "pk": 61,
    "fields": {
      "created_at": "2026-03-04T00:31:31.137Z",
      "updated_at": "2026-03-04T00:31:31.137Z",
      "residence": 2,
      "lot": 85,
      "date_paiement": "2026-03-04",
      "montant": "500.00",
      "reference": "",
      "mois": null,
      "mode_paiement": null
    }
  },
  {
    "model": "syndic.paiement",
    "pk": 62,
    "fields": {
      "created_at": "2026-03-04T19:14:41.479Z",
      "updated_at": "2026-03-04T19:14:41.479Z",
      "residence": 11,
      "lot": 56,
      "date_paiement": "2026-03-04",
      "montant": "600.00",
      "reference": "",
      "mois": null,
      "mode_paiement": null
    }
  },
  {
    "model": "syndic.paiement",
    "pk": 63,
    "fields": {
      "created_at": "2026-03-04T19:15:04.457Z",
      "updated_at": "2026-03-04T19:15:04.457Z",
      "residence": 11,
      "lot": 56,
      "date_paiement": "2026-03-04",
      "montant": "100.00",
      "reference": "",
      "mois": null,
      "mode_paiement": null
    }
  },
  {
    "model": "syndic.paiement",
    "pk": 64,
    "fields": {
      "created_at": "2026-03-04T19:38:03.196Z",
      "updated_at": "2026-03-04T19:38:03.196Z",
      "residence": 11,
      "lot": 54,
      "date_paiement": "2026-03-04",
      "montant": "200.00",
      "reference": "",
      "mois": null,
      "mode_paiement": null
    }
  },
  {
    "model": "syndic.paiement",
    "pk": 65,
    "fields": {
      "created_at": "2026-03-04T19:38:52.537Z",
      "updated_at": "2026-03-04T19:38:52.537Z",
      "residence": 11,
      "lot": 54,
      "date_paiement": "2026-03-04",
      "montant": "350.00",
      "reference": "",
      "mois": null,
      "mode_paiement": null
    }
  },
  {
    "model": "syndic.paiement",
    "pk": 66,
    "fields": {
      "created_at": "2026-03-04T19:39:40.694Z",
      "updated_at": "2026-03-04T19:39:40.694Z",
      "residence": 11,
      "lot": 64,
      "date_paiement": "2026-03-04",
      "montant": "400.00",
      "reference": "",
      "mois": null,
      "mode_paiement": null
    }
  },
  {
    "model": "syndic.paiement",
    "pk": 67,
    "fields": {
      "created_at": "2026-03-04T19:43:24.299Z",
      "updated_at": "2026-03-04T19:43:24.299Z",
      "residence": 11,
      "lot": 52,
      "date_paiement": "2026-03-04",
      "montant": "500.00",
      "reference": "",
      "mois": null,
      "mode_paiement": null
    }
  },
  {
    "model": "syndic.paiement",
    "pk": 68,
    "fields": {
      "created_at": "2026-03-04T19:43:45.852Z",
      "updated_at": "2026-03-04T19:43:45.852Z",
      "residence": 11,
      "lot": 52,
      "date_paiement": "2026-03-04",
      "montant": "500.00",
      "reference": "",
      "mois": null,
      "mode_paiement": null
    }
  },
  {
    "model": "syndic.paiement",
    "pk": 69,
    "fields": {
      "created_at": "2026-03-04T19:44:32.761Z",
      "updated_at": "2026-03-04T19:44:32.761Z",
      "residence": 11,
      "lot": 52,
      "date_paiement": "2026-03-04",
      "montant": "800.00",
      "reference": "",
      "mois": null,
      "mode_paiement": null
    }
  },
  {
    "model": "syndic.paiement",
    "pk": 73,
    "fields": {
      "created_at": "2026-03-04T20:41:18.196Z",
      "updated_at": "2026-03-04T20:41:18.196Z",
      "residence": 2,
      "lot": 85,
      "date_paiement": "2026-03-04",
      "montant": "1500.00",
      "reference": "",
      "mois": null,
      "mode_paiement": null
    }
  },
  {
    "model": "syndic.paiement",
    "pk": 74,
    "fields": {
      "created_at": "2026-03-04T20:41:52.935Z",
      "updated_at": "2026-03-04T20:41:52.935Z",
      "residence": 2,
      "lot": 88,
      "date_paiement": "2026-03-04",
      "montant": "2000.00",
      "reference": "",
      "mois": null,
      "mode_paiement": null
    }
  },
  {
    "model": "syndic.paiement",
    "pk": 75,
    "fields": {
      "created_at": "2026-03-04T20:43:05.756Z",
      "updated_at": "2026-03-04T20:43:05.756Z",
      "residence": 2,
      "lot": 87,
      "date_paiement": "2026-03-04",
      "montant": "7000.00",
      "reference": "",
      "mois": null,
      "mode_paiement": null
    }
  },
  {
    "model": "syndic.paiement",
    "pk": 76,
    "fields": {
      "created_at": "2026-03-04T20:45:24.983Z",
      "updated_at": "2026-03-04T20:45:24.983Z",
      "residence": 2,
      "lot": 87,
      "date_paiement": "2026-03-04",
      "montant": "500.00",
      "reference": "",
      "mois": null,
      "mode_paiement": null
    }
  },
  {
    "model": "syndic.paiement",
    "pk": 77,
    "fields": {
      "created_at": "2026-03-04T20:45:45.279Z",
      "updated_at": "2026-03-04T20:45:45.279Z",
      "residence": 2,
      "lot": 87,
      "date_paiement": "2026-03-04",
      "montant": "3000.00",
      "reference": "",
      "mois": null,
      "mode_paiement": null
    }
  },
  {
    "model": "syndic.paiement",
    "pk": 78,
    "fields": {
      "created_at": "2026-03-04T21:11:38.283Z",
      "updated_at": "2026-03-04T21:11:38.283Z",
      "residence": 12,
      "lot": 79,
      "date_paiement": "2026-03-04",
      "montant": "1100.00",
      "reference": "",
      "mois": null,
      "mode_paiement": null
    }
  },
  {
    "model": "syndic.paiement",
    "pk": 79,
    "fields": {
      "created_at": "2026-03-04T21:11:52.917Z",
      "updated_at": "2026-03-04T21:11:52.917Z",
      "residence": 12,
      "lot": 79,
      "date_paiement": "2026-03-04",
      "montant": "1550.00",
      "reference": "",
      "mois": null,
      "mode_paiement": null
    }
  },
  {
    "model": "syndic.paiement",
    "pk": 103,
    "fields": {
      "created_at": "2026-03-05T11:56:46.635Z",
      "updated_at": "2026-03-05T11:56:46.635Z",
      "residence": 11,
      "lot": 50,
      "date_paiement": "2026-03-05",
      "montant": "100.00",
      "reference": "",
      "mois": null,
      "mode_paiement": null
    }
  },
  {
    "model": "syndic.paiement",
    "pk": 104,
    "fields": {
      "created_at": "2026-03-05T11:56:59.685Z",
      "updated_at": "2026-03-05T11:56:59.685Z",
      "residence": 11,
      "lot": 50,
      "date_paiement": "2026-03-05",
      "montant": "300.00",
      "reference": "",
      "mois": null,
      "mode_paiement": null
    }
  },
  {
    "model": "syndic.paiement",
    "pk": 105,
    "fields": {
      "created_at": "2026-03-05T11:57:16.204Z",
      "updated_at": "2026-03-05T11:57:16.204Z",
      "residence": 11,
      "lot": 50,
      "date_paiement": "2026-03-05",
      "montant": "200.00",
      "reference": "",
      "mois": null,
      "mode_paiement": null
    }
  },
  {
    "model": "syndic.paiement",
    "pk": 106,
    "fields": {
      "created_at": "2026-03-05T15:43:29.677Z",
      "updated_at": "2026-03-05T15:43:29.677Z",
      "residence": 12,
      "lot": 80,
      "date_paiement": "2026-03-05",
      "montant": "1000.00",
      "reference": "CHEQUE CCP 4512365241",
      "mois": null,
      "mode_paiement": null
    }
  },
  {
    "model": "syndic.paiement",
    "pk": 107,
    "fields": {
      "created_at": "2026-03-05T15:44:08.192Z",
      "updated_at": "2026-03-05T15:44:08.192Z",
      "residence": 12,
      "lot": 80,
      "date_paiement": "2026-03-05",
      "montant": "1000.00",
      "reference": "ATTIJARI 784512",
      "mois": null,
      "mode_paiement": null
    }
  },
  {
    "model": "syndic.paiement",
    "pk": 108,
    "fields": {
      "created_at": "2026-03-05T16:54:45.369Z",
      "updated_at": "2026-03-05T16:54:45.369Z",
      "residence": 12,
      "lot": 78,
      "date_paiement": "2026-03-05",
      "montant": "500.00",
      "reference": "",
      "mois": null,
      "mode_paiement": null
    }
  },
  {
    "model": "syndic.paiement",
    "pk": 109,
    "fields": {
      "created_at": "2026-03-05T16:55:01.425Z",
      "updated_at": "2026-03-05T16:55:01.425Z",
      "residence": 12,
      "lot": 78,
      "date_paiement": "2026-03-05",
      "montant": "250.00",
      "reference": "250",
      "mois": null,
      "mode_paiement": null
    }
  },
  {
    "model": "syndic.paiement",
    "pk": 110,
    "fields": {
      "created_at": "2026-03-05T21:28:53.362Z",
      "updated_at": "2026-03-05T21:28:53.362Z",
      "residence": 12,
      "lot": 78,
      "date_paiement": "2026-03-05",
      "montant": "500.00",
      "reference": "",
      "mois": null,
      "mode_paiement": null
    }
  },
  {
    "model": "syndic.paiement",
    "pk": 119,
    "fields": {
      "created_at": "2026-03-09T22:29:55.604Z",
      "updated_at": "2026-03-09T22:29:55.604Z",
      "residence": 16,
      "lot": 150,
      "date_paiement": "2026-03-09",
      "montant": "250.00",
      "reference": "",
      "mois": null,
      "mode_paiement": null
    }
  },
  {
    "model": "syndic.paiement",
    "pk": 120,
    "fields": {
      "created_at": "2026-03-09T22:30:10.643Z",
      "updated_at": "2026-03-09T22:30:10.643Z",
      "residence": 16,
      "lot": 150,
      "date_paiement": "2026-03-09",
      "montant": "300.00",
      "reference": "",
      "mois": null,
      "mode_paiement": null
    }
  },
  {
    "model": "syndic.paiement",
    "pk": 121,
    "fields": {
      "created_at": "2026-03-09T22:30:34.572Z",
      "updated_at": "2026-03-09T22:30:34.572Z",
      "residence": 16,
      "lot": 151,
      "date_paiement": "2026-03-09",
      "montant": "400.00",
      "reference": "",
      "mois": null,
      "mode_paiement": null
    }
  },
  {
    "model": "syndic.paiement",
    "pk": 122,
    "fields": {
      "created_at": "2026-03-09T22:31:15.728Z",
      "updated_at": "2026-03-09T22:31:15.728Z",
      "residence": 16,
      "lot": 152,
      "date_paiement": "2026-03-09",
      "montant": "400.00",
      "reference": "CHEQUE 124578",
      "mois": null,
      "mode_paiement": null
    }
  },
  {
    "model": "syndic.paiement",
    "pk": 123,
    "fields": {
      "created_at": "2026-03-10T00:10:27.788Z",
      "updated_at": "2026-03-10T00:10:27.788Z",
      "residence": 16,
      "lot": 153,
      "date_paiement": "2026-03-10",
      "montant": "100.00",
      "reference": "",
      "mois": null,
      "mode_paiement": null
    }
  },
  {
    "model": "syndic.paiement",
    "pk": 285,
    "fields": {
      "created_at": "2026-03-13T09:25:27.022Z",
      "updated_at": "2026-03-13T09:25:27.022Z",
      "residence": 15,
      "lot": 133,
      "date_paiement": "2026-03-13",
      "montant": "200.00",
      "reference": "",
      "mois": null,
      "mode_paiement": "ESPECES"
    }
  },
  {
    "model": "syndic.paiement",
    "pk": 286,
    "fields": {
      "created_at": "2026-03-13T09:32:54.384Z",
      "updated_at": "2026-03-13T09:33:21.924Z",
      "residence": 14,
      "lot": 93,
      "date_paiement": "2026-03-13",
      "montant": "300.00",
      "reference": "",
      "mois": "FEV",
      "mode_paiement": null
    }
  },
  {
    "model": "syndic.paiement",
    "pk": 287,
    "fields": {
      "created_at": "2026-03-13T09:34:10.298Z",
      "updated_at": "2026-03-13T09:34:29.278Z",
      "residence": 15,
      "lot": 126,
      "date_paiement": "2026-03-13",
      "montant": "500.00",
      "reference": "",
      "mois": "JAN",
      "mode_paiement": null
    }
  },
  {
    "model": "syndic.paiement",
    "pk": 288,
    "fields": {
      "created_at": "2026-03-13T10:05:16.369Z",
      "updated_at": "2026-03-13T10:05:16.369Z",
      "residence": 14,
      "lot": 97,
      "date_paiement": "2026-03-12",
      "montant": "550.00",
      "reference": "",
      "mois": null,
      "mode_paiement": null
    }
  },
  {
    "model": "syndic.paiement",
    "pk": 289,
    "fields": {
      "created_at": "2026-03-13T10:05:16.571Z",
      "updated_at": "2026-03-13T10:05:16.571Z",
      "residence": 14,
      "lot": 89,
      "date_paiement": "2026-03-12",
      "montant": "250.00",
      "reference": "",
      "mois": null,
      "mode_paiement": null
    }
  },
  {
    "model": "syndic.paiement",
    "pk": 290,
    "fields": {
      "created_at": "2026-03-13T10:05:16.650Z",
      "updated_at": "2026-03-13T10:05:16.650Z",
      "residence": 14,
      "lot": 89,
      "date_paiement": "2026-03-12",
      "montant": "100.00",
      "reference": "",
      "mois": null,
      "mode_paiement": null
    }
  },
  {
    "model": "syndic.paiement",
    "pk": 291,
    "fields": {
      "created_at": "2026-03-13T10:05:16.731Z",
      "updated_at": "2026-03-13T10:05:16.731Z",
      "residence": 14,
      "lot": 90,
      "date_paiement": "2026-03-12",
      "montant": "700.00",
      "reference": "",
      "mois": null,
      "mode_paiement": null
    }
  },
  {
    "model": "syndic.paiement",
    "pk": 292,
    "fields": {
      "created_at": "2026-03-13T10:05:16.882Z",
      "updated_at": "2026-03-13T10:05:16.882Z",
      "residence": 14,
      "lot": 91,
      "date_paiement": "2026-03-12",
      "montant": "300.00",
      "reference": "",
      "mois": null,
      "mode_paiement": null
    }
  },
  {
    "model": "syndic.paiement",
    "pk": 293,
    "fields": {
      "created_at": "2026-03-13T10:05:16.976Z",
      "updated_at": "2026-03-13T10:05:16.976Z",
      "residence": 14,
      "lot": 93,
      "date_paiement": "2026-03-12",
      "montant": "250.00",
      "reference": "",
      "mois": null,
      "mode_paiement": null
    }
  },
  {
    "model": "syndic.paiement",
    "pk": 294,
    "fields": {
      "created_at": "2026-03-13T10:05:17.041Z",
      "updated_at": "2026-03-13T10:05:17.041Z",
      "residence": 14,
      "lot": 92,
      "date_paiement": "2026-03-12",
      "montant": "300.00",
      "reference": "",
      "mois": null,
      "mode_paiement": null
    }
  },
  {
    "model": "syndic.paiement",
    "pk": 295,
    "fields": {
      "created_at": "2026-03-13T10:05:17.136Z",
      "updated_at": "2026-03-13T10:05:17.136Z",
      "residence": 14,
      "lot": 94,
      "date_paiement": "2026-03-12",
      "montant": "250.00",
      "reference": "",
      "mois": null,
      "mode_paiement": null
    }
  },
  {
    "model": "syndic.paiement",
    "pk": 296,
    "fields": {
      "created_at": "2026-03-13T10:05:17.191Z",
      "updated_at": "2026-03-13T10:05:17.191Z",
      "residence": 14,
      "lot": 95,
      "date_paiement": "2026-03-12",
      "montant": "300.00",
      "reference": "",
      "mois": null,
      "mode_paiement": null
    }
  },
  {
    "model": "syndic.paiement",
    "pk": 297,
    "fields": {
      "created_at": "2026-03-13T10:05:17.278Z",
      "updated_at": "2026-03-13T10:05:17.278Z",
      "residence": 14,
      "lot": 96,
      "date_paiement": "2026-03-12",
      "montant": "250.00",
      "reference": "",
      "mois": null,
      "mode_paiement": null
    }
  },
  {
    "model": "syndic.paiement",
    "pk": 298,
    "fields": {
      "created_at": "2026-03-13T10:05:17.332Z",
      "updated_at": "2026-03-13T10:05:17.332Z",
      "residence": 14,
      "lot": 97,
      "date_paiement": "2026-03-12",
      "montant": "300.00",
      "reference": "",
      "mois": null,
      "mode_paiement": null
    }
  },
  {
    "model": "syndic.paiement",
    "pk": 299,
    "fields": {
      "created_at": "2026-03-13T10:05:17.420Z",
      "updated_at": "2026-03-13T10:05:17.420Z",
      "residence": 14,
      "lot": 90,
      "date_paiement": "2026-03-12",
      "montant": "150.00",
      "reference": "",
      "mois": null,
      "mode_paiement": "ESPECES"
    }
  },
  {
    "model": "syndic.paiement",
    "pk": 300,
    "fields": {
      "created_at": "2026-03-13T10:05:17.475Z",
      "updated_at": "2026-03-13T10:05:17.475Z",
      "residence": 14,
      "lot": 95,
      "date_paiement": "2026-03-12",
      "montant": "200.00",
      "reference": "",
      "mois": null,
      "mode_paiement": null
    }
  },
  {
    "model": "syndic.paiement",
    "pk": 301,
    "fields": {
      "created_at": "2026-03-13T10:33:29.720Z",
      "updated_at": "2026-03-13T10:33:29.720Z",
      "residence": 14,
      "lot": 89,
      "date_paiement": "2026-03-13",
      "montant": "100.00",
      "reference": "",
      "mois": null,
      "mode_paiement": null
    }
  },
  {
    "model": "syndic.paiement",
    "pk": 302,
    "fields": {
      "created_at": "2026-03-13T10:33:43.967Z",
      "updated_at": "2026-03-13T10:33:43.967Z",
      "residence": 14,
      "lot": 89,
      "date_paiement": "2026-03-13",
      "montant": "50.00",
      "reference": "",
      "mois": null,
      "mode_paiement": null
    }
  },
  {
    "model": "syndic.paiement",
    "pk": 303,
    "fields": {
      "created_at": "2026-03-13T10:33:58.504Z",
      "updated_at": "2026-03-13T10:33:58.504Z",
      "residence": 14,
      "lot": 89,
      "date_paiement": "2026-03-13",
      "montant": "10.00",
      "reference": "",
      "mois": null,
      "mode_paiement": null
    }
  },
  {
    "model": "syndic.paiement",
    "pk": 304,
    "fields": {
      "created_at": "2026-03-13T10:34:06.291Z",
      "updated_at": "2026-03-13T10:34:06.291Z",
      "residence": 14,
      "lot": 89,
      "date_paiement": "2026-03-13",
      "montant": "20.00",
      "reference": "",
      "mois": null,
      "mode_paiement": null
    }
  },
  {
    "model": "syndic.paiement",
    "pk": 305,
    "fields": {
      "created_at": "2026-03-13T10:34:12.783Z",
      "updated_at": "2026-03-13T10:34:12.783Z",
      "residence": 14,
      "lot": 89,
      "date_paiement": "2026-03-13",
      "montant": "20.00",
      "reference": "",
      "mois": null,
      "mode_paiement": null
    }
  },
  {
    "model": "syndic.paiement",
    "pk": 306,
    "fields": {
      "created_at": "2026-03-13T10:34:19.551Z",
      "updated_at": "2026-03-13T10:34:19.551Z",
      "residence": 14,
      "lot": 89,
      "date_paiement": "2026-03-13",
      "montant": "20.00",
      "reference": "",
      "mois": null,
      "mode_paiement": null
    }
  },
  {
    "model": "syndic.paiement",
    "pk": 307,
    "fields": {
      "created_at": "2026-03-13T10:34:25.640Z",
      "updated_at": "2026-03-13T10:34:25.640Z",
      "residence": 14,
      "lot": 89,
      "date_paiement": "2026-03-13",
      "montant": "20.00",
      "reference": "",
      "mois": null,
      "mode_paiement": null
    }
  },
  {
    "model": "syndic.paiement",
    "pk": 308,
    "fields": {
      "created_at": "2026-03-13T10:34:31.840Z",
      "updated_at": "2026-03-13T10:34:31.840Z",
      "residence": 14,
      "lot": 89,
      "date_paiement": "2026-03-13",
      "montant": "20.00",
      "reference": "",
      "mois": null,
      "mode_paiement": null
    }
  },
  {
    "model": "syndic.paiement",
    "pk": 309,
    "fields": {
      "created_at": "2026-03-13T10:34:38.256Z",
      "updated_at": "2026-03-13T10:34:38.256Z",
      "residence": 14,
      "lot": 89,
      "date_paiement": "2026-03-13",
      "montant": "20.00",
      "reference": "",
      "mois": null,
      "mode_paiement": null
    }
  },
  {
    "model": "syndic.paiement",
    "pk": 310,
    "fields": {
      "created_at": "2026-03-13T10:34:45.358Z",
      "updated_at": "2026-03-13T10:34:45.358Z",
      "residence": 14,
      "lot": 89,
      "date_paiement": "2026-03-13",
      "montant": "20.00",
      "reference": "",
      "mois": null,
      "mode_paiement": null
    }
  },
  {
    "model": "syndic.appelcharge",
    "pk": 60,
    "fields": {
      "created_at": "2026-03-02T15:09:06.484Z",
      "updated_at": "2026-03-02T15:09:06.484Z",
      "residence": 4,
      "type_charge": "FOND",
      "exercice": 2026,
      "periode": "FOND",
      "code_fond": "AF 2026 - 1",
      "nom_fond": null,
      "description_appel": "Parabole",
      "date_emission": "2026-03-02",
      "archive_comptable": null
    }
  },
  {
    "model": "syndic.appelcharge",
    "pk": 61,
    "fields": {
      "created_at": "2026-03-02T15:10:26.827Z",
      "updated_at": "2026-03-02T15:10:26.827Z",
      "residence": 4,
      "type_charge": "FOND",
      "exercice": 2026,
      "periode": "FOND",
      "code_fond": "AF 2026 - 2",
      "nom_fond": null,
      "description_appel": "Ascensseur",
      "date_emission": "2026-03-02",
      "archive_comptable": null
    }
  },
  {
    "model": "syndic.appelcharge",
    "pk": 62,
    "fields": {
      "created_at": "2026-03-02T15:34:07.734Z",
      "updated_at": "2026-03-02T15:34:07.734Z",
      "residence": 6,
      "type_charge": "CHARGE",
      "exercice": 2026,
      "periode": "ANNEE",
      "code_fond": "Année 2026",
      "nom_fond": null,
      "description_appel": "",
      "date_emission": "2026-03-02",
      "archive_comptable": null
    }
  },
  {
    "model": "syndic.appelcharge",
    "pk": 63,
    "fields": {
      "created_at": "2026-03-02T15:35:34.637Z",
      "updated_at": "2026-03-02T15:35:34.637Z",
      "residence": 4,
      "type_charge": "CHARGE",
      "exercice": 2026,
      "periode": "FEV",
      "code_fond": "Février 2026",
      "nom_fond": null,
      "description_appel": "",
      "date_emission": "2026-03-02",
      "archive_comptable": null
    }
  },
  {
    "model": "syndic.appelcharge",
    "pk": 64,
    "fields": {
      "created_at": "2026-03-02T15:37:56.374Z",
      "updated_at": "2026-03-02T15:37:56.374Z",
      "residence": 7,
      "type_charge": "CHARGE",
      "exercice": 2026,
      "periode": "JAN",
      "code_fond": "Janvier 2026",
      "nom_fond": null,
      "description_appel": "",
      "date_emission": "2026-03-02",
      "archive_comptable": null
    }
  },
  {
    "model": "syndic.appelcharge",
    "pk": 65,
    "fields": {
      "created_at": "2026-03-02T15:38:04.360Z",
      "updated_at": "2026-03-02T15:38:04.360Z",
      "residence": 7,
      "type_charge": "CHARGE",
      "exercice": 2026,
      "periode": "FEV",
      "code_fond": "Février 2026",
      "nom_fond": null,
      "description_appel": "",
      "date_emission": "2026-03-02",
      "archive_comptable": null
    }
  },
  {
    "model": "syndic.appelcharge",
    "pk": 66,
    "fields": {
      "created_at": "2026-03-02T15:38:17.483Z",
      "updated_at": "2026-03-02T15:38:17.483Z",
      "residence": 7,
      "type_charge": "CHARGE",
      "exercice": 2026,
      "periode": "MAR",
      "code_fond": "Mars 2026",
      "nom_fond": null,
      "description_appel": "",
      "date_emission": "2026-03-02",
      "archive_comptable": null
    }
  },
  {
    "model": "syndic.appelcharge",
    "pk": 67,
    "fields": {
      "created_at": "2026-03-02T15:38:24.986Z",
      "updated_at": "2026-03-02T15:38:24.986Z",
      "residence": 7,
      "type_charge": "CHARGE",
      "exercice": 2026,
      "periode": "AVR",
      "code_fond": "Avril 2026",
      "nom_fond": null,
      "description_appel": "",
      "date_emission": "2026-03-02",
      "archive_comptable": null
    }
  },
  {
    "model": "syndic.appelcharge",
    "pk": 68,
    "fields": {
      "created_at": "2026-03-02T15:38:31.974Z",
      "updated_at": "2026-03-02T15:38:31.974Z",
      "residence": 7,
      "type_charge": "CHARGE",
      "exercice": 2026,
      "periode": "MAI",
      "code_fond": "Mai 2026",
      "nom_fond": null,
      "description_appel": "",
      "date_emission": "2026-03-02",
      "archive_comptable": null
    }
  },
  {
    "model": "syndic.appelcharge",
    "pk": 69,
    "fields": {
      "created_at": "2026-03-02T16:11:12.859Z",
      "updated_at": "2026-03-10T20:53:50.094Z",
      "residence": 12,
      "type_charge": "CHARGE",
      "exercice": 2026,
      "periode": "ANNEE",
      "code_fond": "ANNEE_2026",
      "nom_fond": "AAAAAA",
      "description_appel": "",
      "date_emission": "2026-03-02",
      "archive_comptable": null
    }
  },
  {
    "model": "syndic.appelcharge",
    "pk": 70,
    "fields": {
      "created_at": "2026-03-02T16:22:57.382Z",
      "updated_at": "2026-03-02T16:22:57.382Z",
      "residence": 10,
      "type_charge": "CHARGE",
      "exercice": 2026,
      "periode": "ANNEE",
      "code_fond": "Année 2026",
      "nom_fond": null,
      "description_appel": "",
      "date_emission": "2026-03-02",
      "archive_comptable": null
    }
  },
  {
    "model": "syndic.appelcharge",
    "pk": 99,
    "fields": {
      "created_at": "2026-03-04T00:23:55.745Z",
      "updated_at": "2026-03-04T00:23:55.746Z",
      "residence": 2,
      "type_charge": "CHARGE",
      "exercice": 2026,
      "periode": "ANNEE",
      "code_fond": "Année 2026",
      "nom_fond": null,
      "description_appel": "",
      "date_emission": "2026-03-04",
      "archive_comptable": null
    }
  },
  {
    "model": "syndic.appelcharge",
    "pk": 100,
    "fields": {
      "created_at": "2026-03-04T00:27:20.228Z",
      "updated_at": "2026-03-04T00:27:20.228Z",
      "residence": 2,
      "type_charge": "FOND",
      "exercice": 2026,
      "periode": "FOND",
      "code_fond": "AF 2026 - 1",
      "nom_fond": null,
      "description_appel": "",
      "date_emission": "2026-03-04",
      "archive_comptable": null
    }
  },
  {
    "model": "syndic.appelcharge",
    "pk": 101,
    "fields": {
      "created_at": "2026-03-04T00:31:01.444Z",
      "updated_at": "2026-03-04T00:31:01.444Z",
      "residence": 2,
      "type_charge": "FOND",
      "exercice": 2026,
      "periode": "FOND",
      "code_fond": "AF 2026 - 2",
      "nom_fond": null,
      "description_appel": "",
      "date_emission": "2026-03-04",
      "archive_comptable": null
    }
  },
  {
    "model": "syndic.appelcharge",
    "pk": 102,
    "fields": {
      "created_at": "2026-03-04T13:53:45.864Z",
      "updated_at": "2026-03-04T13:53:45.864Z",
      "residence": 6,
      "type_charge": "CHARGE",
      "exercice": 2027,
      "periode": "ANNEE",
      "code_fond": "Année 2027",
      "nom_fond": null,
      "description_appel": "",
      "date_emission": "2026-03-04",
      "archive_comptable": null
    }
  },
  {
    "model": "syndic.appelcharge",
    "pk": 117,
    "fields": {
      "created_at": "2026-03-04T21:09:07.300Z",
      "updated_at": "2026-03-04T21:09:07.300Z",
      "residence": 12,
      "type_charge": "CHARGE",
      "exercice": 2025,
      "periode": "ANNEE",
      "code_fond": "Année 2025",
      "nom_fond": null,
      "description_appel": "",
      "date_emission": "2026-03-04",
      "archive_comptable": null
    }
  },
  {
    "model": "syndic.appelcharge",
    "pk": 118,
    "fields": {
      "created_at": "2026-03-04T21:09:39.829Z",
      "updated_at": "2026-03-10T20:52:00.137Z",
      "residence": 12,
      "type_charge": "FOND",
      "exercice": 2026,
      "periode": "FOND",
      "code_fond": "Jardin",
      "nom_fond": "zzzz",
      "description_appel": "",
      "date_emission": "2026-03-04",
      "archive_comptable": null
    }
  },
  {
    "model": "syndic.appelcharge",
    "pk": 119,
    "fields": {
      "created_at": "2026-03-04T21:10:09.588Z",
      "updated_at": "2026-03-10T20:51:31.278Z",
      "residence": 12,
      "type_charge": "FOND",
      "exercice": 2026,
      "periode": "FOND",
      "code_fond": "Porte Garage",
      "nom_fond": "",
      "description_appel": "",
      "date_emission": "2026-03-04",
      "archive_comptable": null
    }
  },
  {
    "model": "syndic.appelcharge",
    "pk": 137,
    "fields": {
      "created_at": "2026-03-05T11:55:37.419Z",
      "updated_at": "2026-03-05T11:55:37.419Z",
      "residence": 11,
      "type_charge": "CHARGE",
      "exercice": 2026,
      "periode": "JAN",
      "code_fond": "JAN_2026",
      "nom_fond": "",
      "description_appel": "",
      "date_emission": "2026-03-05",
      "archive_comptable": null
    }
  },
  {
    "model": "syndic.appelcharge",
    "pk": 138,
    "fields": {
      "created_at": "2026-03-05T11:56:05.696Z",
      "updated_at": "2026-03-05T11:56:05.696Z",
      "residence": 11,
      "type_charge": "FOND",
      "exercice": 2026,
      "periode": "FOND",
      "code_fond": "AF_2026 1",
      "nom_fond": "xyz",
      "description_appel": "",
      "date_emission": "2026-03-05",
      "archive_comptable": null
    }
  },
  {
    "model": "syndic.appelcharge",
    "pk": 143,
    "fields": {
      "created_at": "2026-03-09T22:27:57.942Z",
      "updated_at": "2026-03-09T22:27:57.942Z",
      "residence": 16,
      "type_charge": "CHARGE",
      "exercice": 2026,
      "periode": "ANNEE",
      "code_fond": "ANNEE_2026",
      "nom_fond": "Appel de charge 2026",
      "description_appel": "",
      "date_emission": "2026-03-09",
      "archive_comptable": null
    }
  },
  {
    "model": "syndic.appelcharge",
    "pk": 144,
    "fields": {
      "created_at": "2026-03-09T22:28:50.139Z",
      "updated_at": "2026-03-09T22:28:50.139Z",
      "residence": 16,
      "type_charge": "FOND",
      "exercice": 2026,
      "periode": "FOND",
      "code_fond": "AF_2026 1",
      "nom_fond": "Façade",
      "description_appel": "",
      "date_emission": "2026-03-09",
      "archive_comptable": null
    }
  },
  {
    "model": "syndic.appelcharge",
    "pk": 145,
    "fields": {
      "created_at": "2026-03-10T20:38:53.228Z",
      "updated_at": "2026-03-10T20:38:53.228Z",
      "residence": 12,
      "type_charge": "FOND",
      "exercice": 2026,
      "periode": "FOND",
      "code_fond": "AF_2026 3",
      "nom_fond": "essai",
      "description_appel": "",
      "date_emission": "2026-03-10",
      "archive_comptable": null
    }
  },
  {
    "model": "syndic.appelcharge",
    "pk": 146,
    "fields": {
      "created_at": "2026-03-10T20:47:58.548Z",
      "updated_at": "2026-03-10T20:47:58.548Z",
      "residence": 12,
      "type_charge": "CHARGE",
      "exercice": 2027,
      "periode": "ANNEE",
      "code_fond": "ANNEE_2027",
      "nom_fond": "charges 2027",
      "description_appel": "",
      "date_emission": "2026-03-10",
      "archive_comptable": null
    }
  },
  {
    "model": "syndic.appelcharge",
    "pk": 147,
    "fields": {
      "created_at": "2026-03-11T13:42:26.388Z",
      "updated_at": "2026-03-11T13:42:26.388Z",
      "residence": 14,
      "type_charge": "CHARGE",
      "exercice": 2026,
      "periode": "ANNEE",
      "code_fond": "ANNEE_2026",
      "nom_fond": "Charge 2026",
      "description_appel": "",
      "date_emission": "2026-03-11",
      "archive_comptable": null
    }
  },
  {
    "model": "syndic.appelcharge",
    "pk": 148,
    "fields": {
      "created_at": "2026-03-11T13:43:23.540Z",
      "updated_at": "2026-03-11T13:43:23.540Z",
      "residence": 14,
      "type_charge": "FOND",
      "exercice": 2026,
      "periode": "FOND",
      "code_fond": "AF_2026 1",
      "nom_fond": "Panneaux Solaires",
      "description_appel": "",
      "date_emission": "2026-03-11",
      "archive_comptable": null
    }
  },
  {
    "model": "syndic.appelcharge",
    "pk": 149,
    "fields": {
      "created_at": "2026-03-11T20:42:30.132Z",
      "updated_at": "2026-03-11T20:42:30.132Z",
      "residence": 14,
      "type_charge": "CHARGE",
      "exercice": 2027,
      "periode": "ANNEE",
      "code_fond": "ANNEE_2027",
      "nom_fond": "",
      "description_appel": "",
      "date_emission": "2026-03-11",
      "archive_comptable": null
    }
  },
  {
    "model": "syndic.appelcharge",
    "pk": 150,
    "fields": {
      "created_at": "2026-03-12T21:12:00.429Z",
      "updated_at": "2026-03-12T21:12:00.429Z",
      "residence": 14,
      "type_charge": "CHARGE",
      "exercice": 2028,
      "periode": "ANNEE",
      "code_fond": "ANNEE_2028",
      "nom_fond": "Charge 2027",
      "description_appel": "",
      "date_emission": "2026-03-12",
      "archive_comptable": null
    }
  },
  {
    "model": "syndic.appelcharge",
    "pk": 151,
    "fields": {
      "created_at": "2026-03-13T09:24:26.496Z",
      "updated_at": "2026-03-13T09:24:26.496Z",
      "residence": 15,
      "type_charge": "CHARGE",
      "exercice": 2026,
      "periode": "ANNEE",
      "code_fond": "ANNEE_2026",
      "nom_fond": "",
      "description_appel": "",
      "date_emission": "2026-03-13",
      "archive_comptable": null
    }
  },
  {
    "model": "syndic.detailappelcharge",
    "pk": 37,
    "fields": {
      "created_at": "2026-03-02T15:09:18.556Z",
      "updated_at": "2026-03-02T15:09:18.556Z",
      "appel": 60,
      "lot": 33,
      "montant": "100.00",
      "montant_recu": "0.00",
      "justificatif": "",
      "statut": "NON_PAYE"
    }
  },
  {
    "model": "syndic.detailappelcharge",
    "pk": 38,
    "fields": {
      "created_at": "2026-03-02T15:09:29.531Z",
      "updated_at": "2026-03-02T15:10:01.379Z",
      "appel": 60,
      "lot": 34,
      "montant": "100.00",
      "montant_recu": "0.00",
      "justificatif": "",
      "statut": "NON_PAYE"
    }
  },
  {
    "model": "syndic.detailappelcharge",
    "pk": 39,
    "fields": {
      "created_at": "2026-03-02T15:09:36.842Z",
      "updated_at": "2026-03-02T15:09:36.842Z",
      "appel": 60,
      "lot": 35,
      "montant": "100.00",
      "montant_recu": "0.00",
      "justificatif": "",
      "statut": "NON_PAYE"
    }
  },
  {
    "model": "syndic.detailappelcharge",
    "pk": 40,
    "fields": {
      "created_at": "2026-03-02T15:09:45.820Z",
      "updated_at": "2026-03-02T15:09:45.820Z",
      "appel": 60,
      "lot": 16,
      "montant": "100.00",
      "montant_recu": "0.00",
      "justificatif": "",
      "statut": "NON_PAYE"
    }
  },
  {
    "model": "syndic.detailappelcharge",
    "pk": 41,
    "fields": {
      "created_at": "2026-03-02T15:09:54.214Z",
      "updated_at": "2026-03-02T15:09:54.214Z",
      "appel": 60,
      "lot": 17,
      "montant": "100.00",
      "montant_recu": "0.00",
      "justificatif": "",
      "statut": "NON_PAYE"
    }
  },
  {
    "model": "syndic.detailappelcharge",
    "pk": 42,
    "fields": {
      "created_at": "2026-03-02T15:10:50.945Z",
      "updated_at": "2026-03-02T15:10:50.945Z",
      "appel": 61,
      "lot": 33,
      "montant": "500.00",
      "montant_recu": "0.00",
      "justificatif": "",
      "statut": "NON_PAYE"
    }
  },
  {
    "model": "syndic.detailappelcharge",
    "pk": 43,
    "fields": {
      "created_at": "2026-03-02T15:10:58.573Z",
      "updated_at": "2026-03-02T15:10:58.573Z",
      "appel": 61,
      "lot": 34,
      "montant": "500.00",
      "montant_recu": "0.00",
      "justificatif": "",
      "statut": "NON_PAYE"
    }
  },
  {
    "model": "syndic.detailappelcharge",
    "pk": 44,
    "fields": {
      "created_at": "2026-03-02T15:11:08.942Z",
      "updated_at": "2026-03-02T15:11:08.942Z",
      "appel": 61,
      "lot": 35,
      "montant": "500.00",
      "montant_recu": "0.00",
      "justificatif": "",
      "statut": "NON_PAYE"
    }
  },
  {
    "model": "syndic.detailappelcharge",
    "pk": 45,
    "fields": {
      "created_at": "2026-03-02T15:11:16.325Z",
      "updated_at": "2026-03-02T15:11:16.325Z",
      "appel": 61,
      "lot": 16,
      "montant": "500.00",
      "montant_recu": "0.00",
      "justificatif": "",
      "statut": "NON_PAYE"
    }
  },
  {
    "model": "syndic.detailappelcharge",
    "pk": 46,
    "fields": {
      "created_at": "2026-03-02T15:11:23.425Z",
      "updated_at": "2026-03-02T15:11:23.425Z",
      "appel": 61,
      "lot": 17,
      "montant": "500.00",
      "montant_recu": "0.00",
      "justificatif": "",
      "statut": "NON_PAYE"
    }
  },
  {
    "model": "syndic.detailappelcharge",
    "pk": 47,
    "fields": {
      "created_at": "2026-03-02T15:38:42.526Z",
      "updated_at": "2026-03-02T15:38:42.526Z",
      "appel": 64,
      "lot": 30,
      "montant": "500.00",
      "montant_recu": "0.00",
      "justificatif": "",
      "statut": "NON_PAYE"
    }
  },
  {
    "model": "syndic.detailappelcharge",
    "pk": 48,
    "fields": {
      "created_at": "2026-03-02T15:38:50.367Z",
      "updated_at": "2026-03-02T15:38:50.367Z",
      "appel": 64,
      "lot": 32,
      "montant": "500.00",
      "montant_recu": "0.00",
      "justificatif": "",
      "statut": "NON_PAYE"
    }
  },
  {
    "model": "syndic.detailappelcharge",
    "pk": 49,
    "fields": {
      "created_at": "2026-03-02T15:38:58.591Z",
      "updated_at": "2026-03-02T15:38:58.591Z",
      "appel": 64,
      "lot": 31,
      "montant": "500.00",
      "montant_recu": "0.00",
      "justificatif": "",
      "statut": "NON_PAYE"
    }
  },
  {
    "model": "syndic.detailappelcharge",
    "pk": 53,
    "fields": {
      "created_at": "2026-03-02T16:23:08.185Z",
      "updated_at": "2026-03-12T18:08:42.760Z",
      "appel": 70,
      "lot": 81,
      "montant": "200.00",
      "montant_recu": "110.00",
      "justificatif": "Pmt#6 (2026-03-02): +100.00 | Pmt#7 (2026-03-02): +10.00",
      "statut": "PARTIEL"
    }
  },
  {
    "model": "syndic.detailappelcharge",
    "pk": 54,
    "fields": {
      "created_at": "2026-03-02T16:23:08.486Z",
      "updated_at": "2026-03-02T16:23:08.486Z",
      "appel": 70,
      "lot": 82,
      "montant": "120.00",
      "montant_recu": "0.00",
      "justificatif": "",
      "statut": "NON_PAYE"
    }
  },
  {
    "model": "syndic.detailappelcharge",
    "pk": 57,
    "fields": {
      "created_at": "2026-03-02T16:24:00.536Z",
      "updated_at": "2026-03-02T16:24:00.536Z",
      "appel": 70,
      "lot": 83,
      "montant": "130.00",
      "montant_recu": "0.00",
      "justificatif": "",
      "statut": "NON_PAYE"
    }
  },
  {
    "model": "syndic.detailappelcharge",
    "pk": 58,
    "fields": {
      "created_at": "2026-03-02T16:24:00.833Z",
      "updated_at": "2026-03-02T16:24:00.833Z",
      "appel": 70,
      "lot": 84,
      "montant": "140.00",
      "montant_recu": "0.00",
      "justificatif": "",
      "statut": "NON_PAYE"
    }
  },
  {
    "model": "syndic.detailappelcharge",
    "pk": 144,
    "fields": {
      "created_at": "2026-03-03T19:39:10.072Z",
      "updated_at": "2026-03-04T21:11:39.888Z",
      "appel": 69,
      "lot": 79,
      "montant": "500.00",
      "montant_recu": "500.00",
      "justificatif": "Pmt#78 (2026-03-04): +500.00",
      "statut": "PAYE"
    }
  },
  {
    "model": "syndic.detailappelcharge",
    "pk": 145,
    "fields": {
      "created_at": "2026-03-03T19:39:10.323Z",
      "updated_at": "2026-03-05T15:43:31.579Z",
      "appel": 69,
      "lot": 80,
      "montant": "700.00",
      "montant_recu": "300.00",
      "justificatif": "Pmt#106 [CHEQUE CCP 4512365241] (2026-03-05): +300.00",
      "statut": "PARTIEL"
    }
  },
  {
    "model": "syndic.detailappelcharge",
    "pk": 146,
    "fields": {
      "created_at": "2026-03-03T19:39:10.578Z",
      "updated_at": "2026-03-05T21:28:55.090Z",
      "appel": 69,
      "lot": 78,
      "montant": "650.00",
      "montant_recu": "350.00",
      "justificatif": "Pmt#110 (2026-03-05): +350.00",
      "statut": "PARTIEL"
    }
  },
  {
    "model": "syndic.detailappelcharge",
    "pk": 147,
    "fields": {
      "created_at": "2026-03-03T20:24:28.135Z",
      "updated_at": "2026-03-03T20:33:48.435Z",
      "appel": 65,
      "lot": 30,
      "montant": "200.00",
      "montant_recu": "0.00",
      "justificatif": "",
      "statut": "NON_PAYE"
    }
  },
  {
    "model": "syndic.detailappelcharge",
    "pk": 148,
    "fields": {
      "created_at": "2026-03-03T20:24:44.837Z",
      "updated_at": "2026-03-03T20:24:44.837Z",
      "appel": 66,
      "lot": 30,
      "montant": "200.00",
      "montant_recu": "0.00",
      "justificatif": "",
      "statut": "NON_PAYE"
    }
  },
  {
    "model": "syndic.detailappelcharge",
    "pk": 149,
    "fields": {
      "created_at": "2026-03-03T20:24:55.743Z",
      "updated_at": "2026-03-03T20:33:51.505Z",
      "appel": 67,
      "lot": 30,
      "montant": "200.00",
      "montant_recu": "0.00",
      "justificatif": "",
      "statut": "NON_PAYE"
    }
  },
  {
    "model": "syndic.detailappelcharge",
    "pk": 150,
    "fields": {
      "created_at": "2026-03-03T20:25:09.514Z",
      "updated_at": "2026-03-03T20:25:09.514Z",
      "appel": 68,
      "lot": 30,
      "montant": "300.00",
      "montant_recu": "0.00",
      "justificatif": "",
      "statut": "NON_PAYE"
    }
  },
  {
    "model": "syndic.detailappelcharge",
    "pk": 680,
    "fields": {
      "created_at": "2026-03-04T00:24:01.005Z",
      "updated_at": "2026-03-04T00:29:15.741Z",
      "appel": 99,
      "lot": 85,
      "montant": "7500.00",
      "montant_recu": "7500.00",
      "justificatif": "Pmt#56 (2026-03-04): +5000.00 | Pmt#59 (2026-03-04): +2500.00",
      "statut": "PAYE"
    }
  },
  {
    "model": "syndic.detailappelcharge",
    "pk": 681,
    "fields": {
      "created_at": "2026-03-04T00:24:01.301Z",
      "updated_at": "2026-03-04T00:25:15.448Z",
      "appel": 99,
      "lot": 86,
      "montant": "7500.00",
      "montant_recu": "7500.00",
      "justificatif": "Pmt#57 (2026-03-04): +7500.00",
      "statut": "PAYE"
    }
  },
  {
    "model": "syndic.detailappelcharge",
    "pk": 682,
    "fields": {
      "created_at": "2026-03-04T00:24:01.560Z",
      "updated_at": "2026-03-04T20:41:54.422Z",
      "appel": 99,
      "lot": 88,
      "montant": "7500.00",
      "montant_recu": "3000.00",
      "justificatif": "Pmt#58 (2026-03-04): +1000.00 | Pmt#74 (2026-03-04): +2000.00",
      "statut": "PARTIEL"
    }
  },
  {
    "model": "syndic.detailappelcharge",
    "pk": 683,
    "fields": {
      "created_at": "2026-03-04T00:24:01.850Z",
      "updated_at": "2026-03-04T20:45:29.677Z",
      "appel": 99,
      "lot": 87,
      "montant": "7500.00",
      "montant_recu": "7500.00",
      "justificatif": "Pmt#75 (2026-03-04): +7000.00 | Pmt#76 (2026-03-04): +500.00",
      "statut": "PAYE"
    }
  },
  {
    "model": "syndic.detailappelcharge",
    "pk": 684,
    "fields": {
      "created_at": "2026-03-04T00:27:36.115Z",
      "updated_at": "2026-03-04T00:30:00.262Z",
      "appel": 100,
      "lot": 85,
      "montant": "1000.00",
      "montant_recu": "1000.00",
      "justificatif": "Pmt#59 (2026-03-04): +500.00 | Pmt#60 (2026-03-04): +500.00",
      "statut": "PAYE"
    }
  },
  {
    "model": "syndic.detailappelcharge",
    "pk": 685,
    "fields": {
      "created_at": "2026-03-04T00:27:36.378Z",
      "updated_at": "2026-03-04T00:27:36.378Z",
      "appel": 100,
      "lot": 86,
      "montant": "1000.00",
      "montant_recu": "0.00",
      "justificatif": "",
      "statut": "NON_PAYE"
    }
  },
  {
    "model": "syndic.detailappelcharge",
    "pk": 686,
    "fields": {
      "created_at": "2026-03-04T00:27:36.655Z",
      "updated_at": "2026-03-04T00:27:36.655Z",
      "appel": 100,
      "lot": 88,
      "montant": "1000.00",
      "montant_recu": "0.00",
      "justificatif": "",
      "statut": "NON_PAYE"
    }
  },
  {
    "model": "syndic.detailappelcharge",
    "pk": 687,
    "fields": {
      "created_at": "2026-03-04T00:27:36.941Z",
      "updated_at": "2026-03-04T20:45:46.952Z",
      "appel": 100,
      "lot": 87,
      "montant": "1000.00",
      "montant_recu": "1000.00",
      "justificatif": "Pmt#77 (2026-03-04): +1000.00",
      "statut": "PAYE"
    }
  },
  {
    "model": "syndic.detailappelcharge",
    "pk": 688,
    "fields": {
      "created_at": "2026-03-04T00:31:13.822Z",
      "updated_at": "2026-03-04T20:41:19.889Z",
      "appel": 101,
      "lot": 85,
      "montant": "2000.00",
      "montant_recu": "2000.00",
      "justificatif": "Pmt#61 (2026-03-04): +500.00 | Pmt#73 (2026-03-04): +1500.00",
      "statut": "PAYE"
    }
  },
  {
    "model": "syndic.detailappelcharge",
    "pk": 689,
    "fields": {
      "created_at": "2026-03-04T00:31:14.101Z",
      "updated_at": "2026-03-04T00:31:14.101Z",
      "appel": 101,
      "lot": 86,
      "montant": "2000.00",
      "montant_recu": "0.00",
      "justificatif": "",
      "statut": "NON_PAYE"
    }
  },
  {
    "model": "syndic.detailappelcharge",
    "pk": 690,
    "fields": {
      "created_at": "2026-03-04T00:31:14.371Z",
      "updated_at": "2026-03-04T00:31:14.371Z",
      "appel": 101,
      "lot": 88,
      "montant": "2000.00",
      "montant_recu": "0.00",
      "justificatif": "",
      "statut": "NON_PAYE"
    }
  },
  {
    "model": "syndic.detailappelcharge",
    "pk": 691,
    "fields": {
      "created_at": "2026-03-04T00:31:14.627Z",
      "updated_at": "2026-03-04T20:45:46.982Z",
      "appel": 101,
      "lot": 87,
      "montant": "2000.00",
      "montant_recu": "2000.00",
      "justificatif": "Pmt#77 (2026-03-04): +2000.00",
      "statut": "PAYE"
    }
  },
  {
    "model": "syndic.detailappelcharge",
    "pk": 947,
    "fields": {
      "created_at": "2026-03-04T21:09:12.061Z",
      "updated_at": "2026-03-04T21:11:39.861Z",
      "appel": 117,
      "lot": 79,
      "montant": "600.00",
      "montant_recu": "600.00",
      "justificatif": "Pmt#78 (2026-03-04): +600.00",
      "statut": "PAYE"
    }
  },
  {
    "model": "syndic.detailappelcharge",
    "pk": 948,
    "fields": {
      "created_at": "2026-03-04T21:09:12.399Z",
      "updated_at": "2026-03-05T15:43:31.548Z",
      "appel": 117,
      "lot": 80,
      "montant": "700.00",
      "montant_recu": "700.00",
      "justificatif": "Pmt#106 [CHEQUE CCP 4512365241] (2026-03-05): +700.00",
      "statut": "PAYE"
    }
  },
  {
    "model": "syndic.detailappelcharge",
    "pk": 949,
    "fields": {
      "created_at": "2026-03-04T21:09:12.725Z",
      "updated_at": "2026-03-05T21:28:55.063Z",
      "appel": 117,
      "lot": 78,
      "montant": "650.00",
      "montant_recu": "650.00",
      "justificatif": "Pmt#108 (2026-03-05): +500.00 | Pmt#110 (2026-03-05): +150.00",
      "statut": "PAYE"
    }
  },
  {
    "model": "syndic.detailappelcharge",
    "pk": 950,
    "fields": {
      "created_at": "2026-03-04T21:09:47.690Z",
      "updated_at": "2026-03-04T21:11:54.350Z",
      "appel": 118,
      "lot": 79,
      "montant": "1000.00",
      "montant_recu": "1000.00",
      "justificatif": "Pmt#79 (2026-03-04): +1000.00",
      "statut": "PAYE"
    }
  },
  {
    "model": "syndic.detailappelcharge",
    "pk": 951,
    "fields": {
      "created_at": "2026-03-04T21:09:47.977Z",
      "updated_at": "2026-03-05T15:44:10.161Z",
      "appel": 118,
      "lot": 80,
      "montant": "1000.00",
      "montant_recu": "450.00",
      "justificatif": "Pmt#107 [ATTIJARI 784512] (2026-03-05): +450.00",
      "statut": "PARTIEL"
    }
  },
  {
    "model": "syndic.detailappelcharge",
    "pk": 952,
    "fields": {
      "created_at": "2026-03-04T21:09:48.270Z",
      "updated_at": "2026-03-04T21:09:48.270Z",
      "appel": 118,
      "lot": 78,
      "montant": "1000.00",
      "montant_recu": "0.00",
      "justificatif": "",
      "statut": "NON_PAYE"
    }
  },
  {
    "model": "syndic.detailappelcharge",
    "pk": 953,
    "fields": {
      "created_at": "2026-03-04T21:10:20.012Z",
      "updated_at": "2026-03-04T21:11:54.321Z",
      "appel": 119,
      "lot": 79,
      "montant": "550.00",
      "montant_recu": "550.00",
      "justificatif": "Pmt#79 (2026-03-04): +550.00",
      "statut": "PAYE"
    }
  },
  {
    "model": "syndic.detailappelcharge",
    "pk": 954,
    "fields": {
      "created_at": "2026-03-04T21:10:20.304Z",
      "updated_at": "2026-03-05T15:44:10.133Z",
      "appel": 119,
      "lot": 80,
      "montant": "550.00",
      "montant_recu": "550.00",
      "justificatif": "Pmt#107 [ATTIJARI 784512] (2026-03-05): +550.00",
      "statut": "PAYE"
    }
  },
  {
    "model": "syndic.detailappelcharge",
    "pk": 955,
    "fields": {
      "created_at": "2026-03-04T21:10:20.587Z",
      "updated_at": "2026-03-05T16:55:02.760Z",
      "appel": 119,
      "lot": 78,
      "montant": "550.00",
      "montant_recu": "250.00",
      "justificatif": "Pmt#109 [250] (2026-03-05): +250.00",
      "statut": "PARTIEL"
    }
  },
  {
    "model": "syndic.detailappelcharge",
    "pk": 1067,
    "fields": {
      "created_at": "2026-03-05T11:55:40.722Z",
      "updated_at": "2026-03-05T11:57:17.528Z",
      "appel": 137,
      "lot": 50,
      "montant": "200.00",
      "montant_recu": "200.00",
      "justificatif": "Pmt#103 (2026-03-05): +100.00 | Pmt#105 (2026-03-05): +100.00",
      "statut": "PAYE"
    }
  },
  {
    "model": "syndic.detailappelcharge",
    "pk": 1068,
    "fields": {
      "created_at": "2026-03-05T11:55:41.015Z",
      "updated_at": "2026-03-05T11:55:41.015Z",
      "appel": 137,
      "lot": 51,
      "montant": "200.00",
      "montant_recu": "0.00",
      "justificatif": "",
      "statut": "NON_PAYE"
    }
  },
  {
    "model": "syndic.detailappelcharge",
    "pk": 1069,
    "fields": {
      "created_at": "2026-03-05T11:55:41.373Z",
      "updated_at": "2026-03-05T11:55:41.373Z",
      "appel": 137,
      "lot": 56,
      "montant": "200.00",
      "montant_recu": "0.00",
      "justificatif": "",
      "statut": "NON_PAYE"
    }
  },
  {
    "model": "syndic.detailappelcharge",
    "pk": 1070,
    "fields": {
      "created_at": "2026-03-05T11:55:41.730Z",
      "updated_at": "2026-03-05T11:55:41.730Z",
      "appel": 137,
      "lot": 57,
      "montant": "200.00",
      "montant_recu": "0.00",
      "justificatif": "",
      "statut": "NON_PAYE"
    }
  },
  {
    "model": "syndic.detailappelcharge",
    "pk": 1071,
    "fields": {
      "created_at": "2026-03-05T11:55:42.038Z",
      "updated_at": "2026-03-05T11:55:42.038Z",
      "appel": 137,
      "lot": 58,
      "montant": "200.00",
      "montant_recu": "0.00",
      "justificatif": "",
      "statut": "NON_PAYE"
    }
  },
  {
    "model": "syndic.detailappelcharge",
    "pk": 1072,
    "fields": {
      "created_at": "2026-03-05T11:55:42.370Z",
      "updated_at": "2026-03-05T11:55:42.370Z",
      "appel": 137,
      "lot": 59,
      "montant": "200.00",
      "montant_recu": "0.00",
      "justificatif": "",
      "statut": "NON_PAYE"
    }
  },
  {
    "model": "syndic.detailappelcharge",
    "pk": 1073,
    "fields": {
      "created_at": "2026-03-05T11:55:42.701Z",
      "updated_at": "2026-03-05T11:55:42.701Z",
      "appel": 137,
      "lot": 60,
      "montant": "200.00",
      "montant_recu": "0.00",
      "justificatif": "",
      "statut": "NON_PAYE"
    }
  },
  {
    "model": "syndic.detailappelcharge",
    "pk": 1074,
    "fields": {
      "created_at": "2026-03-05T11:55:42.989Z",
      "updated_at": "2026-03-05T11:55:42.990Z",
      "appel": 137,
      "lot": 61,
      "montant": "200.00",
      "montant_recu": "0.00",
      "justificatif": "",
      "statut": "NON_PAYE"
    }
  },
  {
    "model": "syndic.detailappelcharge",
    "pk": 1075,
    "fields": {
      "created_at": "2026-03-05T11:55:43.273Z",
      "updated_at": "2026-03-05T11:55:43.273Z",
      "appel": 137,
      "lot": 62,
      "montant": "200.00",
      "montant_recu": "0.00",
      "justificatif": "",
      "statut": "NON_PAYE"
    }
  },
  {
    "model": "syndic.detailappelcharge",
    "pk": 1076,
    "fields": {
      "created_at": "2026-03-05T11:55:43.597Z",
      "updated_at": "2026-03-05T11:55:43.598Z",
      "appel": 137,
      "lot": 63,
      "montant": "200.00",
      "montant_recu": "0.00",
      "justificatif": "",
      "statut": "NON_PAYE"
    }
  },
  {
    "model": "syndic.detailappelcharge",
    "pk": 1077,
    "fields": {
      "created_at": "2026-03-05T11:55:43.958Z",
      "updated_at": "2026-03-05T11:55:43.958Z",
      "appel": 137,
      "lot": 52,
      "montant": "200.00",
      "montant_recu": "0.00",
      "justificatif": "",
      "statut": "NON_PAYE"
    }
  },
  {
    "model": "syndic.detailappelcharge",
    "pk": 1078,
    "fields": {
      "created_at": "2026-03-05T11:55:44.478Z",
      "updated_at": "2026-03-05T11:55:44.478Z",
      "appel": 137,
      "lot": 53,
      "montant": "200.00",
      "montant_recu": "0.00",
      "justificatif": "",
      "statut": "NON_PAYE"
    }
  },
  {
    "model": "syndic.detailappelcharge",
    "pk": 1079,
    "fields": {
      "created_at": "2026-03-05T11:55:44.930Z",
      "updated_at": "2026-03-05T11:55:44.930Z",
      "appel": 137,
      "lot": 54,
      "montant": "200.00",
      "montant_recu": "0.00",
      "justificatif": "",
      "statut": "NON_PAYE"
    }
  },
  {
    "model": "syndic.detailappelcharge",
    "pk": 1080,
    "fields": {
      "created_at": "2026-03-05T11:55:45.304Z",
      "updated_at": "2026-03-05T11:55:45.304Z",
      "appel": 137,
      "lot": 55,
      "montant": "200.00",
      "montant_recu": "0.00",
      "justificatif": "",
      "statut": "NON_PAYE"
    }
  },
  {
    "model": "syndic.detailappelcharge",
    "pk": 1081,
    "fields": {
      "created_at": "2026-03-05T11:55:45.598Z",
      "updated_at": "2026-03-05T11:55:45.598Z",
      "appel": 137,
      "lot": 64,
      "montant": "200.00",
      "montant_recu": "0.00",
      "justificatif": "",
      "statut": "NON_PAYE"
    }
  },
  {
    "model": "syndic.detailappelcharge",
    "pk": 1082,
    "fields": {
      "created_at": "2026-03-05T11:55:45.898Z",
      "updated_at": "2026-03-05T11:55:45.898Z",
      "appel": 137,
      "lot": 65,
      "montant": "200.00",
      "montant_recu": "0.00",
      "justificatif": "",
      "statut": "NON_PAYE"
    }
  },
  {
    "model": "syndic.detailappelcharge",
    "pk": 1083,
    "fields": {
      "created_at": "2026-03-05T11:55:46.296Z",
      "updated_at": "2026-03-05T11:55:46.296Z",
      "appel": 137,
      "lot": 66,
      "montant": "200.00",
      "montant_recu": "0.00",
      "justificatif": "",
      "statut": "NON_PAYE"
    }
  },
  {
    "model": "syndic.detailappelcharge",
    "pk": 1084,
    "fields": {
      "created_at": "2026-03-05T11:55:46.576Z",
      "updated_at": "2026-03-05T11:55:46.576Z",
      "appel": 137,
      "lot": 67,
      "montant": "200.00",
      "montant_recu": "0.00",
      "justificatif": "",
      "statut": "NON_PAYE"
    }
  },
  {
    "model": "syndic.detailappelcharge",
    "pk": 1085,
    "fields": {
      "created_at": "2026-03-05T11:55:46.954Z",
      "updated_at": "2026-03-05T11:55:46.954Z",
      "appel": 137,
      "lot": 68,
      "montant": "200.00",
      "montant_recu": "0.00",
      "justificatif": "",
      "statut": "NON_PAYE"
    }
  },
  {
    "model": "syndic.detailappelcharge",
    "pk": 1086,
    "fields": {
      "created_at": "2026-03-05T11:55:47.265Z",
      "updated_at": "2026-03-05T11:55:47.265Z",
      "appel": 137,
      "lot": 69,
      "montant": "200.00",
      "montant_recu": "0.00",
      "justificatif": "",
      "statut": "NON_PAYE"
    }
  },
  {
    "model": "syndic.detailappelcharge",
    "pk": 1087,
    "fields": {
      "created_at": "2026-03-05T11:55:47.588Z",
      "updated_at": "2026-03-05T11:55:47.588Z",
      "appel": 137,
      "lot": 70,
      "montant": "200.00",
      "montant_recu": "0.00",
      "justificatif": "",
      "statut": "NON_PAYE"
    }
  },
  {
    "model": "syndic.detailappelcharge",
    "pk": 1088,
    "fields": {
      "created_at": "2026-03-05T11:55:47.894Z",
      "updated_at": "2026-03-05T11:55:47.894Z",
      "appel": 137,
      "lot": 71,
      "montant": "200.00",
      "montant_recu": "0.00",
      "justificatif": "",
      "statut": "NON_PAYE"
    }
  },
  {
    "model": "syndic.detailappelcharge",
    "pk": 1089,
    "fields": {
      "created_at": "2026-03-05T11:55:48.285Z",
      "updated_at": "2026-03-05T11:55:48.285Z",
      "appel": 137,
      "lot": 72,
      "montant": "200.00",
      "montant_recu": "0.00",
      "justificatif": "",
      "statut": "NON_PAYE"
    }
  },
  {
    "model": "syndic.detailappelcharge",
    "pk": 1090,
    "fields": {
      "created_at": "2026-03-05T11:55:48.608Z",
      "updated_at": "2026-03-05T11:55:48.608Z",
      "appel": 137,
      "lot": 73,
      "montant": "200.00",
      "montant_recu": "0.00",
      "justificatif": "",
      "statut": "NON_PAYE"
    }
  },
  {
    "model": "syndic.detailappelcharge",
    "pk": 1091,
    "fields": {
      "created_at": "2026-03-05T11:55:48.906Z",
      "updated_at": "2026-03-05T11:55:48.906Z",
      "appel": 137,
      "lot": 77,
      "montant": "200.00",
      "montant_recu": "0.00",
      "justificatif": "",
      "statut": "NON_PAYE"
    }
  },
  {
    "model": "syndic.detailappelcharge",
    "pk": 1092,
    "fields": {
      "created_at": "2026-03-05T11:56:12.942Z",
      "updated_at": "2026-03-05T11:57:38.535Z",
      "appel": 138,
      "lot": 50,
      "montant": "500.00",
      "montant_recu": "400.00",
      "justificatif": "Pmt#104 (2026-03-05): +300.00 | Pmt#105 (2026-03-05): +100.00",
      "statut": "PARTIEL"
    }
  },
  {
    "model": "syndic.detailappelcharge",
    "pk": 1093,
    "fields": {
      "created_at": "2026-03-05T11:56:13.220Z",
      "updated_at": "2026-03-05T11:56:13.220Z",
      "appel": 138,
      "lot": 51,
      "montant": "500.00",
      "montant_recu": "0.00",
      "justificatif": "",
      "statut": "NON_PAYE"
    }
  },
  {
    "model": "syndic.detailappelcharge",
    "pk": 1094,
    "fields": {
      "created_at": "2026-03-05T11:56:13.493Z",
      "updated_at": "2026-03-05T11:56:13.493Z",
      "appel": 138,
      "lot": 56,
      "montant": "500.00",
      "montant_recu": "0.00",
      "justificatif": "",
      "statut": "NON_PAYE"
    }
  },
  {
    "model": "syndic.detailappelcharge",
    "pk": 1095,
    "fields": {
      "created_at": "2026-03-05T11:56:13.772Z",
      "updated_at": "2026-03-05T11:56:13.772Z",
      "appel": 138,
      "lot": 57,
      "montant": "500.00",
      "montant_recu": "0.00",
      "justificatif": "",
      "statut": "NON_PAYE"
    }
  },
  {
    "model": "syndic.detailappelcharge",
    "pk": 1096,
    "fields": {
      "created_at": "2026-03-05T11:56:14.058Z",
      "updated_at": "2026-03-05T11:56:14.058Z",
      "appel": 138,
      "lot": 58,
      "montant": "500.00",
      "montant_recu": "0.00",
      "justificatif": "",
      "statut": "NON_PAYE"
    }
  },
  {
    "model": "syndic.detailappelcharge",
    "pk": 1097,
    "fields": {
      "created_at": "2026-03-05T11:56:14.337Z",
      "updated_at": "2026-03-05T11:56:14.337Z",
      "appel": 138,
      "lot": 59,
      "montant": "500.00",
      "montant_recu": "0.00",
      "justificatif": "",
      "statut": "NON_PAYE"
    }
  },
  {
    "model": "syndic.detailappelcharge",
    "pk": 1098,
    "fields": {
      "created_at": "2026-03-05T11:56:14.644Z",
      "updated_at": "2026-03-05T11:56:14.644Z",
      "appel": 138,
      "lot": 60,
      "montant": "500.00",
      "montant_recu": "0.00",
      "justificatif": "",
      "statut": "NON_PAYE"
    }
  },
  {
    "model": "syndic.detailappelcharge",
    "pk": 1099,
    "fields": {
      "created_at": "2026-03-05T11:56:14.934Z",
      "updated_at": "2026-03-05T11:56:14.935Z",
      "appel": 138,
      "lot": 61,
      "montant": "500.00",
      "montant_recu": "0.00",
      "justificatif": "",
      "statut": "NON_PAYE"
    }
  },
  {
    "model": "syndic.detailappelcharge",
    "pk": 1100,
    "fields": {
      "created_at": "2026-03-05T11:56:15.216Z",
      "updated_at": "2026-03-05T11:56:15.216Z",
      "appel": 138,
      "lot": 62,
      "montant": "500.00",
      "montant_recu": "0.00",
      "justificatif": "",
      "statut": "NON_PAYE"
    }
  },
  {
    "model": "syndic.detailappelcharge",
    "pk": 1101,
    "fields": {
      "created_at": "2026-03-05T11:56:15.597Z",
      "updated_at": "2026-03-05T11:56:15.597Z",
      "appel": 138,
      "lot": 63,
      "montant": "500.00",
      "montant_recu": "0.00",
      "justificatif": "",
      "statut": "NON_PAYE"
    }
  },
  {
    "model": "syndic.detailappelcharge",
    "pk": 1102,
    "fields": {
      "created_at": "2026-03-05T11:56:15.878Z",
      "updated_at": "2026-03-05T11:56:15.878Z",
      "appel": 138,
      "lot": 52,
      "montant": "500.00",
      "montant_recu": "0.00",
      "justificatif": "",
      "statut": "NON_PAYE"
    }
  },
  {
    "model": "syndic.detailappelcharge",
    "pk": 1103,
    "fields": {
      "created_at": "2026-03-05T11:56:16.161Z",
      "updated_at": "2026-03-05T11:56:16.161Z",
      "appel": 138,
      "lot": 53,
      "montant": "500.00",
      "montant_recu": "0.00",
      "justificatif": "",
      "statut": "NON_PAYE"
    }
  },
  {
    "model": "syndic.detailappelcharge",
    "pk": 1104,
    "fields": {
      "created_at": "2026-03-05T11:56:16.439Z",
      "updated_at": "2026-03-05T11:56:16.440Z",
      "appel": 138,
      "lot": 54,
      "montant": "500.00",
      "montant_recu": "0.00",
      "justificatif": "",
      "statut": "NON_PAYE"
    }
  },
  {
    "model": "syndic.detailappelcharge",
    "pk": 1105,
    "fields": {
      "created_at": "2026-03-05T11:56:16.717Z",
      "updated_at": "2026-03-05T11:56:16.717Z",
      "appel": 138,
      "lot": 55,
      "montant": "500.00",
      "montant_recu": "0.00",
      "justificatif": "",
      "statut": "NON_PAYE"
    }
  },
  {
    "model": "syndic.detailappelcharge",
    "pk": 1106,
    "fields": {
      "created_at": "2026-03-05T11:56:17.021Z",
      "updated_at": "2026-03-05T11:56:17.021Z",
      "appel": 138,
      "lot": 64,
      "montant": "500.00",
      "montant_recu": "0.00",
      "justificatif": "",
      "statut": "NON_PAYE"
    }
  },
  {
    "model": "syndic.detailappelcharge",
    "pk": 1107,
    "fields": {
      "created_at": "2026-03-05T11:56:17.316Z",
      "updated_at": "2026-03-05T11:56:17.316Z",
      "appel": 138,
      "lot": 65,
      "montant": "500.00",
      "montant_recu": "0.00",
      "justificatif": "",
      "statut": "NON_PAYE"
    }
  },
  {
    "model": "syndic.detailappelcharge",
    "pk": 1108,
    "fields": {
      "created_at": "2026-03-05T11:56:17.594Z",
      "updated_at": "2026-03-05T11:56:17.594Z",
      "appel": 138,
      "lot": 66,
      "montant": "500.00",
      "montant_recu": "0.00",
      "justificatif": "",
      "statut": "NON_PAYE"
    }
  },
  {
    "model": "syndic.detailappelcharge",
    "pk": 1109,
    "fields": {
      "created_at": "2026-03-05T11:56:17.874Z",
      "updated_at": "2026-03-05T11:56:17.874Z",
      "appel": 138,
      "lot": 67,
      "montant": "500.00",
      "montant_recu": "0.00",
      "justificatif": "",
      "statut": "NON_PAYE"
    }
  },
  {
    "model": "syndic.detailappelcharge",
    "pk": 1110,
    "fields": {
      "created_at": "2026-03-05T11:56:18.161Z",
      "updated_at": "2026-03-05T11:56:18.162Z",
      "appel": 138,
      "lot": 68,
      "montant": "500.00",
      "montant_recu": "0.00",
      "justificatif": "",
      "statut": "NON_PAYE"
    }
  },
  {
    "model": "syndic.detailappelcharge",
    "pk": 1111,
    "fields": {
      "created_at": "2026-03-05T11:56:18.452Z",
      "updated_at": "2026-03-05T11:56:18.452Z",
      "appel": 138,
      "lot": 69,
      "montant": "500.00",
      "montant_recu": "0.00",
      "justificatif": "",
      "statut": "NON_PAYE"
    }
  },
  {
    "model": "syndic.detailappelcharge",
    "pk": 1112,
    "fields": {
      "created_at": "2026-03-05T11:56:18.731Z",
      "updated_at": "2026-03-05T11:56:18.731Z",
      "appel": 138,
      "lot": 70,
      "montant": "500.00",
      "montant_recu": "0.00",
      "justificatif": "",
      "statut": "NON_PAYE"
    }
  },
  {
    "model": "syndic.detailappelcharge",
    "pk": 1113,
    "fields": {
      "created_at": "2026-03-05T11:56:19.032Z",
      "updated_at": "2026-03-05T11:56:19.032Z",
      "appel": 138,
      "lot": 71,
      "montant": "500.00",
      "montant_recu": "0.00",
      "justificatif": "",
      "statut": "NON_PAYE"
    }
  },
  {
    "model": "syndic.detailappelcharge",
    "pk": 1114,
    "fields": {
      "created_at": "2026-03-05T11:56:19.331Z",
      "updated_at": "2026-03-05T11:56:19.331Z",
      "appel": 138,
      "lot": 72,
      "montant": "500.00",
      "montant_recu": "0.00",
      "justificatif": "",
      "statut": "NON_PAYE"
    }
  },
  {
    "model": "syndic.detailappelcharge",
    "pk": 1115,
    "fields": {
      "created_at": "2026-03-05T11:56:19.743Z",
      "updated_at": "2026-03-05T11:56:19.743Z",
      "appel": 138,
      "lot": 73,
      "montant": "500.00",
      "montant_recu": "0.00",
      "justificatif": "",
      "statut": "NON_PAYE"
    }
  },
  {
    "model": "syndic.detailappelcharge",
    "pk": 1116,
    "fields": {
      "created_at": "2026-03-05T11:56:20.043Z",
      "updated_at": "2026-03-05T11:56:20.044Z",
      "appel": 138,
      "lot": 77,
      "montant": "500.00",
      "montant_recu": "0.00",
      "justificatif": "",
      "statut": "NON_PAYE"
    }
  },
  {
    "model": "syndic.detailappelcharge",
    "pk": 1168,
    "fields": {
      "created_at": "2026-03-09T22:28:06.951Z",
      "updated_at": "2026-03-09T22:29:57.479Z",
      "appel": 143,
      "lot": 150,
      "montant": "250.00",
      "montant_recu": "250.00",
      "justificatif": "Pmt#119 (2026-03-09): +250.00",
      "statut": "PAYE"
    }
  },
  {
    "model": "syndic.detailappelcharge",
    "pk": 1169,
    "fields": {
      "created_at": "2026-03-09T22:28:07.284Z",
      "updated_at": "2026-03-09T22:30:36.403Z",
      "appel": 143,
      "lot": 151,
      "montant": "250.00",
      "montant_recu": "250.00",
      "justificatif": "Pmt#121 (2026-03-09): +250.00",
      "statut": "PAYE"
    }
  },
  {
    "model": "syndic.detailappelcharge",
    "pk": 1170,
    "fields": {
      "created_at": "2026-03-09T22:28:07.589Z",
      "updated_at": "2026-03-09T22:31:17.302Z",
      "appel": 143,
      "lot": 152,
      "montant": "350.00",
      "montant_recu": "350.00",
      "justificatif": "Pmt#122 [CHEQUE 124578] (2026-03-09): +350.00",
      "statut": "PAYE"
    }
  },
  {
    "model": "syndic.detailappelcharge",
    "pk": 1171,
    "fields": {
      "created_at": "2026-03-09T22:28:07.916Z",
      "updated_at": "2026-03-10T00:10:31.920Z",
      "appel": 143,
      "lot": 153,
      "montant": "350.00",
      "montant_recu": "100.00",
      "justificatif": "Pmt#123 (2026-03-10): +100.00",
      "statut": "PARTIEL"
    }
  },
  {
    "model": "syndic.detailappelcharge",
    "pk": 1172,
    "fields": {
      "created_at": "2026-03-09T22:28:08.225Z",
      "updated_at": "2026-03-09T22:28:08.225Z",
      "appel": 143,
      "lot": 154,
      "montant": "350.00",
      "montant_recu": "0.00",
      "justificatif": "",
      "statut": "NON_PAYE"
    }
  },
  {
    "model": "syndic.detailappelcharge",
    "pk": 1173,
    "fields": {
      "created_at": "2026-03-09T22:29:01.983Z",
      "updated_at": "2026-03-09T22:30:12.465Z",
      "appel": 144,
      "lot": 150,
      "montant": "500.00",
      "montant_recu": "300.00",
      "justificatif": "Pmt#120 (2026-03-09): +300.00",
      "statut": "PARTIEL"
    }
  },
  {
    "model": "syndic.detailappelcharge",
    "pk": 1174,
    "fields": {
      "created_at": "2026-03-09T22:29:02.281Z",
      "updated_at": "2026-03-09T22:30:48.877Z",
      "appel": 144,
      "lot": 151,
      "montant": "600.00",
      "montant_recu": "150.00",
      "justificatif": "Pmt#121 (2026-03-09): +150.00",
      "statut": "PARTIEL"
    }
  },
  {
    "model": "syndic.detailappelcharge",
    "pk": 1175,
    "fields": {
      "created_at": "2026-03-09T22:29:02.585Z",
      "updated_at": "2026-03-09T22:31:29.039Z",
      "appel": 144,
      "lot": 152,
      "montant": "600.00",
      "montant_recu": "50.00",
      "justificatif": "Pmt#122 [CHEQUE 124578] (2026-03-09): +50.00",
      "statut": "PARTIEL"
    }
  },
  {
    "model": "syndic.detailappelcharge",
    "pk": 1176,
    "fields": {
      "created_at": "2026-03-09T22:29:02.889Z",
      "updated_at": "2026-03-09T22:29:02.889Z",
      "appel": 144,
      "lot": 153,
      "montant": "500.00",
      "montant_recu": "0.00",
      "justificatif": "",
      "statut": "NON_PAYE"
    }
  },
  {
    "model": "syndic.detailappelcharge",
    "pk": 1177,
    "fields": {
      "created_at": "2026-03-09T22:29:03.303Z",
      "updated_at": "2026-03-09T22:29:03.303Z",
      "appel": 144,
      "lot": 154,
      "montant": "500.00",
      "montant_recu": "0.00",
      "justificatif": "",
      "statut": "NON_PAYE"
    }
  },
  {
    "model": "syndic.detailappelcharge",
    "pk": 1178,
    "fields": {
      "created_at": "2026-03-11T13:42:32.187Z",
      "updated_at": "2026-03-13T10:05:16.623Z",
      "appel": 147,
      "lot": 89,
      "montant": "250.00",
      "montant_recu": "250.00",
      "justificatif": "Pmt#289 (2026-03-12): +250.00",
      "statut": "PAYE"
    }
  },
  {
    "model": "syndic.detailappelcharge",
    "pk": 1179,
    "fields": {
      "created_at": "2026-03-11T13:42:32.600Z",
      "updated_at": "2026-03-13T10:05:16.788Z",
      "appel": 147,
      "lot": 90,
      "montant": "250.00",
      "montant_recu": "250.00",
      "justificatif": "Pmt#291 (2026-03-12): +250.00",
      "statut": "PAYE"
    }
  },
  {
    "model": "syndic.detailappelcharge",
    "pk": 1180,
    "fields": {
      "created_at": "2026-03-11T13:42:32.900Z",
      "updated_at": "2026-03-13T10:05:16.930Z",
      "appel": 147,
      "lot": 91,
      "montant": "250.00",
      "montant_recu": "250.00",
      "justificatif": "Pmt#292 (2026-03-12): +250.00",
      "statut": "PAYE"
    }
  },
  {
    "model": "syndic.detailappelcharge",
    "pk": 1181,
    "fields": {
      "created_at": "2026-03-11T13:42:33.204Z",
      "updated_at": "2026-03-13T10:05:17.084Z",
      "appel": 147,
      "lot": 92,
      "montant": "250.00",
      "montant_recu": "250.00",
      "justificatif": "Pmt#294 (2026-03-12): +250.00",
      "statut": "PAYE"
    }
  },
  {
    "model": "syndic.detailappelcharge",
    "pk": 1182,
    "fields": {
      "created_at": "2026-03-11T13:42:33.517Z",
      "updated_at": "2026-03-13T10:05:17.027Z",
      "appel": 147,
      "lot": 93,
      "montant": "250.00",
      "montant_recu": "250.00",
      "justificatif": "Pmt#293 (2026-03-12): +250.00",
      "statut": "PAYE"
    }
  },
  {
    "model": "syndic.detailappelcharge",
    "pk": 1183,
    "fields": {
      "created_at": "2026-03-11T13:42:33.837Z",
      "updated_at": "2026-03-13T10:05:17.177Z",
      "appel": 147,
      "lot": 94,
      "montant": "250.00",
      "montant_recu": "250.00",
      "justificatif": "Pmt#295 (2026-03-12): +250.00",
      "statut": "PAYE"
    }
  },
  {
    "model": "syndic.detailappelcharge",
    "pk": 1184,
    "fields": {
      "created_at": "2026-03-11T13:42:34.155Z",
      "updated_at": "2026-03-13T10:05:17.265Z",
      "appel": 147,
      "lot": 95,
      "montant": "250.00",
      "montant_recu": "250.00",
      "justificatif": "Pmt#296 (2026-03-12): +250.00",
      "statut": "PAYE"
    }
  },
  {
    "model": "syndic.detailappelcharge",
    "pk": 1185,
    "fields": {
      "created_at": "2026-03-11T13:42:34.461Z",
      "updated_at": "2026-03-13T10:05:17.319Z",
      "appel": 147,
      "lot": 96,
      "montant": "250.00",
      "montant_recu": "250.00",
      "justificatif": "Pmt#297 (2026-03-12): +250.00",
      "statut": "PAYE"
    }
  },
  {
    "model": "syndic.detailappelcharge",
    "pk": 1186,
    "fields": {
      "created_at": "2026-03-11T13:42:34.761Z",
      "updated_at": "2026-03-13T10:05:17.375Z",
      "appel": 147,
      "lot": 97,
      "montant": "250.00",
      "montant_recu": "250.00",
      "justificatif": "Pmt#298 (2026-03-12): +250.00",
      "statut": "PAYE"
    }
  },
  {
    "model": "syndic.detailappelcharge",
    "pk": 1187,
    "fields": {
      "created_at": "2026-03-11T13:43:33.131Z",
      "updated_at": "2026-03-12T18:08:42.793Z",
      "appel": 148,
      "lot": 89,
      "montant": "1000.00",
      "montant_recu": "0.00",
      "justificatif": "",
      "statut": "NON_PAYE"
    }
  },
  {
    "model": "syndic.detailappelcharge",
    "pk": 1188,
    "fields": {
      "created_at": "2026-03-11T13:43:33.539Z",
      "updated_at": "2026-03-13T10:05:17.460Z",
      "appel": 148,
      "lot": 90,
      "montant": "1000.00",
      "montant_recu": "350.00",
      "justificatif": "Pmt#291 (2026-03-12): +200.00 | Pmt#299 (2026-03-12): +150.00",
      "statut": "PARTIEL"
    }
  },
  {
    "model": "syndic.detailappelcharge",
    "pk": 1189,
    "fields": {
      "created_at": "2026-03-11T13:43:33.831Z",
      "updated_at": "2026-03-11T13:43:33.831Z",
      "appel": 148,
      "lot": 91,
      "montant": "1000.00",
      "montant_recu": "0.00",
      "justificatif": "",
      "statut": "NON_PAYE"
    }
  },
  {
    "model": "syndic.detailappelcharge",
    "pk": 1190,
    "fields": {
      "created_at": "2026-03-11T13:43:34.143Z",
      "updated_at": "2026-03-11T13:43:34.143Z",
      "appel": 148,
      "lot": 92,
      "montant": "1000.00",
      "montant_recu": "0.00",
      "justificatif": "",
      "statut": "NON_PAYE"
    }
  },
  {
    "model": "syndic.detailappelcharge",
    "pk": 1191,
    "fields": {
      "created_at": "2026-03-11T13:43:34.562Z",
      "updated_at": "2026-03-12T18:08:43.138Z",
      "appel": 148,
      "lot": 93,
      "montant": "1000.00",
      "montant_recu": "0.00",
      "justificatif": "",
      "statut": "NON_PAYE"
    }
  },
  {
    "model": "syndic.detailappelcharge",
    "pk": 1192,
    "fields": {
      "created_at": "2026-03-11T13:43:34.935Z",
      "updated_at": "2026-03-12T18:08:43.175Z",
      "appel": 148,
      "lot": 94,
      "montant": "1000.00",
      "montant_recu": "0.00",
      "justificatif": "",
      "statut": "NON_PAYE"
    }
  },
  {
    "model": "syndic.detailappelcharge",
    "pk": 1193,
    "fields": {
      "created_at": "2026-03-11T13:43:35.246Z",
      "updated_at": "2026-03-12T18:08:43.241Z",
      "appel": 148,
      "lot": 95,
      "montant": "1000.00",
      "montant_recu": "0.00",
      "justificatif": "",
      "statut": "NON_PAYE"
    }
  },
  {
    "model": "syndic.detailappelcharge",
    "pk": 1194,
    "fields": {
      "created_at": "2026-03-11T13:43:35.563Z",
      "updated_at": "2026-03-12T18:09:49.052Z",
      "appel": 148,
      "lot": 96,
      "montant": "1000.00",
      "montant_recu": "0.00",
      "justificatif": "",
      "statut": "NON_PAYE"
    }
  },
  {
    "model": "syndic.detailappelcharge",
    "pk": 1195,
    "fields": {
      "created_at": "2026-03-11T13:43:35.868Z",
      "updated_at": "2026-03-13T10:05:16.547Z",
      "appel": 148,
      "lot": 97,
      "montant": "1000.00",
      "montant_recu": "550.00",
      "justificatif": "Pmt#288 (2026-03-12): +550.00",
      "statut": "PARTIEL"
    }
  },
  {
    "model": "syndic.detailappelcharge",
    "pk": 1196,
    "fields": {
      "created_at": "2026-03-11T20:42:36.997Z",
      "updated_at": "2026-03-13T10:33:45.495Z",
      "appel": 149,
      "lot": 89,
      "montant": "250.00",
      "montant_recu": "250.00",
      "justificatif": "Pmt#290 (2026-03-12): +100.00 | Pmt#301 (2026-03-13): +100.00 | Pmt#302 (2026-03-13): +50.00",
      "statut": "PAYE"
    }
  },
  {
    "model": "syndic.detailappelcharge",
    "pk": 1197,
    "fields": {
      "created_at": "2026-03-11T20:42:37.423Z",
      "updated_at": "2026-03-13T10:05:16.861Z",
      "appel": 149,
      "lot": 90,
      "montant": "250.00",
      "montant_recu": "250.00",
      "justificatif": "Pmt#291 (2026-03-12): +250.00",
      "statut": "PAYE"
    }
  },
  {
    "model": "syndic.detailappelcharge",
    "pk": 1198,
    "fields": {
      "created_at": "2026-03-11T20:42:37.714Z",
      "updated_at": "2026-03-13T10:05:16.962Z",
      "appel": 149,
      "lot": 91,
      "montant": "250.00",
      "montant_recu": "50.00",
      "justificatif": "Pmt#292 (2026-03-12): +50.00",
      "statut": "PARTIEL"
    }
  },
  {
    "model": "syndic.detailappelcharge",
    "pk": 1199,
    "fields": {
      "created_at": "2026-03-11T20:42:38.006Z",
      "updated_at": "2026-03-13T10:05:17.121Z",
      "appel": 149,
      "lot": 92,
      "montant": "250.00",
      "montant_recu": "50.00",
      "justificatif": "Pmt#294 (2026-03-12): +50.00",
      "statut": "PARTIEL"
    }
  },
  {
    "model": "syndic.detailappelcharge",
    "pk": 1200,
    "fields": {
      "created_at": "2026-03-11T20:42:38.324Z",
      "updated_at": "2026-03-13T09:33:22.042Z",
      "appel": 149,
      "lot": 93,
      "montant": "250.00",
      "montant_recu": "250.00",
      "justificatif": "Pmt#286 (2026-03-13): +250.00",
      "statut": "PAYE"
    }
  },
  {
    "model": "syndic.detailappelcharge",
    "pk": 1201,
    "fields": {
      "created_at": "2026-03-11T20:42:38.627Z",
      "updated_at": "2026-03-11T20:42:38.627Z",
      "appel": 149,
      "lot": 94,
      "montant": "250.00",
      "montant_recu": "0.00",
      "justificatif": "",
      "statut": "NON_PAYE"
    }
  },
  {
    "model": "syndic.detailappelcharge",
    "pk": 1202,
    "fields": {
      "created_at": "2026-03-11T20:42:38.928Z",
      "updated_at": "2026-03-13T10:05:17.516Z",
      "appel": 149,
      "lot": 95,
      "montant": "250.00",
      "montant_recu": "250.00",
      "justificatif": "Pmt#296 (2026-03-12): +50.00 | Pmt#300 (2026-03-12): +200.00",
      "statut": "PAYE"
    }
  },
  {
    "model": "syndic.detailappelcharge",
    "pk": 1203,
    "fields": {
      "created_at": "2026-03-11T20:42:39.224Z",
      "updated_at": "2026-03-12T11:31:35.067Z",
      "appel": 149,
      "lot": 96,
      "montant": "250.00",
      "montant_recu": "0.00",
      "justificatif": "",
      "statut": "NON_PAYE"
    }
  },
  {
    "model": "syndic.detailappelcharge",
    "pk": 1204,
    "fields": {
      "created_at": "2026-03-11T20:42:39.623Z",
      "updated_at": "2026-03-13T10:05:17.406Z",
      "appel": 149,
      "lot": 97,
      "montant": "250.00",
      "montant_recu": "50.00",
      "justificatif": "Pmt#298 (2026-03-12): +50.00",
      "statut": "PARTIEL"
    }
  },
  {
    "model": "syndic.detailappelcharge",
    "pk": 1205,
    "fields": {
      "created_at": "2026-03-12T21:12:14.979Z",
      "updated_at": "2026-03-13T10:34:47.158Z",
      "appel": 150,
      "lot": 89,
      "montant": "250.00",
      "montant_recu": "150.00",
      "justificatif": "Pmt#303 (2026-03-13): +10.00 | Pmt#304 (2026-03-13): +20.00 | Pmt#305 (2026-03-13): +20.00 | Pmt#306 (2026-03-13): +20.00 | Pmt#307 (2026-03-13): +20.00 | Pmt#308 (2026-03-13): +20.00 | Pmt#309 (2026-03-13): +20.00 | Pmt#310 (2026-03-13): +20.00",
      "statut": "PARTIEL"
    }
  },
  {
    "model": "syndic.detailappelcharge",
    "pk": 1206,
    "fields": {
      "created_at": "2026-03-12T21:12:15.345Z",
      "updated_at": "2026-03-12T21:12:15.345Z",
      "appel": 150,
      "lot": 90,
      "montant": "250.00",
      "montant_recu": "0.00",
      "justificatif": "",
      "statut": "NON_PAYE"
    }
  },
  {
    "model": "syndic.detailappelcharge",
    "pk": 1207,
    "fields": {
      "created_at": "2026-03-12T21:12:15.686Z",
      "updated_at": "2026-03-12T21:12:15.687Z",
      "appel": 150,
      "lot": 91,
      "montant": "250.00",
      "montant_recu": "0.00",
      "justificatif": "",
      "statut": "NON_PAYE"
    }
  },
  {
    "model": "syndic.detailappelcharge",
    "pk": 1208,
    "fields": {
      "created_at": "2026-03-12T21:12:15.989Z",
      "updated_at": "2026-03-12T21:12:15.989Z",
      "appel": 150,
      "lot": 92,
      "montant": "250.00",
      "montant_recu": "0.00",
      "justificatif": "",
      "statut": "NON_PAYE"
    }
  },
  {
    "model": "syndic.detailappelcharge",
    "pk": 1209,
    "fields": {
      "created_at": "2026-03-12T21:12:16.284Z",
      "updated_at": "2026-03-13T09:33:22.069Z",
      "appel": 150,
      "lot": 93,
      "montant": "250.00",
      "montant_recu": "50.00",
      "justificatif": "Pmt#286 (2026-03-13): +50.00",
      "statut": "PARTIEL"
    }
  },
  {
    "model": "syndic.detailappelcharge",
    "pk": 1210,
    "fields": {
      "created_at": "2026-03-12T21:12:16.583Z",
      "updated_at": "2026-03-12T21:12:16.583Z",
      "appel": 150,
      "lot": 94,
      "montant": "250.00",
      "montant_recu": "0.00",
      "justificatif": "",
      "statut": "NON_PAYE"
    }
  },
  {
    "model": "syndic.detailappelcharge",
    "pk": 1211,
    "fields": {
      "created_at": "2026-03-12T21:12:16.885Z",
      "updated_at": "2026-03-12T21:12:16.885Z",
      "appel": 150,
      "lot": 95,
      "montant": "250.00",
      "montant_recu": "0.00",
      "justificatif": "",
      "statut": "NON_PAYE"
    }
  },
  {
    "model": "syndic.detailappelcharge",
    "pk": 1212,
    "fields": {
      "created_at": "2026-03-12T21:12:17.194Z",
      "updated_at": "2026-03-12T21:12:17.195Z",
      "appel": 150,
      "lot": 96,
      "montant": "250.00",
      "montant_recu": "0.00",
      "justificatif": "",
      "statut": "NON_PAYE"
    }
  },
  {
    "model": "syndic.detailappelcharge",
    "pk": 1213,
    "fields": {
      "created_at": "2026-03-12T21:12:17.493Z",
      "updated_at": "2026-03-12T21:12:17.493Z",
      "appel": 150,
      "lot": 97,
      "montant": "250.00",
      "montant_recu": "0.00",
      "justificatif": "",
      "statut": "NON_PAYE"
    }
  },
  {
    "model": "syndic.detailappelcharge",
    "pk": 1214,
    "fields": {
      "created_at": "2026-03-13T09:24:33.705Z",
      "updated_at": "2026-03-13T09:34:12.753Z",
      "appel": 151,
      "lot": 126,
      "montant": "2400.00",
      "montant_recu": "500.00",
      "justificatif": "Pmt#287 (2026-03-13): +500.00",
      "statut": "PARTIEL"
    }
  },
  {
    "model": "syndic.detailappelcharge",
    "pk": 1215,
    "fields": {
      "created_at": "2026-03-13T09:24:34.083Z",
      "updated_at": "2026-03-13T09:24:34.083Z",
      "appel": 151,
      "lot": 127,
      "montant": "2400.00",
      "montant_recu": "0.00",
      "justificatif": "",
      "statut": "NON_PAYE"
    }
  },
  {
    "model": "syndic.detailappelcharge",
    "pk": 1216,
    "fields": {
      "created_at": "2026-03-13T09:24:34.434Z",
      "updated_at": "2026-03-13T09:24:34.434Z",
      "appel": 151,
      "lot": 128,
      "montant": "2400.00",
      "montant_recu": "0.00",
      "justificatif": "",
      "statut": "NON_PAYE"
    }
  },
  {
    "model": "syndic.detailappelcharge",
    "pk": 1217,
    "fields": {
      "created_at": "2026-03-13T09:24:34.843Z",
      "updated_at": "2026-03-13T09:24:34.844Z",
      "appel": 151,
      "lot": 129,
      "montant": "2400.00",
      "montant_recu": "0.00",
      "justificatif": "",
      "statut": "NON_PAYE"
    }
  },
  {
    "model": "syndic.detailappelcharge",
    "pk": 1218,
    "fields": {
      "created_at": "2026-03-13T09:24:35.231Z",
      "updated_at": "2026-03-13T09:24:35.231Z",
      "appel": 151,
      "lot": 130,
      "montant": "2400.00",
      "montant_recu": "0.00",
      "justificatif": "",
      "statut": "NON_PAYE"
    }
  },
  {
    "model": "syndic.detailappelcharge",
    "pk": 1219,
    "fields": {
      "created_at": "2026-03-13T09:24:35.608Z",
      "updated_at": "2026-03-13T09:24:35.608Z",
      "appel": 151,
      "lot": 131,
      "montant": "2400.00",
      "montant_recu": "0.00",
      "justificatif": "",
      "statut": "NON_PAYE"
    }
  },
  {
    "model": "syndic.detailappelcharge",
    "pk": 1220,
    "fields": {
      "created_at": "2026-03-13T09:24:35.971Z",
      "updated_at": "2026-03-13T09:24:35.971Z",
      "appel": 151,
      "lot": 132,
      "montant": "2400.00",
      "montant_recu": "0.00",
      "justificatif": "",
      "statut": "NON_PAYE"
    }
  },
  {
    "model": "syndic.detailappelcharge",
    "pk": 1221,
    "fields": {
      "created_at": "2026-03-13T09:24:36.308Z",
      "updated_at": "2026-03-13T09:25:37.764Z",
      "appel": 151,
      "lot": 133,
      "montant": "2400.00",
      "montant_recu": "200.00",
      "justificatif": "Pmt#285 (2026-03-13): +200.00",
      "statut": "PARTIEL"
    }
  },
  {
    "model": "syndic.detailappelcharge",
    "pk": 1222,
    "fields": {
      "created_at": "2026-03-13T09:24:36.629Z",
      "updated_at": "2026-03-13T09:24:36.629Z",
      "appel": 151,
      "lot": 134,
      "montant": "2400.00",
      "montant_recu": "0.00",
      "justificatif": "",
      "statut": "NON_PAYE"
    }
  },
  {
    "model": "syndic.detailappelcharge",
    "pk": 1223,
    "fields": {
      "created_at": "2026-03-13T09:24:36.931Z",
      "updated_at": "2026-03-13T09:24:36.931Z",
      "appel": 151,
      "lot": 135,
      "montant": "2400.00",
      "montant_recu": "0.00",
      "justificatif": "",
      "statut": "NON_PAYE"
    }
  },
  {
    "model": "syndic.detailappelcharge",
    "pk": 1224,
    "fields": {
      "created_at": "2026-03-13T09:24:37.271Z",
      "updated_at": "2026-03-13T09:24:37.271Z",
      "appel": 151,
      "lot": 136,
      "montant": "2400.00",
      "montant_recu": "0.00",
      "justificatif": "",
      "statut": "NON_PAYE"
    }
  },
  {
    "model": "syndic.detailappelcharge",
    "pk": 1225,
    "fields": {
      "created_at": "2026-03-13T09:24:37.638Z",
      "updated_at": "2026-03-13T09:24:37.638Z",
      "appel": 151,
      "lot": 137,
      "montant": "2400.00",
      "montant_recu": "0.00",
      "justificatif": "",
      "statut": "NON_PAYE"
    }
  },
  {
    "model": "syndic.detailappelcharge",
    "pk": 1226,
    "fields": {
      "created_at": "2026-03-13T09:24:38.008Z",
      "updated_at": "2026-03-13T09:24:38.008Z",
      "appel": 151,
      "lot": 138,
      "montant": "2400.00",
      "montant_recu": "0.00",
      "justificatif": "",
      "statut": "NON_PAYE"
    }
  },
  {
    "model": "syndic.detailappelcharge",
    "pk": 1227,
    "fields": {
      "created_at": "2026-03-13T09:24:38.422Z",
      "updated_at": "2026-03-13T09:24:38.422Z",
      "appel": 151,
      "lot": 139,
      "montant": "2400.00",
      "montant_recu": "0.00",
      "justificatif": "",
      "statut": "NON_PAYE"
    }
  },
  {
    "model": "syndic.detailappelcharge",
    "pk": 1228,
    "fields": {
      "created_at": "2026-03-13T09:24:38.758Z",
      "updated_at": "2026-03-13T09:24:38.758Z",
      "appel": 151,
      "lot": 140,
      "montant": "2400.00",
      "montant_recu": "0.00",
      "justificatif": "",
      "statut": "NON_PAYE"
    }
  },
  {
    "model": "syndic.detailappelcharge",
    "pk": 1229,
    "fields": {
      "created_at": "2026-03-13T09:24:39.068Z",
      "updated_at": "2026-03-13T09:24:39.068Z",
      "appel": 151,
      "lot": 141,
      "montant": "2400.00",
      "montant_recu": "0.00",
      "justificatif": "",
      "statut": "NON_PAYE"
    }
  },
  {
    "model": "syndic.detailappelcharge",
    "pk": 1230,
    "fields": {
      "created_at": "2026-03-13T09:24:39.389Z",
      "updated_at": "2026-03-13T09:24:39.389Z",
      "appel": 151,
      "lot": 142,
      "montant": "2400.00",
      "montant_recu": "0.00",
      "justificatif": "",
      "statut": "NON_PAYE"
    }
  },
  {
    "model": "syndic.detailappelcharge",
    "pk": 1231,
    "fields": {
      "created_at": "2026-03-13T09:24:39.690Z",
      "updated_at": "2026-03-13T09:24:39.690Z",
      "appel": 151,
      "lot": 143,
      "montant": "2400.00",
      "montant_recu": "0.00",
      "justificatif": "",
      "statut": "NON_PAYE"
    }
  },
  {
    "model": "syndic.detailappelcharge",
    "pk": 1232,
    "fields": {
      "created_at": "2026-03-13T09:24:39.997Z",
      "updated_at": "2026-03-13T09:24:39.997Z",
      "appel": 151,
      "lot": 144,
      "montant": "2400.00",
      "montant_recu": "0.00",
      "justificatif": "",
      "statut": "NON_PAYE"
    }
  },
  {
    "model": "syndic.detailappelcharge",
    "pk": 1233,
    "fields": {
      "created_at": "2026-03-13T09:24:40.354Z",
      "updated_at": "2026-03-13T09:24:40.354Z",
      "appel": 151,
      "lot": 145,
      "montant": "2400.00",
      "montant_recu": "0.00",
      "justificatif": "",
      "statut": "NON_PAYE"
    }
  },
  {
    "model": "syndic.detailappelcharge",
    "pk": 1234,
    "fields": {
      "created_at": "2026-03-13T09:24:40.705Z",
      "updated_at": "2026-03-13T09:24:40.705Z",
      "appel": 151,
      "lot": 146,
      "montant": "2400.00",
      "montant_recu": "0.00",
      "justificatif": "",
      "statut": "NON_PAYE"
    }
  },
  {
    "model": "syndic.detailappelcharge",
    "pk": 1235,
    "fields": {
      "created_at": "2026-03-13T09:24:40.995Z",
      "updated_at": "2026-03-13T09:24:40.995Z",
      "appel": 151,
      "lot": 147,
      "montant": "2400.00",
      "montant_recu": "0.00",
      "justificatif": "",
      "statut": "NON_PAYE"
    }
  },
  {
    "model": "syndic.detailappelcharge",
    "pk": 1236,
    "fields": {
      "created_at": "2026-03-13T09:24:41.318Z",
      "updated_at": "2026-03-13T09:24:41.318Z",
      "appel": 151,
      "lot": 148,
      "montant": "2400.00",
      "montant_recu": "0.00",
      "justificatif": "",
      "statut": "NON_PAYE"
    }
  },
  {
    "model": "syndic.detailappelcharge",
    "pk": 1237,
    "fields": {
      "created_at": "2026-03-13T09:24:41.645Z",
      "updated_at": "2026-03-13T09:24:41.645Z",
      "appel": 151,
      "lot": 149,
      "montant": "2400.00",
      "montant_recu": "0.00",
      "justificatif": "",
      "statut": "NON_PAYE"
    }
  },
  {
    "model": "syndic.affectationpaiement",
    "pk": 5,
    "fields": {
      "created_at": "2026-03-02T19:22:24.361Z",
      "updated_at": "2026-03-02T19:22:24.361Z",
      "paiement": 6,
      "detail": 53,
      "montant_affecte": "100.00"
    }
  },
  {
    "model": "syndic.affectationpaiement",
    "pk": 6,
    "fields": {
      "created_at": "2026-03-02T19:23:05.517Z",
      "updated_at": "2026-03-02T19:23:05.517Z",
      "paiement": 7,
      "detail": 53,
      "montant_affecte": "10.00"
    }
  },
  {
    "model": "syndic.affectationpaiement",
    "pk": 94,
    "fields": {
      "created_at": "2026-03-04T00:24:42.301Z",
      "updated_at": "2026-03-04T00:24:42.301Z",
      "paiement": 56,
      "detail": 680,
      "montant_affecte": "5000.00"
    }
  },
  {
    "model": "syndic.affectationpaiement",
    "pk": 95,
    "fields": {
      "created_at": "2026-03-04T00:25:15.435Z",
      "updated_at": "2026-03-04T00:25:15.435Z",
      "paiement": 57,
      "detail": 681,
      "montant_affecte": "7500.00"
    }
  },
  {
    "model": "syndic.affectationpaiement",
    "pk": 96,
    "fields": {
      "created_at": "2026-03-04T00:25:42.702Z",
      "updated_at": "2026-03-04T00:25:42.702Z",
      "paiement": 58,
      "detail": 682,
      "montant_affecte": "1000.00"
    }
  },
  {
    "model": "syndic.affectationpaiement",
    "pk": 97,
    "fields": {
      "created_at": "2026-03-04T00:29:15.728Z",
      "updated_at": "2026-03-04T00:29:15.728Z",
      "paiement": 59,
      "detail": 680,
      "montant_affecte": "2500.00"
    }
  },
  {
    "model": "syndic.affectationpaiement",
    "pk": 98,
    "fields": {
      "created_at": "2026-03-04T00:29:15.760Z",
      "updated_at": "2026-03-04T00:29:15.760Z",
      "paiement": 59,
      "detail": 684,
      "montant_affecte": "500.00"
    }
  },
  {
    "model": "syndic.affectationpaiement",
    "pk": 99,
    "fields": {
      "created_at": "2026-03-04T00:30:00.249Z",
      "updated_at": "2026-03-04T00:30:00.249Z",
      "paiement": 60,
      "detail": 684,
      "montant_affecte": "500.00"
    }
  },
  {
    "model": "syndic.affectationpaiement",
    "pk": 100,
    "fields": {
      "created_at": "2026-03-04T00:31:32.862Z",
      "updated_at": "2026-03-04T00:31:32.862Z",
      "paiement": 61,
      "detail": 688,
      "montant_affecte": "500.00"
    }
  },
  {
    "model": "syndic.affectationpaiement",
    "pk": 138,
    "fields": {
      "created_at": "2026-03-04T20:41:19.877Z",
      "updated_at": "2026-03-04T20:41:19.877Z",
      "paiement": 73,
      "detail": 688,
      "montant_affecte": "1500.00"
    }
  },
  {
    "model": "syndic.affectationpaiement",
    "pk": 139,
    "fields": {
      "created_at": "2026-03-04T20:41:54.409Z",
      "updated_at": "2026-03-04T20:41:54.409Z",
      "paiement": 74,
      "detail": 682,
      "montant_affecte": "2000.00"
    }
  },
  {
    "model": "syndic.affectationpaiement",
    "pk": 140,
    "fields": {
      "created_at": "2026-03-04T20:43:07.518Z",
      "updated_at": "2026-03-04T20:43:07.518Z",
      "paiement": 75,
      "detail": 683,
      "montant_affecte": "7000.00"
    }
  },
  {
    "model": "syndic.affectationpaiement",
    "pk": 141,
    "fields": {
      "created_at": "2026-03-04T20:45:29.664Z",
      "updated_at": "2026-03-04T20:45:29.664Z",
      "paiement": 76,
      "detail": 683,
      "montant_affecte": "500.00"
    }
  },
  {
    "model": "syndic.affectationpaiement",
    "pk": 142,
    "fields": {
      "created_at": "2026-03-04T20:45:46.940Z",
      "updated_at": "2026-03-04T20:45:46.940Z",
      "paiement": 77,
      "detail": 687,
      "montant_affecte": "1000.00"
    }
  },
  {
    "model": "syndic.affectationpaiement",
    "pk": 143,
    "fields": {
      "created_at": "2026-03-04T20:45:46.971Z",
      "updated_at": "2026-03-04T20:45:46.971Z",
      "paiement": 77,
      "detail": 691,
      "montant_affecte": "2000.00"
    }
  },
  {
    "model": "syndic.affectationpaiement",
    "pk": 144,
    "fields": {
      "created_at": "2026-03-04T21:11:39.848Z",
      "updated_at": "2026-03-04T21:11:39.848Z",
      "paiement": 78,
      "detail": 947,
      "montant_affecte": "600.00"
    }
  },
  {
    "model": "syndic.affectationpaiement",
    "pk": 145,
    "fields": {
      "created_at": "2026-03-04T21:11:39.878Z",
      "updated_at": "2026-03-04T21:11:39.879Z",
      "paiement": 78,
      "detail": 144,
      "montant_affecte": "500.00"
    }
  },
  {
    "model": "syndic.affectationpaiement",
    "pk": 146,
    "fields": {
      "created_at": "2026-03-04T21:11:54.308Z",
      "updated_at": "2026-03-04T21:11:54.308Z",
      "paiement": 79,
      "detail": 953,
      "montant_affecte": "550.00"
    }
  },
  {
    "model": "syndic.affectationpaiement",
    "pk": 147,
    "fields": {
      "created_at": "2026-03-04T21:11:54.339Z",
      "updated_at": "2026-03-04T21:11:54.339Z",
      "paiement": 79,
      "detail": 950,
      "montant_affecte": "1000.00"
    }
  },
  {
    "model": "syndic.affectationpaiement",
    "pk": 162,
    "fields": {
      "created_at": "2026-03-05T11:56:48.409Z",
      "updated_at": "2026-03-05T11:56:48.409Z",
      "paiement": 103,
      "detail": 1067,
      "montant_affecte": "100.00"
    }
  },
  {
    "model": "syndic.affectationpaiement",
    "pk": 163,
    "fields": {
      "created_at": "2026-03-05T11:57:01.114Z",
      "updated_at": "2026-03-05T11:57:01.114Z",
      "paiement": 104,
      "detail": 1092,
      "montant_affecte": "300.00"
    }
  },
  {
    "model": "syndic.affectationpaiement",
    "pk": 164,
    "fields": {
      "created_at": "2026-03-05T11:57:17.516Z",
      "updated_at": "2026-03-05T11:57:17.516Z",
      "paiement": 105,
      "detail": 1067,
      "montant_affecte": "100.00"
    }
  },
  {
    "model": "syndic.affectationpaiement",
    "pk": 165,
    "fields": {
      "created_at": "2026-03-05T11:57:38.520Z",
      "updated_at": "2026-03-05T11:57:38.520Z",
      "paiement": 105,
      "detail": 1092,
      "montant_affecte": "100.00"
    }
  },
  {
    "model": "syndic.affectationpaiement",
    "pk": 166,
    "fields": {
      "created_at": "2026-03-05T15:43:31.481Z",
      "updated_at": "2026-03-05T15:43:31.481Z",
      "paiement": 106,
      "detail": 948,
      "montant_affecte": "700.00"
    }
  },
  {
    "model": "syndic.affectationpaiement",
    "pk": 167,
    "fields": {
      "created_at": "2026-03-05T15:43:31.569Z",
      "updated_at": "2026-03-05T15:43:31.569Z",
      "paiement": 106,
      "detail": 145,
      "montant_affecte": "300.00"
    }
  },
  {
    "model": "syndic.affectationpaiement",
    "pk": 168,
    "fields": {
      "created_at": "2026-03-05T15:44:10.120Z",
      "updated_at": "2026-03-05T15:44:10.120Z",
      "paiement": 107,
      "detail": 954,
      "montant_affecte": "550.00"
    }
  },
  {
    "model": "syndic.affectationpaiement",
    "pk": 169,
    "fields": {
      "created_at": "2026-03-05T15:44:10.151Z",
      "updated_at": "2026-03-05T15:44:10.151Z",
      "paiement": 107,
      "detail": 951,
      "montant_affecte": "450.00"
    }
  },
  {
    "model": "syndic.affectationpaiement",
    "pk": 170,
    "fields": {
      "created_at": "2026-03-05T16:54:46.786Z",
      "updated_at": "2026-03-05T16:54:46.786Z",
      "paiement": 108,
      "detail": 949,
      "montant_affecte": "500.00"
    }
  },
  {
    "model": "syndic.affectationpaiement",
    "pk": 171,
    "fields": {
      "created_at": "2026-03-05T16:55:02.757Z",
      "updated_at": "2026-03-05T16:55:02.757Z",
      "paiement": 109,
      "detail": 955,
      "montant_affecte": "250.00"
    }
  },
  {
    "model": "syndic.affectationpaiement",
    "pk": 172,
    "fields": {
      "created_at": "2026-03-05T21:28:55.050Z",
      "updated_at": "2026-03-05T21:28:55.050Z",
      "paiement": 110,
      "detail": 949,
      "montant_affecte": "150.00"
    }
  },
  {
    "model": "syndic.affectationpaiement",
    "pk": 173,
    "fields": {
      "created_at": "2026-03-05T21:28:55.080Z",
      "updated_at": "2026-03-05T21:28:55.080Z",
      "paiement": 110,
      "detail": 146,
      "montant_affecte": "350.00"
    }
  },
  {
    "model": "syndic.affectationpaiement",
    "pk": 182,
    "fields": {
      "created_at": "2026-03-09T22:29:57.431Z",
      "updated_at": "2026-03-09T22:29:57.431Z",
      "paiement": 119,
      "detail": 1168,
      "montant_affecte": "250.00"
    }
  },
  {
    "model": "syndic.affectationpaiement",
    "pk": 183,
    "fields": {
      "created_at": "2026-03-09T22:30:12.452Z",
      "updated_at": "2026-03-09T22:30:12.452Z",
      "paiement": 120,
      "detail": 1173,
      "montant_affecte": "300.00"
    }
  },
  {
    "model": "syndic.affectationpaiement",
    "pk": 184,
    "fields": {
      "created_at": "2026-03-09T22:30:36.389Z",
      "updated_at": "2026-03-09T22:30:36.389Z",
      "paiement": 121,
      "detail": 1169,
      "montant_affecte": "250.00"
    }
  },
  {
    "model": "syndic.affectationpaiement",
    "pk": 185,
    "fields": {
      "created_at": "2026-03-09T22:30:48.865Z",
      "updated_at": "2026-03-09T22:30:48.865Z",
      "paiement": 121,
      "detail": 1174,
      "montant_affecte": "150.00"
    }
  },
  {
    "model": "syndic.affectationpaiement",
    "pk": 186,
    "fields": {
      "created_at": "2026-03-09T22:31:17.287Z",
      "updated_at": "2026-03-09T22:31:17.287Z",
      "paiement": 122,
      "detail": 1170,
      "montant_affecte": "350.00"
    }
  },
  {
    "model": "syndic.affectationpaiement",
    "pk": 187,
    "fields": {
      "created_at": "2026-03-09T22:31:29.023Z",
      "updated_at": "2026-03-09T22:31:29.023Z",
      "paiement": 122,
      "detail": 1175,
      "montant_affecte": "50.00"
    }
  },
  {
    "model": "syndic.affectationpaiement",
    "pk": 188,
    "fields": {
      "created_at": "2026-03-10T00:10:31.902Z",
      "updated_at": "2026-03-10T00:10:31.902Z",
      "paiement": 123,
      "detail": 1171,
      "montant_affecte": "100.00"
    }
  },
  {
    "model": "syndic.affectationpaiement",
    "pk": 322,
    "fields": {
      "created_at": "2026-03-13T09:25:37.750Z",
      "updated_at": "2026-03-13T09:25:37.750Z",
      "paiement": 285,
      "detail": 1221,
      "montant_affecte": "200.00"
    }
  },
  {
    "model": "syndic.affectationpaiement",
    "pk": 324,
    "fields": {
      "created_at": "2026-03-13T09:33:22.032Z",
      "updated_at": "2026-03-13T09:33:22.032Z",
      "paiement": 286,
      "detail": 1200,
      "montant_affecte": "250.00"
    }
  },
  {
    "model": "syndic.affectationpaiement",
    "pk": 325,
    "fields": {
      "created_at": "2026-03-13T09:33:22.059Z",
      "updated_at": "2026-03-13T09:33:22.059Z",
      "paiement": 286,
      "detail": 1209,
      "montant_affecte": "50.00"
    }
  },
  {
    "model": "syndic.affectationpaiement",
    "pk": 326,
    "fields": {
      "created_at": "2026-03-13T09:34:12.740Z",
      "updated_at": "2026-03-13T09:34:12.740Z",
      "paiement": 287,
      "detail": 1214,
      "montant_affecte": "500.00"
    }
  },
  {
    "model": "syndic.affectationpaiement",
    "pk": 327,
    "fields": {
      "created_at": "2026-03-13T10:05:16.449Z",
      "updated_at": "2026-03-13T10:05:16.449Z",
      "paiement": 288,
      "detail": 1195,
      "montant_affecte": "550.00"
    }
  },
  {
    "model": "syndic.affectationpaiement",
    "pk": 328,
    "fields": {
      "created_at": "2026-03-13T10:05:16.607Z",
      "updated_at": "2026-03-13T10:05:16.607Z",
      "paiement": 289,
      "detail": 1178,
      "montant_affecte": "250.00"
    }
  },
  {
    "model": "syndic.affectationpaiement",
    "pk": 329,
    "fields": {
      "created_at": "2026-03-13T10:05:16.692Z",
      "updated_at": "2026-03-13T10:05:16.692Z",
      "paiement": 290,
      "detail": 1196,
      "montant_affecte": "100.00"
    }
  },
  {
    "model": "syndic.affectationpaiement",
    "pk": 330,
    "fields": {
      "created_at": "2026-03-13T10:05:16.773Z",
      "updated_at": "2026-03-13T10:05:16.773Z",
      "paiement": 291,
      "detail": 1179,
      "montant_affecte": "250.00"
    }
  },
  {
    "model": "syndic.affectationpaiement",
    "pk": 331,
    "fields": {
      "created_at": "2026-03-13T10:05:16.809Z",
      "updated_at": "2026-03-13T10:05:16.809Z",
      "paiement": 291,
      "detail": 1188,
      "montant_affecte": "200.00"
    }
  },
  {
    "model": "syndic.affectationpaiement",
    "pk": 332,
    "fields": {
      "created_at": "2026-03-13T10:05:16.848Z",
      "updated_at": "2026-03-13T10:05:16.848Z",
      "paiement": 291,
      "detail": 1197,
      "montant_affecte": "250.00"
    }
  },
  {
    "model": "syndic.affectationpaiement",
    "pk": 333,
    "fields": {
      "created_at": "2026-03-13T10:05:16.919Z",
      "updated_at": "2026-03-13T10:05:16.919Z",
      "paiement": 292,
      "detail": 1180,
      "montant_affecte": "250.00"
    }
  },
  {
    "model": "syndic.affectationpaiement",
    "pk": 334,
    "fields": {
      "created_at": "2026-03-13T10:05:16.950Z",
      "updated_at": "2026-03-13T10:05:16.951Z",
      "paiement": 292,
      "detail": 1198,
      "montant_affecte": "50.00"
    }
  },
  {
    "model": "syndic.affectationpaiement",
    "pk": 335,
    "fields": {
      "created_at": "2026-03-13T10:05:17.015Z",
      "updated_at": "2026-03-13T10:05:17.015Z",
      "paiement": 293,
      "detail": 1182,
      "montant_affecte": "250.00"
    }
  },
  {
    "model": "syndic.affectationpaiement",
    "pk": 336,
    "fields": {
      "created_at": "2026-03-13T10:05:17.073Z",
      "updated_at": "2026-03-13T10:05:17.073Z",
      "paiement": 294,
      "detail": 1181,
      "montant_affecte": "250.00"
    }
  },
  {
    "model": "syndic.affectationpaiement",
    "pk": 337,
    "fields": {
      "created_at": "2026-03-13T10:05:17.110Z",
      "updated_at": "2026-03-13T10:05:17.110Z",
      "paiement": 294,
      "detail": 1199,
      "montant_affecte": "50.00"
    }
  },
  {
    "model": "syndic.affectationpaiement",
    "pk": 338,
    "fields": {
      "created_at": "2026-03-13T10:05:17.167Z",
      "updated_at": "2026-03-13T10:05:17.167Z",
      "paiement": 295,
      "detail": 1183,
      "montant_affecte": "250.00"
    }
  },
  {
    "model": "syndic.affectationpaiement",
    "pk": 339,
    "fields": {
      "created_at": "2026-03-13T10:05:17.222Z",
      "updated_at": "2026-03-13T10:05:17.222Z",
      "paiement": 296,
      "detail": 1202,
      "montant_affecte": "50.00"
    }
  },
  {
    "model": "syndic.affectationpaiement",
    "pk": 340,
    "fields": {
      "created_at": "2026-03-13T10:05:17.254Z",
      "updated_at": "2026-03-13T10:05:17.254Z",
      "paiement": 296,
      "detail": 1184,
      "montant_affecte": "250.00"
    }
  },
  {
    "model": "syndic.affectationpaiement",
    "pk": 341,
    "fields": {
      "created_at": "2026-03-13T10:05:17.309Z",
      "updated_at": "2026-03-13T10:05:17.309Z",
      "paiement": 297,
      "detail": 1185,
      "montant_affecte": "250.00"
    }
  },
  {
    "model": "syndic.affectationpaiement",
    "pk": 342,
    "fields": {
      "created_at": "2026-03-13T10:05:17.365Z",
      "updated_at": "2026-03-13T10:05:17.365Z",
      "paiement": 298,
      "detail": 1186,
      "montant_affecte": "250.00"
    }
  },
  {
    "model": "syndic.affectationpaiement",
    "pk": 343,
    "fields": {
      "created_at": "2026-03-13T10:05:17.395Z",
      "updated_at": "2026-03-13T10:05:17.395Z",
      "paiement": 298,
      "detail": 1204,
      "montant_affecte": "50.00"
    }
  },
  {
    "model": "syndic.affectationpaiement",
    "pk": 344,
    "fields": {
      "created_at": "2026-03-13T10:05:17.449Z",
      "updated_at": "2026-03-13T10:05:17.449Z",
      "paiement": 299,
      "detail": 1188,
      "montant_affecte": "150.00"
    }
  },
  {
    "model": "syndic.affectationpaiement",
    "pk": 345,
    "fields": {
      "created_at": "2026-03-13T10:05:17.505Z",
      "updated_at": "2026-03-13T10:05:17.505Z",
      "paiement": 300,
      "detail": 1202,
      "montant_affecte": "200.00"
    }
  },
  {
    "model": "syndic.affectationpaiement",
    "pk": 346,
    "fields": {
      "created_at": "2026-03-13T10:33:31.399Z",
      "updated_at": "2026-03-13T10:33:31.399Z",
      "paiement": 301,
      "detail": 1196,
      "montant_affecte": "100.00"
    }
  },
  {
    "model": "syndic.affectationpaiement",
    "pk": 347,
    "fields": {
      "created_at": "2026-03-13T10:33:45.477Z",
      "updated_at": "2026-03-13T10:33:45.477Z",
      "paiement": 302,
      "detail": 1196,
      "montant_affecte": "50.00"
    }
  },
  {
    "model": "syndic.affectationpaiement",
    "pk": 348,
    "fields": {
      "created_at": "2026-03-13T10:34:00.263Z",
      "updated_at": "2026-03-13T10:34:00.263Z",
      "paiement": 303,
      "detail": 1205,
      "montant_affecte": "10.00"
    }
  },
  {
    "model": "syndic.affectationpaiement",
    "pk": 349,
    "fields": {
      "created_at": "2026-03-13T10:34:07.829Z",
      "updated_at": "2026-03-13T10:34:07.830Z",
      "paiement": 304,
      "detail": 1205,
      "montant_affecte": "20.00"
    }
  },
  {
    "model": "syndic.affectationpaiement",
    "pk": 350,
    "fields": {
      "created_at": "2026-03-13T10:34:14.559Z",
      "updated_at": "2026-03-13T10:34:14.559Z",
      "paiement": 305,
      "detail": 1205,
      "montant_affecte": "20.00"
    }
  },
  {
    "model": "syndic.affectationpaiement",
    "pk": 351,
    "fields": {
      "created_at": "2026-03-13T10:34:20.955Z",
      "updated_at": "2026-03-13T10:34:20.955Z",
      "paiement": 306,
      "detail": 1205,
      "montant_affecte": "20.00"
    }
  },
  {
    "model": "syndic.affectationpaiement",
    "pk": 352,
    "fields": {
      "created_at": "2026-03-13T10:34:27.204Z",
      "updated_at": "2026-03-13T10:34:27.204Z",
      "paiement": 307,
      "detail": 1205,
      "montant_affecte": "20.00"
    }
  },
  {
    "model": "syndic.affectationpaiement",
    "pk": 353,
    "fields": {
      "created_at": "2026-03-13T10:34:33.260Z",
      "updated_at": "2026-03-13T10:34:33.260Z",
      "paiement": 308,
      "detail": 1205,
      "montant_affecte": "20.00"
    }
  },
  {
    "model": "syndic.affectationpaiement",
    "pk": 354,
    "fields": {
      "created_at": "2026-03-13T10:34:39.744Z",
      "updated_at": "2026-03-13T10:34:39.744Z",
      "paiement": 309,
      "detail": 1205,
      "montant_affecte": "20.00"
    }
  },
  {
    "model": "syndic.affectationpaiement",
    "pk": 355,
    "fields": {
      "created_at": "2026-03-13T10:34:47.142Z",
      "updated_at": "2026-03-13T10:34:47.142Z",
      "paiement": 310,
      "detail": 1205,
      "montant_affecte": "20.00"
    }
  },
  {
    "model": "syndic.categoriedepense",
    "pk": 1,
    "fields": {
      "created_at": "2026-03-05T17:33:46.202Z",
      "updated_at": "2026-03-05T17:33:46.202Z",
      "residence": 12,
      "nom": "Eau",
      "famille": "ENERGIE",
      "type_depense": "SYSTEMATIQUE",
      "nature": "FONCTIONNEMENT",
      "compte_defaut": null,
      "actif": true
    }
  },
  {
    "model": "syndic.categoriedepense",
    "pk": 2,
    "fields": {
      "created_at": "2026-03-05T17:34:04.333Z",
      "updated_at": "2026-03-05T17:34:04.333Z",
      "residence": 12,
      "nom": "Electricité",
      "famille": "ENERGIE",
      "type_depense": "SYSTEMATIQUE",
      "nature": "FONCTIONNEMENT",
      "compte_defaut": null,
      "actif": true
    }
  },
  {
    "model": "syndic.categoriedepense",
    "pk": 3,
    "fields": {
      "created_at": "2026-03-05T17:34:22.196Z",
      "updated_at": "2026-03-05T17:34:22.196Z",
      "residence": 12,
      "nom": "Gardiennage",
      "famille": "SECURITE",
      "type_depense": "SYSTEMATIQUE",
      "nature": "FONCTIONNEMENT",
      "compte_defaut": null,
      "actif": true
    }
  },
  {
    "model": "syndic.categoriedepense",
    "pk": 4,
    "fields": {
      "created_at": "2026-03-05T17:34:47.969Z",
      "updated_at": "2026-03-05T17:34:47.969Z",
      "residence": 12,
      "nom": "Nettoyage",
      "famille": "NETTOYAGE",
      "type_depense": "SYSTEMATIQUE",
      "nature": "FONCTIONNEMENT",
      "compte_defaut": null,
      "actif": true
    }
  },
  {
    "model": "syndic.categoriedepense",
    "pk": 5,
    "fields": {
      "created_at": "2026-03-05T17:45:32.959Z",
      "updated_at": "2026-03-05T17:45:32.959Z",
      "residence": 12,
      "nom": "ANIMATION",
      "famille": "ANIMATION",
      "type_depense": "EVENTUELLE",
      "nature": "FONCTIONNEMENT",
      "compte_defaut": null,
      "actif": true
    }
  },
  {
    "model": "syndic.categoriedepense",
    "pk": 6,
    "fields": {
      "created_at": "2026-03-05T19:52:40.172Z",
      "updated_at": "2026-03-05T19:52:40.172Z",
      "residence": 12,
      "nom": "Produit",
      "famille": "MAINTENANCE",
      "type_depense": "EVENTUELLE",
      "nature": "FONCTIONNEMENT",
      "compte_defaut": null,
      "actif": true
    }
  },
  {
    "model": "syndic.categoriedepense",
    "pk": 7,
    "fields": {
      "created_at": "2026-03-06T23:39:12.816Z",
      "updated_at": "2026-03-06T23:39:12.816Z",
      "residence": 14,
      "nom": "Fournitures",
      "famille": "EQUIPEMENT",
      "type_depense": "EVENTUELLE",
      "nature": "FONCTIONNEMENT",
      "compte_defaut": null,
      "actif": true
    }
  },
  {
    "model": "syndic.categoriedepense",
    "pk": 8,
    "fields": {
      "created_at": "2026-03-06T23:40:50.164Z",
      "updated_at": "2026-03-06T23:40:50.164Z",
      "residence": 14,
      "nom": "Securité",
      "famille": "SECURITE",
      "type_depense": "EVENTUELLE",
      "nature": "FONCTIONNEMENT",
      "compte_defaut": null,
      "actif": true
    }
  },
  {
    "model": "syndic.categoriedepense",
    "pk": 9,
    "fields": {
      "created_at": "2026-03-09T16:25:12.969Z",
      "updated_at": "2026-03-09T16:25:12.969Z",
      "residence": 1,
      "nom": "Nettoyage",
      "famille": "NETTOYAGE",
      "type_depense": "EVENTUELLE",
      "nature": "FONCTIONNEMENT",
      "compte_defaut": null,
      "actif": true
    }
  },
  {
    "model": "syndic.categoriedepense",
    "pk": 10,
    "fields": {
      "created_at": "2026-03-09T17:39:45.586Z",
      "updated_at": "2026-03-09T17:39:45.586Z",
      "residence": 15,
      "nom": "Forniture",
      "famille": "EQUIPEMENT",
      "type_depense": "EVENTUELLE",
      "nature": "FONCTIONNEMENT",
      "compte_defaut": null,
      "actif": true
    }
  },
  {
    "model": "syndic.categoriedepense",
    "pk": 11,
    "fields": {
      "created_at": "2026-03-09T22:42:53.358Z",
      "updated_at": "2026-03-09T22:42:53.358Z",
      "residence": 16,
      "nom": "Achat",
      "famille": "EQUIPEMENT",
      "type_depense": "EVENTUELLE",
      "nature": "FONCTIONNEMENT",
      "compte_defaut": null,
      "actif": true
    }
  },
  {
    "model": "syndic.categoriedepense",
    "pk": 12,
    "fields": {
      "created_at": "2026-03-11T13:52:11.441Z",
      "updated_at": "2026-03-11T13:52:11.441Z",
      "residence": 14,
      "nom": "Facture",
      "famille": "ENERGIE",
      "type_depense": "EVENTUELLE",
      "nature": "FONCTIONNEMENT",
      "compte_defaut": null,
      "actif": true
    }
  },
  {
    "model": "syndic.categoriedepense",
    "pk": 13,
    "fields": {
      "created_at": "2026-03-11T13:55:30.763Z",
      "updated_at": "2026-03-11T13:55:30.763Z",
      "residence": 14,
      "nom": "Paiement",
      "famille": "PERSONNEL",
      "type_depense": "EVENTUELLE",
      "nature": "FONCTIONNEMENT",
      "compte_defaut": null,
      "actif": true
    }
  },
  {
    "model": "syndic.fournisseur",
    "pk": 1,
    "fields": {
      "created_at": "2026-03-05T17:35:29.051Z",
      "updated_at": "2026-03-05T17:35:29.051Z",
      "residence": 12,
      "nom_societe": "",
      "genre": "",
      "nom": "GAZ",
      "prenom": "",
      "gsm": "",
      "telephone": "",
      "email": "",
      "actif": true
    }
  },
  {
    "model": "syndic.fournisseur",
    "pk": 2,
    "fields": {
      "created_at": "2026-03-05T17:35:36.753Z",
      "updated_at": "2026-03-05T20:14:20.530Z",
      "residence": 12,
      "nom_societe": "ALPHA",
      "genre": "Mme",
      "nom": "Hamid",
      "prenom": "HOUDHOUD",
      "gsm": "06124578",
      "telephone": "",
      "email": "",
      "actif": true
    }
  },
  {
    "model": "syndic.fournisseur",
    "pk": 3,
    "fields": {
      "created_at": "2026-03-05T17:35:45.526Z",
      "updated_at": "2026-03-05T17:35:45.526Z",
      "residence": 12,
      "nom_societe": "",
      "genre": "",
      "nom": "GSM",
      "prenom": "",
      "gsm": "",
      "telephone": "",
      "email": "",
      "actif": true
    }
  },
  {
    "model": "syndic.fournisseur",
    "pk": 4,
    "fields": {
      "created_at": "2026-03-05T17:45:58.451Z",
      "updated_at": "2026-03-05T20:12:42.488Z",
      "residence": 12,
      "nom_societe": "",
      "genre": "M",
      "nom": "HHH",
      "prenom": "",
      "gsm": "",
      "telephone": "06487562132",
      "email": "",
      "actif": true
    }
  },
  {
    "model": "syndic.fournisseur",
    "pk": 5,
    "fields": {
      "created_at": "2026-03-09T16:25:41.568Z",
      "updated_at": "2026-03-09T16:25:41.568Z",
      "residence": 1,
      "nom_societe": "Entreprise Netto",
      "genre": "M",
      "nom": "Bouharra",
      "prenom": "",
      "gsm": "",
      "telephone": "+212675383976",
      "email": "",
      "actif": true
    }
  },
  {
    "model": "syndic.fournisseur",
    "pk": 6,
    "fields": {
      "created_at": "2026-03-09T16:28:33.131Z",
      "updated_at": "2026-03-09T16:28:33.131Z",
      "residence": 1,
      "nom_societe": "a",
      "genre": "",
      "nom": "a",
      "prenom": "a",
      "gsm": "",
      "telephone": "",
      "email": "",
      "actif": true
    }
  },
  {
    "model": "syndic.fournisseur",
    "pk": 7,
    "fields": {
      "created_at": "2026-03-11T13:52:36.623Z",
      "updated_at": "2026-03-11T13:52:36.623Z",
      "residence": 14,
      "nom_societe": "SCRM",
      "genre": "M",
      "nom": "A",
      "prenom": "B",
      "gsm": "",
      "telephone": "",
      "email": "",
      "actif": true
    }
  },
  {
    "model": "syndic.comptecomptable",
    "pk": 1,
    "fields": {
      "created_at": "2026-03-05T20:28:17.225Z",
      "updated_at": "2026-03-05T20:28:17.225Z",
      "residence": 12,
      "code": "777",
      "libelle": "Facture",
      "type_compte": "CHARGE",
      "actif": true
    }
  },
  {
    "model": "syndic.comptecomptable",
    "pk": 2,
    "fields": {
      "created_at": "2026-03-05T20:28:31.907Z",
      "updated_at": "2026-03-05T20:28:31.907Z",
      "residence": 12,
      "code": "888",
      "libelle": "az",
      "type_compte": "CHARGE",
      "actif": true
    }
  },
  {
    "model": "syndic.comptecomptable",
    "pk": 3,
    "fields": {
      "created_at": "2026-03-05T20:28:39.218Z",
      "updated_at": "2026-03-05T20:28:39.218Z",
      "residence": 12,
      "code": "333",
      "libelle": "sss",
      "type_compte": "CHARGE",
      "actif": true
    }
  },
  {
    "model": "syndic.comptecomptable",
    "pk": 4,
    "fields": {
      "created_at": "2026-03-05T20:29:37.196Z",
      "updated_at": "2026-03-05T20:29:37.196Z",
      "residence": 12,
      "code": "000",
      "libelle": "Attente",
      "type_compte": "CHARGE",
      "actif": true
    }
  },
  {
    "model": "syndic.comptecomptable",
    "pk": 5,
    "fields": {
      "created_at": "2026-03-05T23:34:41.795Z",
      "updated_at": "2026-03-05T23:34:41.795Z",
      "residence": 12,
      "code": "220",
      "libelle": "aa",
      "type_compte": "PRODUIT",
      "actif": true
    }
  },
  {
    "model": "syndic.comptecomptable",
    "pk": 6,
    "fields": {
      "created_at": "2026-03-06T15:52:23.841Z",
      "updated_at": "2026-03-06T15:52:23.841Z",
      "residence": 12,
      "code": "606",
      "libelle": "Fournitures d'entretien",
      "type_compte": "CHARGE",
      "actif": true
    }
  },
  {
    "model": "syndic.comptecomptable",
    "pk": 7,
    "fields": {
      "created_at": "2026-03-06T15:52:23.850Z",
      "updated_at": "2026-03-06T15:52:23.851Z",
      "residence": 12,
      "code": "701",
      "libelle": "Appels de charges",
      "type_compte": "PRODUIT",
      "actif": true
    }
  },
  {
    "model": "syndic.comptecomptable",
    "pk": 8,
    "fields": {
      "created_at": "2026-03-06T15:52:23.854Z",
      "updated_at": "2026-03-06T15:52:23.854Z",
      "residence": 12,
      "code": "512",
      "libelle": "Banque",
      "type_compte": "TRESORERIE",
      "actif": true
    }
  },
  {
    "model": "syndic.comptecomptable",
    "pk": 9,
    "fields": {
      "created_at": "2026-03-06T15:52:23.857Z",
      "updated_at": "2026-03-06T15:52:23.857Z",
      "residence": 12,
      "code": "601",
      "libelle": "Achats de matériel",
      "type_compte": "TRESORERIE",
      "actif": true
    }
  },
  {
    "model": "syndic.comptecomptable",
    "pk": 10,
    "fields": {
      "created_at": "2026-03-06T15:52:23.859Z",
      "updated_at": "2026-03-06T15:52:23.860Z",
      "residence": 12,
      "code": "6063",
      "libelle": "Fournitures d'entretien",
      "type_compte": "TRESORERIE",
      "actif": true
    }
  },
  {
    "model": "syndic.comptecomptable",
    "pk": 11,
    "fields": {
      "created_at": "2026-03-06T15:52:23.862Z",
      "updated_at": "2026-03-06T15:52:23.862Z",
      "residence": 12,
      "code": "6064",
      "libelle": "Fournitures administratives",
      "type_compte": "TRESORERIE",
      "actif": true
    }
  },
  {
    "model": "syndic.comptecomptable",
    "pk": 12,
    "fields": {
      "created_at": "2026-03-06T15:52:23.865Z",
      "updated_at": "2026-03-06T15:52:23.865Z",
      "residence": 12,
      "code": "611",
      "libelle": "Sous-traitance",
      "type_compte": "TRESORERIE",
      "actif": true
    }
  },
  {
    "model": "syndic.comptecomptable",
    "pk": 13,
    "fields": {
      "created_at": "2026-03-06T15:52:23.868Z",
      "updated_at": "2026-03-06T15:52:23.868Z",
      "residence": 12,
      "code": "613",
      "libelle": "Locations",
      "type_compte": "TRESORERIE",
      "actif": true
    }
  },
  {
    "model": "syndic.comptecomptable",
    "pk": 14,
    "fields": {
      "created_at": "2026-03-06T15:52:23.870Z",
      "updated_at": "2026-03-06T15:52:23.870Z",
      "residence": 12,
      "code": "615",
      "libelle": "Entretien et réparations",
      "type_compte": "TRESORERIE",
      "actif": true
    }
  },
  {
    "model": "syndic.comptecomptable",
    "pk": 15,
    "fields": {
      "created_at": "2026-03-06T15:52:23.873Z",
      "updated_at": "2026-03-06T15:52:23.873Z",
      "residence": 12,
      "code": "616",
      "libelle": "Primes d'assurance",
      "type_compte": "TRESORERIE",
      "actif": true
    }
  },
  {
    "model": "syndic.comptecomptable",
    "pk": 16,
    "fields": {
      "created_at": "2026-03-06T15:52:23.876Z",
      "updated_at": "2026-03-06T15:52:23.876Z",
      "residence": 12,
      "code": "621",
      "libelle": "Personnel extérieur",
      "type_compte": "TRESORERIE",
      "actif": true
    }
  },
  {
    "model": "syndic.comptecomptable",
    "pk": 17,
    "fields": {
      "created_at": "2026-03-06T15:52:23.879Z",
      "updated_at": "2026-03-06T15:52:23.879Z",
      "residence": 12,
      "code": "622",
      "libelle": "Honoraires",
      "type_compte": "TRESORERIE",
      "actif": true
    }
  },
  {
    "model": "syndic.comptecomptable",
    "pk": 18,
    "fields": {
      "created_at": "2026-03-06T15:52:23.881Z",
      "updated_at": "2026-03-06T15:52:23.881Z",
      "residence": 12,
      "code": "623",
      "libelle": "Publicité / communication / événements",
      "type_compte": "TRESORERIE",
      "actif": true
    }
  },
  {
    "model": "syndic.comptecomptable",
    "pk": 19,
    "fields": {
      "created_at": "2026-03-06T15:52:23.884Z",
      "updated_at": "2026-03-06T15:52:23.884Z",
      "residence": 12,
      "code": "631",
      "libelle": "Impôts et taxes",
      "type_compte": "TRESORERIE",
      "actif": true
    }
  },
  {
    "model": "syndic.comptecomptable",
    "pk": 20,
    "fields": {
      "created_at": "2026-03-06T15:52:23.887Z",
      "updated_at": "2026-03-06T15:52:23.887Z",
      "residence": 12,
      "code": "641",
      "libelle": "Salaires",
      "type_compte": "TRESORERIE",
      "actif": true
    }
  },
  {
    "model": "syndic.comptecomptable",
    "pk": 21,
    "fields": {
      "created_at": "2026-03-06T15:52:23.889Z",
      "updated_at": "2026-03-06T15:52:23.889Z",
      "residence": 12,
      "code": "645",
      "libelle": "Charges sociales",
      "type_compte": "TRESORERIE",
      "actif": true
    }
  },
  {
    "model": "syndic.comptecomptable",
    "pk": 22,
    "fields": {
      "created_at": "2026-03-06T15:52:23.892Z",
      "updated_at": "2026-03-06T15:52:23.892Z",
      "residence": 12,
      "code": "658",
      "libelle": "Autres charges de gestion",
      "type_compte": "TRESORERIE",
      "actif": true
    }
  },
  {
    "model": "syndic.comptecomptable",
    "pk": 23,
    "fields": {
      "created_at": "2026-03-06T15:52:23.894Z",
      "updated_at": "2026-03-06T15:52:23.894Z",
      "residence": 12,
      "code": "511",
      "libelle": "Banque",
      "type_compte": "TRESORERIE",
      "actif": true
    }
  },
  {
    "model": "syndic.comptecomptable",
    "pk": 24,
    "fields": {
      "created_at": "2026-03-06T15:52:23.897Z",
      "updated_at": "2026-03-06T15:52:23.897Z",
      "residence": 12,
      "code": "516",
      "libelle": "Caisse",
      "type_compte": "TRESORERIE",
      "actif": true
    }
  },
  {
    "model": "syndic.comptecomptable",
    "pk": 29,
    "fields": {
      "created_at": "2026-03-09T16:24:26.286Z",
      "updated_at": "2026-03-09T16:24:26.286Z",
      "residence": 1,
      "code": "606",
      "libelle": "oo",
      "type_compte": "CHARGE",
      "actif": true
    }
  },
  {
    "model": "syndic.comptecomptable",
    "pk": 30,
    "fields": {
      "created_at": "2026-03-09T17:39:28.673Z",
      "updated_at": "2026-03-09T17:39:28.673Z",
      "residence": 15,
      "code": "350",
      "libelle": "alpha",
      "type_compte": "CHARGE",
      "actif": true
    }
  },
  {
    "model": "syndic.comptecomptable",
    "pk": 31,
    "fields": {
      "created_at": "2026-03-09T22:17:18.151Z",
      "updated_at": "2026-03-09T22:17:18.151Z",
      "residence": 15,
      "code": "250",
      "libelle": "op",
      "type_compte": "PRODUIT",
      "actif": true
    }
  },
  {
    "model": "syndic.comptecomptable",
    "pk": 32,
    "fields": {
      "created_at": "2026-03-09T22:42:27.256Z",
      "updated_at": "2026-03-09T22:42:27.256Z",
      "residence": 16,
      "code": "350",
      "libelle": "Achat Fournitures",
      "type_compte": "CHARGE",
      "actif": true
    }
  },
  {
    "model": "syndic.comptecomptable",
    "pk": 33,
    "fields": {
      "created_at": "2026-03-09T22:44:00.557Z",
      "updated_at": "2026-03-09T22:44:00.557Z",
      "residence": 16,
      "code": "250",
      "libelle": "Divers",
      "type_compte": "CHARGE",
      "actif": true
    }
  },
  {
    "model": "syndic.comptecomptable",
    "pk": 34,
    "fields": {
      "created_at": "2026-03-09T22:47:25.660Z",
      "updated_at": "2026-03-09T22:47:25.660Z",
      "residence": 16,
      "code": "120",
      "libelle": "Divers",
      "type_compte": "PRODUIT",
      "actif": true
    }
  },
  {
    "model": "syndic.comptecomptable",
    "pk": 35,
    "fields": {
      "created_at": "2026-03-10T21:37:45.507Z",
      "updated_at": "2026-03-10T21:37:45.507Z",
      "residence": 15,
      "code": "999",
      "libelle": "test",
      "type_compte": "PRODUIT",
      "actif": true
    }
  },
  {
    "model": "syndic.comptecomptable",
    "pk": 36,
    "fields": {
      "created_at": "2026-03-10T21:38:31.426Z",
      "updated_at": "2026-03-10T21:38:31.426Z",
      "residence": 15,
      "code": "888",
      "libelle": "moi aussi",
      "type_compte": "CHARGE",
      "actif": true
    }
  },
  {
    "model": "syndic.comptecomptable",
    "pk": 37,
    "fields": {
      "created_at": "2026-03-11T15:57:34.604Z",
      "updated_at": "2026-03-11T15:57:34.605Z",
      "residence": 14,
      "code": "141000",
      "libelle": "Emprunts bancaires",
      "type_compte": "TRESORERIE",
      "actif": true
    }
  },
  {
    "model": "syndic.comptecomptable",
    "pk": 38,
    "fields": {
      "created_at": "2026-03-11T15:57:34.617Z",
      "updated_at": "2026-03-11T15:57:34.617Z",
      "residence": 14,
      "code": "148000",
      "libelle": "Autres dettes",
      "type_compte": "TRESORERIE",
      "actif": true
    }
  },
  {
    "model": "syndic.comptecomptable",
    "pk": 39,
    "fields": {
      "created_at": "2026-03-11T15:57:34.620Z",
      "updated_at": "2026-03-11T15:57:34.620Z",
      "residence": 14,
      "code": "151000",
      "libelle": "Provisions pour risques",
      "type_compte": "TRESORERIE",
      "actif": true
    }
  },
  {
    "model": "syndic.comptecomptable",
    "pk": 40,
    "fields": {
      "created_at": "2026-03-11T15:57:34.623Z",
      "updated_at": "2026-03-11T15:57:34.623Z",
      "residence": 14,
      "code": "155000",
      "libelle": "Provisions pour charges",
      "type_compte": "TRESORERIE",
      "actif": true
    }
  },
  {
    "model": "syndic.comptecomptable",
    "pk": 41,
    "fields": {
      "created_at": "2026-03-11T15:57:34.626Z",
      "updated_at": "2026-03-11T15:57:34.626Z",
      "residence": 14,
      "code": "222000",
      "libelle": "Brevets, marques, droits et valeurs similaires",
      "type_compte": "TRESORERIE",
      "actif": true
    }
  },
  {
    "model": "syndic.comptecomptable",
    "pk": 42,
    "fields": {
      "created_at": "2026-03-11T15:57:34.629Z",
      "updated_at": "2026-03-11T15:57:34.629Z",
      "residence": 14,
      "code": "228000",
      "libelle": "Autres immobilisations incorporelles",
      "type_compte": "TRESORERIE",
      "actif": true
    }
  },
  {
    "model": "syndic.comptecomptable",
    "pk": 43,
    "fields": {
      "created_at": "2026-03-11T15:57:34.632Z",
      "updated_at": "2026-03-11T15:57:34.632Z",
      "residence": 14,
      "code": "232000",
      "libelle": "Constructions",
      "type_compte": "TRESORERIE",
      "actif": true
    }
  },
  {
    "model": "syndic.comptecomptable",
    "pk": 44,
    "fields": {
      "created_at": "2026-03-11T15:57:34.634Z",
      "updated_at": "2026-03-11T15:57:34.634Z",
      "residence": 14,
      "code": "233000",
      "libelle": "Installations techniques, matériel et outillage",
      "type_compte": "TRESORERIE",
      "actif": true
    }
  },
  {
    "model": "syndic.comptecomptable",
    "pk": 45,
    "fields": {
      "created_at": "2026-03-11T15:57:34.637Z",
      "updated_at": "2026-03-11T15:57:34.637Z",
      "residence": 14,
      "code": "234000",
      "libelle": "Matériel de transport",
      "type_compte": "TRESORERIE",
      "actif": true
    }
  },
  {
    "model": "syndic.comptecomptable",
    "pk": 46,
    "fields": {
      "created_at": "2026-03-11T15:57:34.640Z",
      "updated_at": "2026-03-11T15:57:34.640Z",
      "residence": 14,
      "code": "235000",
      "libelle": "Mobilier, matériel de bureau et aménagements divers",
      "type_compte": "TRESORERIE",
      "actif": true
    }
  },
  {
    "model": "syndic.comptecomptable",
    "pk": 47,
    "fields": {
      "created_at": "2026-03-11T15:57:34.643Z",
      "updated_at": "2026-03-11T15:57:34.643Z",
      "residence": 14,
      "code": "282200",
      "libelle": "Amortissement brevets, marques",
      "type_compte": "TRESORERIE",
      "actif": true
    }
  },
  {
    "model": "syndic.comptecomptable",
    "pk": 48,
    "fields": {
      "created_at": "2026-03-11T15:57:34.645Z",
      "updated_at": "2026-03-11T15:57:34.645Z",
      "residence": 14,
      "code": "282800",
      "libelle": "Amortissement autres immobilisations incorporelles",
      "type_compte": "TRESORERIE",
      "actif": true
    }
  },
  {
    "model": "syndic.comptecomptable",
    "pk": 49,
    "fields": {
      "created_at": "2026-03-11T15:57:34.648Z",
      "updated_at": "2026-03-11T15:57:34.648Z",
      "residence": 14,
      "code": "283300",
      "libelle": "Amortissement installations techniques",
      "type_compte": "TRESORERIE",
      "actif": true
    }
  },
  {
    "model": "syndic.comptecomptable",
    "pk": 50,
    "fields": {
      "created_at": "2026-03-11T15:57:34.651Z",
      "updated_at": "2026-03-11T15:57:34.651Z",
      "residence": 14,
      "code": "283400",
      "libelle": "Amortissement matériel de transport",
      "type_compte": "TRESORERIE",
      "actif": true
    }
  },
  {
    "model": "syndic.comptecomptable",
    "pk": 51,
    "fields": {
      "created_at": "2026-03-11T15:57:34.653Z",
      "updated_at": "2026-03-11T15:57:34.653Z",
      "residence": 14,
      "code": "283500",
      "libelle": "Amortissement mobilier",
      "type_compte": "TRESORERIE",
      "actif": true
    }
  },
  {
    "model": "syndic.comptecomptable",
    "pk": 52,
    "fields": {
      "created_at": "2026-03-11T15:57:34.656Z",
      "updated_at": "2026-03-11T15:57:34.656Z",
      "residence": 14,
      "code": "312000",
      "libelle": "Matières premières",
      "type_compte": "TRESORERIE",
      "actif": true
    }
  },
  {
    "model": "syndic.comptecomptable",
    "pk": 53,
    "fields": {
      "created_at": "2026-03-11T15:57:34.659Z",
      "updated_at": "2026-03-11T15:57:34.659Z",
      "residence": 14,
      "code": "315000",
      "libelle": "Produits finis (clés, badges...)",
      "type_compte": "TRESORERIE",
      "actif": true
    }
  },
  {
    "model": "syndic.comptecomptable",
    "pk": 54,
    "fields": {
      "created_at": "2026-03-11T15:57:34.661Z",
      "updated_at": "2026-03-11T15:57:34.661Z",
      "residence": 14,
      "code": "342000",
      "libelle": "Copropriétaires",
      "type_compte": "TRESORERIE",
      "actif": true
    }
  },
  {
    "model": "syndic.comptecomptable",
    "pk": 55,
    "fields": {
      "created_at": "2026-03-11T15:57:34.664Z",
      "updated_at": "2026-03-11T15:57:34.664Z",
      "residence": 14,
      "code": "441000",
      "libelle": "Fournisseurs divers",
      "type_compte": "TRESORERIE",
      "actif": true
    }
  },
  {
    "model": "syndic.comptecomptable",
    "pk": 56,
    "fields": {
      "created_at": "2026-03-11T15:57:34.667Z",
      "updated_at": "2026-03-11T15:57:34.667Z",
      "residence": 14,
      "code": "443000",
      "libelle": "Personnel",
      "type_compte": "TRESORERIE",
      "actif": true
    }
  },
  {
    "model": "syndic.comptecomptable",
    "pk": 57,
    "fields": {
      "created_at": "2026-03-11T15:57:34.669Z",
      "updated_at": "2026-03-11T15:57:34.669Z",
      "residence": 14,
      "code": "444000",
      "libelle": "Organismes sociaux",
      "type_compte": "TRESORERIE",
      "actif": true
    }
  },
  {
    "model": "syndic.comptecomptable",
    "pk": 58,
    "fields": {
      "created_at": "2026-03-11T15:57:34.672Z",
      "updated_at": "2026-03-11T15:57:34.672Z",
      "residence": 14,
      "code": "445000",
      "libelle": "Etat",
      "type_compte": "TRESORERIE",
      "actif": true
    }
  },
  {
    "model": "syndic.comptecomptable",
    "pk": 59,
    "fields": {
      "created_at": "2026-03-11T15:57:34.675Z",
      "updated_at": "2026-03-11T15:57:34.675Z",
      "residence": 14,
      "code": "450000",
      "libelle": "Provisions pour risques et charges",
      "type_compte": "TRESORERIE",
      "actif": true
    }
  },
  {
    "model": "syndic.comptecomptable",
    "pk": 60,
    "fields": {
      "created_at": "2026-03-11T15:57:34.678Z",
      "updated_at": "2026-03-11T15:57:34.678Z",
      "residence": 14,
      "code": "470000",
      "libelle": "Comptes d'attente",
      "type_compte": "TRESORERIE",
      "actif": true
    }
  },
  {
    "model": "syndic.comptecomptable",
    "pk": 61,
    "fields": {
      "created_at": "2026-03-11T15:57:34.681Z",
      "updated_at": "2026-03-11T15:57:34.681Z",
      "residence": 14,
      "code": "511000",
      "libelle": "Chèques et valeurs à encaisser",
      "type_compte": "TRESORERIE",
      "actif": true
    }
  },
  {
    "model": "syndic.comptecomptable",
    "pk": 62,
    "fields": {
      "created_at": "2026-03-11T15:57:34.684Z",
      "updated_at": "2026-03-11T15:57:34.684Z",
      "residence": 14,
      "code": "514000",
      "libelle": "Banque",
      "type_compte": "TRESORERIE",
      "actif": true
    }
  },
  {
    "model": "syndic.comptecomptable",
    "pk": 63,
    "fields": {
      "created_at": "2026-03-11T15:57:34.687Z",
      "updated_at": "2026-03-11T15:57:34.687Z",
      "residence": 14,
      "code": "516000",
      "libelle": "Caisse",
      "type_compte": "TRESORERIE",
      "actif": true
    }
  },
  {
    "model": "syndic.comptecomptable",
    "pk": 64,
    "fields": {
      "created_at": "2026-03-11T15:57:34.689Z",
      "updated_at": "2026-03-11T15:57:34.689Z",
      "residence": 14,
      "code": "612000",
      "libelle": "Achats consommés de matières et fournitures",
      "type_compte": "CHARGE",
      "actif": true
    }
  },
  {
    "model": "syndic.comptecomptable",
    "pk": 65,
    "fields": {
      "created_at": "2026-03-11T15:57:34.692Z",
      "updated_at": "2026-03-11T15:57:34.692Z",
      "residence": 14,
      "code": "612100",
      "libelle": "Achats énergie, gaz, mazout",
      "type_compte": "CHARGE",
      "actif": true
    }
  },
  {
    "model": "syndic.comptecomptable",
    "pk": 66,
    "fields": {
      "created_at": "2026-03-11T15:57:34.695Z",
      "updated_at": "2026-03-11T15:57:34.695Z",
      "residence": 14,
      "code": "612200",
      "libelle": "Electricité",
      "type_compte": "CHARGE",
      "actif": true
    }
  },
  {
    "model": "syndic.comptecomptable",
    "pk": 67,
    "fields": {
      "created_at": "2026-03-11T15:57:34.697Z",
      "updated_at": "2026-03-11T15:57:34.697Z",
      "residence": 14,
      "code": "612300",
      "libelle": "Eau",
      "type_compte": "CHARGE",
      "actif": true
    }
  },
  {
    "model": "syndic.comptecomptable",
    "pk": 68,
    "fields": {
      "created_at": "2026-03-11T15:57:34.700Z",
      "updated_at": "2026-03-11T15:57:34.700Z",
      "residence": 14,
      "code": "612400",
      "libelle": "Produits d'entretien",
      "type_compte": "CHARGE",
      "actif": true
    }
  },
  {
    "model": "syndic.comptecomptable",
    "pk": 69,
    "fields": {
      "created_at": "2026-03-11T15:57:34.703Z",
      "updated_at": "2026-03-11T15:57:34.703Z",
      "residence": 14,
      "code": "612500",
      "libelle": "Fournitures",
      "type_compte": "CHARGE",
      "actif": true
    }
  },
  {
    "model": "syndic.comptecomptable",
    "pk": 70,
    "fields": {
      "created_at": "2026-03-11T15:57:34.705Z",
      "updated_at": "2026-03-11T15:57:34.705Z",
      "residence": 14,
      "code": "612600",
      "libelle": "Travaux et prestations de services",
      "type_compte": "CHARGE",
      "actif": true
    }
  },
  {
    "model": "syndic.comptecomptable",
    "pk": 71,
    "fields": {
      "created_at": "2026-03-11T15:57:34.708Z",
      "updated_at": "2026-03-11T15:57:34.708Z",
      "residence": 14,
      "code": "612700",
      "libelle": "Petit matériel",
      "type_compte": "CHARGE",
      "actif": true
    }
  },
  {
    "model": "syndic.comptecomptable",
    "pk": 72,
    "fields": {
      "created_at": "2026-03-11T15:57:34.711Z",
      "updated_at": "2026-03-11T15:57:34.711Z",
      "residence": 14,
      "code": "613100",
      "libelle": "Locations",
      "type_compte": "CHARGE",
      "actif": true
    }
  },
  {
    "model": "syndic.comptecomptable",
    "pk": 73,
    "fields": {
      "created_at": "2026-03-11T15:57:34.713Z",
      "updated_at": "2026-03-11T15:57:34.713Z",
      "residence": 14,
      "code": "613300",
      "libelle": "Entretien et réparations",
      "type_compte": "CHARGE",
      "actif": true
    }
  },
  {
    "model": "syndic.comptecomptable",
    "pk": 74,
    "fields": {
      "created_at": "2026-03-11T15:57:34.716Z",
      "updated_at": "2026-03-11T15:57:34.716Z",
      "residence": 14,
      "code": "613400",
      "libelle": "Primes d'assurances",
      "type_compte": "CHARGE",
      "actif": true
    }
  },
  {
    "model": "syndic.comptecomptable",
    "pk": 75,
    "fields": {
      "created_at": "2026-03-11T15:57:34.719Z",
      "updated_at": "2026-03-11T15:57:34.719Z",
      "residence": 14,
      "code": "614100",
      "libelle": "Etudes et documentation",
      "type_compte": "CHARGE",
      "actif": true
    }
  },
  {
    "model": "syndic.comptecomptable",
    "pk": 76,
    "fields": {
      "created_at": "2026-03-11T15:57:34.722Z",
      "updated_at": "2026-03-11T15:57:34.722Z",
      "residence": 14,
      "code": "614200",
      "libelle": "Transports",
      "type_compte": "CHARGE",
      "actif": true
    }
  },
  {
    "model": "syndic.comptecomptable",
    "pk": 77,
    "fields": {
      "created_at": "2026-03-11T15:57:34.724Z",
      "updated_at": "2026-03-11T15:57:34.724Z",
      "residence": 14,
      "code": "614300",
      "libelle": "Déplacements, missions, réceptions",
      "type_compte": "CHARGE",
      "actif": true
    }
  },
  {
    "model": "syndic.comptecomptable",
    "pk": 78,
    "fields": {
      "created_at": "2026-03-11T15:57:34.727Z",
      "updated_at": "2026-03-11T15:57:34.727Z",
      "residence": 14,
      "code": "614500",
      "libelle": "Frais postaux et télécommunications",
      "type_compte": "CHARGE",
      "actif": true
    }
  },
  {
    "model": "syndic.comptecomptable",
    "pk": 79,
    "fields": {
      "created_at": "2026-03-11T15:57:34.730Z",
      "updated_at": "2026-03-11T15:57:34.730Z",
      "residence": 14,
      "code": "614700",
      "libelle": "Services bancaires",
      "type_compte": "CHARGE",
      "actif": true
    }
  },
  {
    "model": "syndic.comptecomptable",
    "pk": 80,
    "fields": {
      "created_at": "2026-03-11T15:57:34.735Z",
      "updated_at": "2026-03-11T15:57:34.736Z",
      "residence": 14,
      "code": "616000",
      "libelle": "Impôts et taxes",
      "type_compte": "CHARGE",
      "actif": true
    }
  },
  {
    "model": "syndic.comptecomptable",
    "pk": 81,
    "fields": {
      "created_at": "2026-03-11T15:57:34.738Z",
      "updated_at": "2026-03-11T15:57:34.738Z",
      "residence": 14,
      "code": "617100",
      "libelle": "Salaires",
      "type_compte": "CHARGE",
      "actif": true
    }
  },
  {
    "model": "syndic.comptecomptable",
    "pk": 82,
    "fields": {
      "created_at": "2026-03-11T15:57:34.741Z",
      "updated_at": "2026-03-11T15:57:34.741Z",
      "residence": 14,
      "code": "617200",
      "libelle": "Charges sociales",
      "type_compte": "CHARGE",
      "actif": true
    }
  },
  {
    "model": "syndic.comptecomptable",
    "pk": 83,
    "fields": {
      "created_at": "2026-03-11T15:57:34.744Z",
      "updated_at": "2026-03-11T15:57:34.744Z",
      "residence": 14,
      "code": "618000",
      "libelle": "Autres charges d'exploitation",
      "type_compte": "CHARGE",
      "actif": true
    }
  },
  {
    "model": "syndic.comptecomptable",
    "pk": 84,
    "fields": {
      "created_at": "2026-03-11T15:57:34.746Z",
      "updated_at": "2026-03-11T15:57:34.746Z",
      "residence": 14,
      "code": "619000",
      "libelle": "Dotations aux amortissements",
      "type_compte": "CHARGE",
      "actif": true
    }
  },
  {
    "model": "syndic.comptecomptable",
    "pk": 85,
    "fields": {
      "created_at": "2026-03-11T15:57:34.749Z",
      "updated_at": "2026-03-11T15:57:34.749Z",
      "residence": 14,
      "code": "631000",
      "libelle": "Charges d'intérêt",
      "type_compte": "CHARGE",
      "actif": true
    }
  },
  {
    "model": "syndic.comptecomptable",
    "pk": 86,
    "fields": {
      "created_at": "2026-03-11T15:57:34.752Z",
      "updated_at": "2026-03-11T15:57:34.752Z",
      "residence": 14,
      "code": "638000",
      "libelle": "Autres charges financières",
      "type_compte": "CHARGE",
      "actif": true
    }
  },
  {
    "model": "syndic.comptecomptable",
    "pk": 87,
    "fields": {
      "created_at": "2026-03-11T15:57:34.754Z",
      "updated_at": "2026-03-11T15:57:34.754Z",
      "residence": 14,
      "code": "658000",
      "libelle": "Charges exceptionnelles",
      "type_compte": "CHARGE",
      "actif": true
    }
  },
  {
    "model": "syndic.comptecomptable",
    "pk": 88,
    "fields": {
      "created_at": "2026-03-11T15:57:34.757Z",
      "updated_at": "2026-03-11T15:57:34.757Z",
      "residence": 14,
      "code": "710000",
      "libelle": "Provisions pour opérations courantes",
      "type_compte": "PRODUIT",
      "actif": true
    }
  },
  {
    "model": "syndic.comptecomptable",
    "pk": 89,
    "fields": {
      "created_at": "2026-03-11T15:57:34.760Z",
      "updated_at": "2026-03-11T15:57:34.760Z",
      "residence": 14,
      "code": "712000",
      "libelle": "Provisions pour travaux",
      "type_compte": "PRODUIT",
      "actif": true
    }
  },
  {
    "model": "syndic.comptecomptable",
    "pk": 90,
    "fields": {
      "created_at": "2026-03-11T15:57:34.763Z",
      "updated_at": "2026-03-11T15:57:34.763Z",
      "residence": 14,
      "code": "716000",
      "libelle": "Subventions d'exploitation",
      "type_compte": "PRODUIT",
      "actif": true
    }
  },
  {
    "model": "syndic.comptecomptable",
    "pk": 91,
    "fields": {
      "created_at": "2026-03-11T15:57:34.765Z",
      "updated_at": "2026-03-11T15:57:34.765Z",
      "residence": 14,
      "code": "718000",
      "libelle": "Produits divers",
      "type_compte": "PRODUIT",
      "actif": true
    }
  },
  {
    "model": "syndic.comptecomptable",
    "pk": 92,
    "fields": {
      "created_at": "2026-03-11T15:57:34.768Z",
      "updated_at": "2026-03-11T15:57:34.768Z",
      "residence": 14,
      "code": "738000",
      "libelle": "Intérêts et autres produits financiers",
      "type_compte": "PRODUIT",
      "actif": true
    }
  },
  {
    "model": "syndic.comptecomptable",
    "pk": 93,
    "fields": {
      "created_at": "2026-03-11T15:57:34.771Z",
      "updated_at": "2026-03-11T15:57:34.771Z",
      "residence": 14,
      "code": "758000",
      "libelle": "Produits exceptionnels",
      "type_compte": "PRODUIT",
      "actif": true
    }
  },
  {
    "model": "syndic.comptecomptable",
    "pk": 94,
    "fields": {
      "created_at": "2026-03-11T16:47:30.153Z",
      "updated_at": "2026-03-11T16:47:30.153Z",
      "residence": 14,
      "code": "000",
      "libelle": "Attente Affectation",
      "type_compte": "CHARGE",
      "actif": true
    }
  },
  {
    "model": "syndic.familledepense",
    "pk": 1,
    "fields": {
      "created_at": "2026-03-12T10:20:14.823Z",
      "updated_at": "2026-03-12T10:20:14.823Z",
      "residence": 12,
      "nom": "Animation"
    }
  },
  {
    "model": "syndic.familledepense",
    "pk": 2,
    "fields": {
      "created_at": "2026-03-12T10:20:14.847Z",
      "updated_at": "2026-03-12T10:20:14.847Z",
      "residence": 12,
      "nom": "Énergie"
    }
  },
  {
    "model": "syndic.familledepense",
    "pk": 3,
    "fields": {
      "created_at": "2026-03-12T10:20:14.871Z",
      "updated_at": "2026-03-12T10:20:14.871Z",
      "residence": 14,
      "nom": "Énergie"
    }
  },
  {
    "model": "syndic.familledepense",
    "pk": 4,
    "fields": {
      "created_at": "2026-03-12T10:20:14.885Z",
      "updated_at": "2026-03-12T10:20:14.885Z",
      "residence": 16,
      "nom": "Équipement"
    }
  },
  {
    "model": "syndic.familledepense",
    "pk": 5,
    "fields": {
      "created_at": "2026-03-12T10:20:14.899Z",
      "updated_at": "2026-03-12T10:20:14.899Z",
      "residence": 15,
      "nom": "Équipement"
    }
  },
  {
    "model": "syndic.familledepense",
    "pk": 6,
    "fields": {
      "created_at": "2026-03-12T10:20:14.914Z",
      "updated_at": "2026-03-12T10:20:14.914Z",
      "residence": 14,
      "nom": "Équipement"
    }
  },
  {
    "model": "syndic.familledepense",
    "pk": 7,
    "fields": {
      "created_at": "2026-03-12T10:20:14.928Z",
      "updated_at": "2026-03-12T10:20:14.928Z",
      "residence": 12,
      "nom": "Maintenance"
    }
  },
  {
    "model": "syndic.familledepense",
    "pk": 8,
    "fields": {
      "created_at": "2026-03-12T10:20:14.941Z",
      "updated_at": "2026-03-12T10:20:14.941Z",
      "residence": 12,
      "nom": "Nettoyage"
    }
  },
  {
    "model": "syndic.familledepense",
    "pk": 9,
    "fields": {
      "created_at": "2026-03-12T10:20:14.956Z",
      "updated_at": "2026-03-12T10:20:14.956Z",
      "residence": 1,
      "nom": "Nettoyage"
    }
  },
  {
    "model": "syndic.familledepense",
    "pk": 10,
    "fields": {
      "created_at": "2026-03-12T10:20:14.971Z",
      "updated_at": "2026-03-12T10:20:14.971Z",
      "residence": 14,
      "nom": "Personnel"
    }
  },
  {
    "model": "syndic.familledepense",
    "pk": 11,
    "fields": {
      "created_at": "2026-03-12T10:20:14.985Z",
      "updated_at": "2026-03-12T10:20:14.985Z",
      "residence": 12,
      "nom": "Sécurité"
    }
  },
  {
    "model": "syndic.familledepense",
    "pk": 12,
    "fields": {
      "created_at": "2026-03-12T10:20:14.999Z",
      "updated_at": "2026-03-12T10:20:14.999Z",
      "residence": 14,
      "nom": "Sécurité"
    }
  },
  {
    "model": "syndic.familledepense",
    "pk": 13,
    "fields": {
      "created_at": "2026-03-12T11:35:03.883Z",
      "updated_at": "2026-03-12T11:35:03.883Z",
      "residence": 14,
      "nom": "XXX"
    }
  },
  {
    "model": "syndic.modeledepense",
    "pk": 1,
    "fields": {
      "created_at": "2026-03-12T10:20:14.838Z",
      "updated_at": "2026-03-12T10:20:14.838Z",
      "residence": 12,
      "nom": "ANIMATION",
      "famille_depense": 1,
      "compte_comptable": null,
      "fournisseur": null,
      "actif": true
    }
  },
  {
    "model": "syndic.modeledepense",
    "pk": 2,
    "fields": {
      "created_at": "2026-03-12T10:20:14.854Z",
      "updated_at": "2026-03-12T10:20:14.854Z",
      "residence": 12,
      "nom": "Eau",
      "famille_depense": 2,
      "compte_comptable": null,
      "fournisseur": null,
      "actif": true
    }
  },
  {
    "model": "syndic.modeledepense",
    "pk": 3,
    "fields": {
      "created_at": "2026-03-12T10:20:14.865Z",
      "updated_at": "2026-03-12T10:20:14.865Z",
      "residence": 12,
      "nom": "Electricité",
      "famille_depense": 2,
      "compte_comptable": null,
      "fournisseur": null,
      "actif": true
    }
  },
  {
    "model": "syndic.modeledepense",
    "pk": 4,
    "fields": {
      "created_at": "2026-03-12T10:20:14.879Z",
      "updated_at": "2026-03-12T10:45:36.304Z",
      "residence": 14,
      "nom": "Facture Eau",
      "famille_depense": 3,
      "compte_comptable": 54,
      "fournisseur": 7,
      "actif": true
    }
  },
  {
    "model": "syndic.modeledepense",
    "pk": 5,
    "fields": {
      "created_at": "2026-03-12T10:20:14.892Z",
      "updated_at": "2026-03-12T10:20:14.892Z",
      "residence": 16,
      "nom": "Achat",
      "famille_depense": 4,
      "compte_comptable": null,
      "fournisseur": null,
      "actif": true
    }
  },
  {
    "model": "syndic.modeledepense",
    "pk": 6,
    "fields": {
      "created_at": "2026-03-12T10:20:14.906Z",
      "updated_at": "2026-03-12T10:20:14.906Z",
      "residence": 15,
      "nom": "Forniture",
      "famille_depense": 5,
      "compte_comptable": null,
      "fournisseur": null,
      "actif": true
    }
  },
  {
    "model": "syndic.modeledepense",
    "pk": 7,
    "fields": {
      "created_at": "2026-03-12T10:20:14.921Z",
      "updated_at": "2026-03-12T10:20:14.921Z",
      "residence": 14,
      "nom": "Fournitures",
      "famille_depense": 6,
      "compte_comptable": null,
      "fournisseur": null,
      "actif": true
    }
  },
  {
    "model": "syndic.modeledepense",
    "pk": 8,
    "fields": {
      "created_at": "2026-03-12T10:20:14.935Z",
      "updated_at": "2026-03-12T10:20:14.935Z",
      "residence": 12,
      "nom": "Produit",
      "famille_depense": 7,
      "compte_comptable": null,
      "fournisseur": null,
      "actif": true
    }
  },
  {
    "model": "syndic.modeledepense",
    "pk": 9,
    "fields": {
      "created_at": "2026-03-12T10:20:14.949Z",
      "updated_at": "2026-03-12T10:20:14.949Z",
      "residence": 12,
      "nom": "Nettoyage",
      "famille_depense": 8,
      "compte_comptable": null,
      "fournisseur": null,
      "actif": true
    }
  },
  {
    "model": "syndic.modeledepense",
    "pk": 10,
    "fields": {
      "created_at": "2026-03-12T10:20:14.963Z",
      "updated_at": "2026-03-12T10:20:14.963Z",
      "residence": 1,
      "nom": "Nettoyage",
      "famille_depense": 9,
      "compte_comptable": null,
      "fournisseur": null,
      "actif": true
    }
  },
  {
    "model": "syndic.modeledepense",
    "pk": 11,
    "fields": {
      "created_at": "2026-03-12T10:20:14.979Z",
      "updated_at": "2026-03-12T10:20:14.979Z",
      "residence": 14,
      "nom": "Paiement",
      "famille_depense": 10,
      "compte_comptable": null,
      "fournisseur": null,
      "actif": true
    }
  },
  {
    "model": "syndic.modeledepense",
    "pk": 12,
    "fields": {
      "created_at": "2026-03-12T10:20:14.992Z",
      "updated_at": "2026-03-12T10:20:14.992Z",
      "residence": 12,
      "nom": "Gardiennage",
      "famille_depense": 11,
      "compte_comptable": null,
      "fournisseur": null,
      "actif": true
    }
  },
  {
    "model": "syndic.modeledepense",
    "pk": 13,
    "fields": {
      "created_at": "2026-03-12T10:20:15.006Z",
      "updated_at": "2026-03-12T10:20:15.006Z",
      "residence": 14,
      "nom": "Securité",
      "famille_depense": 12,
      "compte_comptable": null,
      "fournisseur": null,
      "actif": true
    }
  },
  {
    "model": "syndic.modeledepense",
    "pk": 14,
    "fields": {
      "created_at": "2026-03-12T11:36:14.203Z",
      "updated_at": "2026-03-12T11:36:14.203Z",
      "residence": 14,
      "nom": "Achat produits de Nettoyage",
      "famille_depense": 13,
      "compte_comptable": 64,
      "fournisseur": null,
      "actif": true
    }
  },
  {
    "model": "syndic.modeledepense",
    "pk": 15,
    "fields": {
      "created_at": "2026-03-12T11:49:46.648Z",
      "updated_at": "2026-03-12T11:49:46.648Z",
      "residence": 14,
      "nom": "Salaire concièrge",
      "famille_depense": 13,
      "compte_comptable": 81,
      "fournisseur": null,
      "actif": true
    }
  },
  {
    "model": "syndic.modeledepense",
    "pk": 16,
    "fields": {
      "created_at": "2026-03-12T21:07:58.015Z",
      "updated_at": "2026-03-12T21:07:58.015Z",
      "residence": 14,
      "nom": "Salaire concierge",
      "famille_depense": 10,
      "compte_comptable": 81,
      "fournisseur": null,
      "actif": true
    }
  },
  {
    "model": "syndic.depense",
    "pk": 7,
    "fields": {
      "created_at": "2026-03-05T21:28:02.225Z",
      "updated_at": "2026-03-05T22:27:04.571Z",
      "residence": 12,
      "compte": 1,
      "modele_depense": null,
      "categorie": 1,
      "fournisseur": 1,
      "date_depense": "2026-03-05",
      "montant": "500.00",
      "libelle": "Facture",
      "detail": "",
      "facture_reference": "",
      "justificatif": "",
      "commentaire": "",
      "mois": null
    }
  },
  {
    "model": "syndic.depense",
    "pk": 8,
    "fields": {
      "created_at": "2026-03-05T23:35:28.528Z",
      "updated_at": "2026-03-05T23:35:28.528Z",
      "residence": 12,
      "compte": 4,
      "modele_depense": null,
      "categorie": 5,
      "fournisseur": 1,
      "date_depense": "2026-03-05",
      "montant": "350.00",
      "libelle": "zz",
      "detail": "",
      "facture_reference": "",
      "justificatif": "",
      "commentaire": "",
      "mois": null
    }
  },
  {
    "model": "syndic.depense",
    "pk": 9,
    "fields": {
      "created_at": "2026-03-06T13:43:30.252Z",
      "updated_at": "2026-03-06T13:43:30.252Z",
      "residence": 12,
      "compte": 1,
      "modele_depense": null,
      "categorie": null,
      "fournisseur": null,
      "date_depense": "2026-03-06",
      "montant": "1500.00",
      "libelle": "eau",
      "detail": "",
      "facture_reference": "",
      "justificatif": "",
      "commentaire": "",
      "mois": null
    }
  },
  {
    "model": "syndic.depense",
    "pk": 10,
    "fields": {
      "created_at": "2026-03-06T13:43:59.708Z",
      "updated_at": "2026-03-06T13:43:59.708Z",
      "residence": 12,
      "compte": 1,
      "modele_depense": null,
      "categorie": null,
      "fournisseur": null,
      "date_depense": "2026-03-06",
      "montant": "2000.00",
      "libelle": "sama",
      "detail": "",
      "facture_reference": "",
      "justificatif": "",
      "commentaire": "",
      "mois": null
    }
  },
  {
    "model": "syndic.depense",
    "pk": 14,
    "fields": {
      "created_at": "2026-03-09T16:30:28.524Z",
      "updated_at": "2026-03-09T16:30:28.524Z",
      "residence": 1,
      "compte": 29,
      "modele_depense": null,
      "categorie": 9,
      "fournisseur": 6,
      "date_depense": "2024-01-10",
      "montant": "450.00",
      "libelle": "Nettoyage parties communes",
      "detail": "",
      "facture_reference": "FAC-001",
      "justificatif": "",
      "commentaire": "",
      "mois": null
    }
  },
  {
    "model": "syndic.depense",
    "pk": 15,
    "fields": {
      "created_at": "2026-03-09T16:30:28.575Z",
      "updated_at": "2026-03-09T16:30:28.575Z",
      "residence": 1,
      "compte": 29,
      "modele_depense": null,
      "categorie": 9,
      "fournisseur": 6,
      "date_depense": "2024-01-11",
      "montant": "450.00",
      "libelle": "Nettoyage parties communes",
      "detail": "",
      "facture_reference": "FAC-002",
      "justificatif": "",
      "commentaire": "",
      "mois": null
    }
  },
  {
    "model": "syndic.depense",
    "pk": 16,
    "fields": {
      "created_at": "2026-03-09T16:30:28.599Z",
      "updated_at": "2026-03-09T16:30:28.599Z",
      "residence": 1,
      "compte": 29,
      "modele_depense": null,
      "categorie": 9,
      "fournisseur": 6,
      "date_depense": "2024-01-12",
      "montant": "450.00",
      "libelle": "Nettoyage parties communes",
      "detail": "",
      "facture_reference": "FAC-003",
      "justificatif": "",
      "commentaire": "",
      "mois": null
    }
  },
  {
    "model": "syndic.depense",
    "pk": 17,
    "fields": {
      "created_at": "2026-03-09T16:30:28.622Z",
      "updated_at": "2026-03-09T16:30:28.622Z",
      "residence": 1,
      "compte": 29,
      "modele_depense": null,
      "categorie": 9,
      "fournisseur": 6,
      "date_depense": "2024-01-13",
      "montant": "450.00",
      "libelle": "Nettoyage parties communes",
      "detail": "",
      "facture_reference": "FAC-004",
      "justificatif": "",
      "commentaire": "",
      "mois": null
    }
  },
  {
    "model": "syndic.depense",
    "pk": 18,
    "fields": {
      "created_at": "2026-03-09T16:30:28.643Z",
      "updated_at": "2026-03-09T16:30:28.643Z",
      "residence": 1,
      "compte": 29,
      "modele_depense": null,
      "categorie": 9,
      "fournisseur": 6,
      "date_depense": "2024-01-14",
      "montant": "450.00",
      "libelle": "Nettoyage parties communes",
      "detail": "",
      "facture_reference": "FAC-005",
      "justificatif": "",
      "commentaire": "",
      "mois": null
    }
  },
  {
    "model": "syndic.depense",
    "pk": 19,
    "fields": {
      "created_at": "2026-03-09T16:30:28.665Z",
      "updated_at": "2026-03-09T16:30:28.665Z",
      "residence": 1,
      "compte": 29,
      "modele_depense": null,
      "categorie": 9,
      "fournisseur": 6,
      "date_depense": "2024-01-15",
      "montant": "450.00",
      "libelle": "Nettoyage parties communes",
      "detail": "",
      "facture_reference": "FAC-006",
      "justificatif": "",
      "commentaire": "",
      "mois": null
    }
  },
  {
    "model": "syndic.depense",
    "pk": 20,
    "fields": {
      "created_at": "2026-03-09T16:30:28.687Z",
      "updated_at": "2026-03-09T16:30:28.687Z",
      "residence": 1,
      "compte": 29,
      "modele_depense": null,
      "categorie": 9,
      "fournisseur": 6,
      "date_depense": "2024-01-16",
      "montant": "450.00",
      "libelle": "Nettoyage parties communes",
      "detail": "",
      "facture_reference": "FAC-007",
      "justificatif": "",
      "commentaire": "",
      "mois": null
    }
  },
  {
    "model": "syndic.depense",
    "pk": 21,
    "fields": {
      "created_at": "2026-03-09T16:30:28.707Z",
      "updated_at": "2026-03-09T16:30:28.707Z",
      "residence": 1,
      "compte": 29,
      "modele_depense": null,
      "categorie": 9,
      "fournisseur": 6,
      "date_depense": "2024-01-17",
      "montant": "450.00",
      "libelle": "Nettoyage parties communes",
      "detail": "",
      "facture_reference": "FAC-008",
      "justificatif": "",
      "commentaire": "",
      "mois": null
    }
  },
  {
    "model": "syndic.depense",
    "pk": 22,
    "fields": {
      "created_at": "2026-03-09T16:30:28.727Z",
      "updated_at": "2026-03-09T16:30:28.728Z",
      "residence": 1,
      "compte": 29,
      "modele_depense": null,
      "categorie": 9,
      "fournisseur": 6,
      "date_depense": "2024-01-18",
      "montant": "450.00",
      "libelle": "Nettoyage parties communes",
      "detail": "",
      "facture_reference": "FAC-009",
      "justificatif": "",
      "commentaire": "",
      "mois": null
    }
  },
  {
    "model": "syndic.depense",
    "pk": 23,
    "fields": {
      "created_at": "2026-03-09T16:30:28.748Z",
      "updated_at": "2026-03-09T16:30:28.748Z",
      "residence": 1,
      "compte": 29,
      "modele_depense": null,
      "categorie": 9,
      "fournisseur": 6,
      "date_depense": "2024-01-19",
      "montant": "450.00",
      "libelle": "Nettoyage parties communes",
      "detail": "",
      "facture_reference": "FAC-010",
      "justificatif": "",
      "commentaire": "",
      "mois": null
    }
  },
  {
    "model": "syndic.depense",
    "pk": 24,
    "fields": {
      "created_at": "2026-03-09T16:30:28.769Z",
      "updated_at": "2026-03-09T16:30:28.769Z",
      "residence": 1,
      "compte": 29,
      "modele_depense": null,
      "categorie": 9,
      "fournisseur": 6,
      "date_depense": "2024-01-20",
      "montant": "450.00",
      "libelle": "Nettoyage parties communes",
      "detail": "",
      "facture_reference": "FAC-011",
      "justificatif": "",
      "commentaire": "",
      "mois": null
    }
  },
  {
    "model": "syndic.depense",
    "pk": 25,
    "fields": {
      "created_at": "2026-03-09T16:30:28.790Z",
      "updated_at": "2026-03-09T16:30:28.790Z",
      "residence": 1,
      "compte": 29,
      "modele_depense": null,
      "categorie": 9,
      "fournisseur": 6,
      "date_depense": "2024-01-21",
      "montant": "450.00",
      "libelle": "Nettoyage parties communes",
      "detail": "",
      "facture_reference": "FAC-012",
      "justificatif": "",
      "commentaire": "",
      "mois": null
    }
  },
  {
    "model": "syndic.depense",
    "pk": 26,
    "fields": {
      "created_at": "2026-03-09T16:30:50.230Z",
      "updated_at": "2026-03-09T16:30:50.230Z",
      "residence": 1,
      "compte": 29,
      "modele_depense": null,
      "categorie": 9,
      "fournisseur": 6,
      "date_depense": "2024-01-10",
      "montant": "450.00",
      "libelle": "Nettoyage parties communes",
      "detail": "",
      "facture_reference": "FAC-001",
      "justificatif": "",
      "commentaire": "",
      "mois": null
    }
  },
  {
    "model": "syndic.depense",
    "pk": 27,
    "fields": {
      "created_at": "2026-03-09T16:30:50.277Z",
      "updated_at": "2026-03-09T16:30:50.277Z",
      "residence": 1,
      "compte": 29,
      "modele_depense": null,
      "categorie": 9,
      "fournisseur": 6,
      "date_depense": "2024-01-11",
      "montant": "450.00",
      "libelle": "Nettoyage parties communes",
      "detail": "",
      "facture_reference": "FAC-002",
      "justificatif": "",
      "commentaire": "",
      "mois": null
    }
  },
  {
    "model": "syndic.depense",
    "pk": 28,
    "fields": {
      "created_at": "2026-03-09T16:30:50.301Z",
      "updated_at": "2026-03-09T16:30:50.301Z",
      "residence": 1,
      "compte": 29,
      "modele_depense": null,
      "categorie": 9,
      "fournisseur": 6,
      "date_depense": "2024-01-12",
      "montant": "450.00",
      "libelle": "Nettoyage parties communes",
      "detail": "",
      "facture_reference": "FAC-003",
      "justificatif": "",
      "commentaire": "",
      "mois": null
    }
  },
  {
    "model": "syndic.depense",
    "pk": 29,
    "fields": {
      "created_at": "2026-03-09T16:30:50.324Z",
      "updated_at": "2026-03-09T16:30:50.324Z",
      "residence": 1,
      "compte": 29,
      "modele_depense": null,
      "categorie": 9,
      "fournisseur": 6,
      "date_depense": "2024-01-13",
      "montant": "450.00",
      "libelle": "Nettoyage parties communes",
      "detail": "",
      "facture_reference": "FAC-004",
      "justificatif": "",
      "commentaire": "",
      "mois": null
    }
  },
  {
    "model": "syndic.depense",
    "pk": 30,
    "fields": {
      "created_at": "2026-03-09T16:30:50.346Z",
      "updated_at": "2026-03-09T16:30:50.347Z",
      "residence": 1,
      "compte": 29,
      "modele_depense": null,
      "categorie": 9,
      "fournisseur": 6,
      "date_depense": "2024-01-14",
      "montant": "450.00",
      "libelle": "Nettoyage parties communes",
      "detail": "",
      "facture_reference": "FAC-005",
      "justificatif": "",
      "commentaire": "",
      "mois": null
    }
  },
  {
    "model": "syndic.depense",
    "pk": 31,
    "fields": {
      "created_at": "2026-03-09T16:30:50.369Z",
      "updated_at": "2026-03-09T16:30:50.369Z",
      "residence": 1,
      "compte": 29,
      "modele_depense": null,
      "categorie": 9,
      "fournisseur": 6,
      "date_depense": "2024-01-15",
      "montant": "450.00",
      "libelle": "Nettoyage parties communes",
      "detail": "",
      "facture_reference": "FAC-006",
      "justificatif": "",
      "commentaire": "",
      "mois": null
    }
  },
  {
    "model": "syndic.depense",
    "pk": 32,
    "fields": {
      "created_at": "2026-03-09T16:30:50.391Z",
      "updated_at": "2026-03-09T16:30:50.391Z",
      "residence": 1,
      "compte": 29,
      "modele_depense": null,
      "categorie": 9,
      "fournisseur": 6,
      "date_depense": "2024-01-16",
      "montant": "450.00",
      "libelle": "Nettoyage parties communes",
      "detail": "",
      "facture_reference": "FAC-007",
      "justificatif": "",
      "commentaire": "",
      "mois": null
    }
  },
  {
    "model": "syndic.depense",
    "pk": 33,
    "fields": {
      "created_at": "2026-03-09T16:30:50.413Z",
      "updated_at": "2026-03-09T16:30:50.413Z",
      "residence": 1,
      "compte": 29,
      "modele_depense": null,
      "categorie": 9,
      "fournisseur": 6,
      "date_depense": "2024-01-17",
      "montant": "450.00",
      "libelle": "Nettoyage parties communes",
      "detail": "",
      "facture_reference": "FAC-008",
      "justificatif": "",
      "commentaire": "",
      "mois": null
    }
  },
  {
    "model": "syndic.depense",
    "pk": 34,
    "fields": {
      "created_at": "2026-03-09T16:30:50.433Z",
      "updated_at": "2026-03-09T16:30:50.433Z",
      "residence": 1,
      "compte": 29,
      "modele_depense": null,
      "categorie": 9,
      "fournisseur": 6,
      "date_depense": "2024-01-18",
      "montant": "450.00",
      "libelle": "Nettoyage parties communes",
      "detail": "",
      "facture_reference": "FAC-009",
      "justificatif": "",
      "commentaire": "",
      "mois": null
    }
  },
  {
    "model": "syndic.depense",
    "pk": 35,
    "fields": {
      "created_at": "2026-03-09T16:30:50.455Z",
      "updated_at": "2026-03-09T16:30:50.455Z",
      "residence": 1,
      "compte": 29,
      "modele_depense": null,
      "categorie": 9,
      "fournisseur": 6,
      "date_depense": "2024-01-19",
      "montant": "450.00",
      "libelle": "Nettoyage parties communes",
      "detail": "",
      "facture_reference": "FAC-010",
      "justificatif": "",
      "commentaire": "",
      "mois": null
    }
  },
  {
    "model": "syndic.depense",
    "pk": 36,
    "fields": {
      "created_at": "2026-03-09T16:30:50.477Z",
      "updated_at": "2026-03-09T16:30:50.477Z",
      "residence": 1,
      "compte": 29,
      "modele_depense": null,
      "categorie": 9,
      "fournisseur": 6,
      "date_depense": "2024-01-20",
      "montant": "450.00",
      "libelle": "Nettoyage parties communes",
      "detail": "",
      "facture_reference": "FAC-011",
      "justificatif": "",
      "commentaire": "",
      "mois": null
    }
  },
  {
    "model": "syndic.depense",
    "pk": 37,
    "fields": {
      "created_at": "2026-03-09T16:30:50.499Z",
      "updated_at": "2026-03-09T16:30:50.499Z",
      "residence": 1,
      "compte": 29,
      "modele_depense": null,
      "categorie": 9,
      "fournisseur": 6,
      "date_depense": "2024-01-21",
      "montant": "450.00",
      "libelle": "Nettoyage parties communes",
      "detail": "",
      "facture_reference": "FAC-012",
      "justificatif": "",
      "commentaire": "",
      "mois": null
    }
  },
  {
    "model": "syndic.depense",
    "pk": 38,
    "fields": {
      "created_at": "2026-03-09T16:50:43.675Z",
      "updated_at": "2026-03-09T16:50:43.675Z",
      "residence": 1,
      "compte": 29,
      "modele_depense": null,
      "categorie": 9,
      "fournisseur": 6,
      "date_depense": "2024-01-10",
      "montant": "450.00",
      "libelle": "Nettoyage parties communes",
      "detail": "",
      "facture_reference": "FAC-001",
      "justificatif": "",
      "commentaire": "",
      "mois": null
    }
  },
  {
    "model": "syndic.depense",
    "pk": 39,
    "fields": {
      "created_at": "2026-03-09T16:50:43.722Z",
      "updated_at": "2026-03-09T16:50:43.722Z",
      "residence": 1,
      "compte": 29,
      "modele_depense": null,
      "categorie": 9,
      "fournisseur": 6,
      "date_depense": "2024-01-11",
      "montant": "450.00",
      "libelle": "Nettoyage parties communes",
      "detail": "",
      "facture_reference": "FAC-002",
      "justificatif": "",
      "commentaire": "",
      "mois": null
    }
  },
  {
    "model": "syndic.depense",
    "pk": 40,
    "fields": {
      "created_at": "2026-03-09T16:50:43.745Z",
      "updated_at": "2026-03-09T16:50:43.745Z",
      "residence": 1,
      "compte": 29,
      "modele_depense": null,
      "categorie": 9,
      "fournisseur": 6,
      "date_depense": "2024-01-12",
      "montant": "450.00",
      "libelle": "Nettoyage parties communes",
      "detail": "",
      "facture_reference": "FAC-003",
      "justificatif": "",
      "commentaire": "",
      "mois": null
    }
  },
  {
    "model": "syndic.depense",
    "pk": 41,
    "fields": {
      "created_at": "2026-03-09T16:50:43.768Z",
      "updated_at": "2026-03-09T16:50:43.768Z",
      "residence": 1,
      "compte": 29,
      "modele_depense": null,
      "categorie": 9,
      "fournisseur": 6,
      "date_depense": "2024-01-13",
      "montant": "450.00",
      "libelle": "Nettoyage parties communes",
      "detail": "",
      "facture_reference": "FAC-004",
      "justificatif": "",
      "commentaire": "",
      "mois": null
    }
  },
  {
    "model": "syndic.depense",
    "pk": 42,
    "fields": {
      "created_at": "2026-03-09T16:50:43.794Z",
      "updated_at": "2026-03-09T16:50:43.794Z",
      "residence": 1,
      "compte": 29,
      "modele_depense": null,
      "categorie": 9,
      "fournisseur": 6,
      "date_depense": "2024-01-14",
      "montant": "450.00",
      "libelle": "Nettoyage parties communes",
      "detail": "",
      "facture_reference": "FAC-005",
      "justificatif": "",
      "commentaire": "",
      "mois": null
    }
  },
  {
    "model": "syndic.depense",
    "pk": 43,
    "fields": {
      "created_at": "2026-03-09T16:50:43.815Z",
      "updated_at": "2026-03-09T16:50:43.815Z",
      "residence": 1,
      "compte": 29,
      "modele_depense": null,
      "categorie": 9,
      "fournisseur": 6,
      "date_depense": "2024-01-15",
      "montant": "450.00",
      "libelle": "Nettoyage parties communes",
      "detail": "",
      "facture_reference": "FAC-006",
      "justificatif": "",
      "commentaire": "",
      "mois": null
    }
  },
  {
    "model": "syndic.depense",
    "pk": 44,
    "fields": {
      "created_at": "2026-03-09T16:50:43.837Z",
      "updated_at": "2026-03-09T16:50:43.837Z",
      "residence": 1,
      "compte": 29,
      "modele_depense": null,
      "categorie": 9,
      "fournisseur": 6,
      "date_depense": "2024-01-16",
      "montant": "450.00",
      "libelle": "Nettoyage parties communes",
      "detail": "",
      "facture_reference": "FAC-007",
      "justificatif": "",
      "commentaire": "",
      "mois": null
    }
  },
  {
    "model": "syndic.depense",
    "pk": 45,
    "fields": {
      "created_at": "2026-03-09T16:50:43.857Z",
      "updated_at": "2026-03-09T16:50:43.857Z",
      "residence": 1,
      "compte": 29,
      "modele_depense": null,
      "categorie": 9,
      "fournisseur": 6,
      "date_depense": "2024-01-17",
      "montant": "450.00",
      "libelle": "Nettoyage parties communes",
      "detail": "",
      "facture_reference": "FAC-008",
      "justificatif": "",
      "commentaire": "",
      "mois": null
    }
  },
  {
    "model": "syndic.depense",
    "pk": 46,
    "fields": {
      "created_at": "2026-03-09T16:50:43.878Z",
      "updated_at": "2026-03-09T16:50:43.878Z",
      "residence": 1,
      "compte": 29,
      "modele_depense": null,
      "categorie": 9,
      "fournisseur": 6,
      "date_depense": "2024-01-18",
      "montant": "450.00",
      "libelle": "Nettoyage parties communes",
      "detail": "",
      "facture_reference": "FAC-009",
      "justificatif": "",
      "commentaire": "",
      "mois": null
    }
  },
  {
    "model": "syndic.depense",
    "pk": 47,
    "fields": {
      "created_at": "2026-03-09T16:50:43.901Z",
      "updated_at": "2026-03-09T16:50:43.901Z",
      "residence": 1,
      "compte": 29,
      "modele_depense": null,
      "categorie": 9,
      "fournisseur": 6,
      "date_depense": "2024-01-19",
      "montant": "450.00",
      "libelle": "Nettoyage parties communes",
      "detail": "",
      "facture_reference": "FAC-010",
      "justificatif": "",
      "commentaire": "",
      "mois": null
    }
  },
  {
    "model": "syndic.depense",
    "pk": 48,
    "fields": {
      "created_at": "2026-03-09T16:50:43.922Z",
      "updated_at": "2026-03-09T16:50:43.922Z",
      "residence": 1,
      "compte": 29,
      "modele_depense": null,
      "categorie": 9,
      "fournisseur": 6,
      "date_depense": "2024-01-20",
      "montant": "450.00",
      "libelle": "Nettoyage parties communes",
      "detail": "",
      "facture_reference": "FAC-011",
      "justificatif": "",
      "commentaire": "",
      "mois": null
    }
  },
  {
    "model": "syndic.depense",
    "pk": 49,
    "fields": {
      "created_at": "2026-03-09T16:50:43.943Z",
      "updated_at": "2026-03-09T16:50:43.943Z",
      "residence": 1,
      "compte": 29,
      "modele_depense": null,
      "categorie": 9,
      "fournisseur": 6,
      "date_depense": "2024-01-21",
      "montant": "450.00",
      "libelle": "Nettoyage parties communes",
      "detail": "",
      "facture_reference": "FAC-012",
      "justificatif": "",
      "commentaire": "",
      "mois": null
    }
  },
  {
    "model": "syndic.depense",
    "pk": 50,
    "fields": {
      "created_at": "2026-03-09T16:53:13.945Z",
      "updated_at": "2026-03-09T16:53:13.945Z",
      "residence": 1,
      "compte": 29,
      "modele_depense": null,
      "categorie": 9,
      "fournisseur": 6,
      "date_depense": "2026-03-09",
      "montant": "500.00",
      "libelle": "ttt",
      "detail": "",
      "facture_reference": "",
      "justificatif": "",
      "commentaire": "",
      "mois": null
    }
  },
  {
    "model": "syndic.depense",
    "pk": 52,
    "fields": {
      "created_at": "2026-03-09T22:43:32.878Z",
      "updated_at": "2026-03-09T22:43:32.878Z",
      "residence": 16,
      "compte": 32,
      "modele_depense": null,
      "categorie": 11,
      "fournisseur": null,
      "date_depense": "2026-03-09",
      "montant": "500.00",
      "libelle": "14  Parasols",
      "detail": "",
      "facture_reference": "FAC172548",
      "justificatif": "",
      "commentaire": "",
      "mois": null
    }
  },
  {
    "model": "syndic.depense",
    "pk": 53,
    "fields": {
      "created_at": "2026-03-09T22:44:40.281Z",
      "updated_at": "2026-03-09T22:44:40.282Z",
      "residence": 16,
      "compte": 33,
      "modele_depense": null,
      "categorie": null,
      "fournisseur": null,
      "date_depense": "2026-03-09",
      "montant": "820.00",
      "libelle": "Paiement agent CSRM",
      "detail": "",
      "facture_reference": "",
      "justificatif": "",
      "commentaire": "",
      "mois": null
    }
  },
  {
    "model": "syndic.depense",
    "pk": 54,
    "fields": {
      "created_at": "2026-03-09T22:45:50.659Z",
      "updated_at": "2026-03-09T22:45:50.659Z",
      "residence": 16,
      "compte": 33,
      "modele_depense": null,
      "categorie": 11,
      "fournisseur": null,
      "date_depense": "2026-03-09",
      "montant": "620.00",
      "libelle": "Plantes",
      "detail": "",
      "facture_reference": "",
      "justificatif": "",
      "commentaire": "",
      "mois": null
    }
  },
  {
    "model": "syndic.depense",
    "pk": 198,
    "fields": {
      "created_at": "2026-03-13T10:05:15.871Z",
      "updated_at": "2026-03-13T10:05:15.871Z",
      "residence": 14,
      "compte": 81,
      "modele_depense": null,
      "categorie": null,
      "fournisseur": null,
      "date_depense": "2026-03-12",
      "montant": "2000.00",
      "libelle": "Salaire concierge",
      "detail": "",
      "facture_reference": "",
      "justificatif": "",
      "commentaire": "",
      "mois": null
    }
  },
  {
    "model": "syndic.depense",
    "pk": 199,
    "fields": {
      "created_at": "2026-03-13T10:05:15.900Z",
      "updated_at": "2026-03-13T10:05:15.900Z",
      "residence": 14,
      "compte": 81,
      "modele_depense": null,
      "categorie": null,
      "fournisseur": null,
      "date_depense": "2026-03-12",
      "montant": "400.00",
      "libelle": "Salaire concièrge",
      "detail": "",
      "facture_reference": "",
      "justificatif": "",
      "commentaire": "",
      "mois": null
    }
  },
  {
    "model": "syndic.depense",
    "pk": 200,
    "fields": {
      "created_at": "2026-03-13T10:05:15.921Z",
      "updated_at": "2026-03-13T10:05:15.921Z",
      "residence": 14,
      "compte": 64,
      "modele_depense": null,
      "categorie": null,
      "fournisseur": null,
      "date_depense": "2026-03-12",
      "montant": "500.00",
      "libelle": "Achat produits de Nettoyage",
      "detail": "",
      "facture_reference": "",
      "justificatif": "",
      "commentaire": "",
      "mois": null
    }
  },
  {
    "model": "syndic.depense",
    "pk": 201,
    "fields": {
      "created_at": "2026-03-13T10:05:15.944Z",
      "updated_at": "2026-03-13T10:05:15.944Z",
      "residence": 14,
      "compte": 51,
      "modele_depense": null,
      "categorie": null,
      "fournisseur": null,
      "date_depense": "2026-03-12",
      "montant": "200.00",
      "libelle": "Facture",
      "detail": "",
      "facture_reference": "",
      "justificatif": "",
      "commentaire": "",
      "mois": "AOU"
    }
  },
  {
    "model": "syndic.depense",
    "pk": 202,
    "fields": {
      "created_at": "2026-03-13T10:05:15.967Z",
      "updated_at": "2026-03-13T10:05:15.967Z",
      "residence": 14,
      "compte": 94,
      "modele_depense": null,
      "categorie": null,
      "fournisseur": null,
      "date_depense": "2026-03-12",
      "montant": "50.00",
      "libelle": "paiement carroussa",
      "detail": "",
      "facture_reference": "",
      "justificatif": "",
      "commentaire": "",
      "mois": null
    }
  },
  {
    "model": "syndic.depense",
    "pk": 203,
    "fields": {
      "created_at": "2026-03-13T10:05:16.008Z",
      "updated_at": "2026-03-13T10:05:16.008Z",
      "residence": 14,
      "compte": 54,
      "modele_depense": null,
      "categorie": null,
      "fournisseur": 7,
      "date_depense": "2026-03-12",
      "montant": "250.00",
      "libelle": "Facture Eau",
      "detail": "",
      "facture_reference": "",
      "justificatif": "",
      "commentaire": "",
      "mois": "JAN"
    }
  },
  {
    "model": "syndic.depense",
    "pk": 204,
    "fields": {
      "created_at": "2026-03-13T10:05:16.034Z",
      "updated_at": "2026-03-13T10:05:16.034Z",
      "residence": 14,
      "compte": 94,
      "modele_depense": null,
      "categorie": null,
      "fournisseur": null,
      "date_depense": "2026-03-11",
      "montant": "400.00",
      "libelle": "depense une",
      "detail": "",
      "facture_reference": "",
      "justificatif": "",
      "commentaire": "",
      "mois": "FEV"
    }
  },
  {
    "model": "syndic.depense",
    "pk": 205,
    "fields": {
      "created_at": "2026-03-13T10:05:16.059Z",
      "updated_at": "2026-03-13T10:05:16.059Z",
      "residence": 14,
      "compte": 38,
      "modele_depense": null,
      "categorie": null,
      "fournisseur": null,
      "date_depense": "2026-03-11",
      "montant": "500.00",
      "libelle": "Essai",
      "detail": "",
      "facture_reference": "FAC125421",
      "justificatif": "",
      "commentaire": "",
      "mois": "JAN"
    }
  },
  {
    "model": "syndic.depense",
    "pk": 206,
    "fields": {
      "created_at": "2026-03-13T10:05:16.102Z",
      "updated_at": "2026-03-13T10:05:16.102Z",
      "residence": 14,
      "compte": 67,
      "modele_depense": null,
      "categorie": 12,
      "fournisseur": 7,
      "date_depense": "2026-03-11",
      "montant": "700.00",
      "libelle": "Eau JAN",
      "detail": "",
      "facture_reference": "",
      "justificatif": "",
      "commentaire": "",
      "mois": "JAN"
    }
  },
  {
    "model": "syndic.depense",
    "pk": 207,
    "fields": {
      "created_at": "2026-03-13T10:05:16.144Z",
      "updated_at": "2026-03-13T10:05:16.144Z",
      "residence": 14,
      "compte": 67,
      "modele_depense": null,
      "categorie": 12,
      "fournisseur": 7,
      "date_depense": "2026-03-11",
      "montant": "800.00",
      "libelle": "Eau FEV",
      "detail": "",
      "facture_reference": "",
      "justificatif": "",
      "commentaire": "",
      "mois": "FEV"
    }
  },
  {
    "model": "syndic.depense",
    "pk": 208,
    "fields": {
      "created_at": "2026-03-13T10:05:16.189Z",
      "updated_at": "2026-03-13T10:05:16.189Z",
      "residence": 14,
      "compte": 81,
      "modele_depense": null,
      "categorie": 13,
      "fournisseur": null,
      "date_depense": "2026-03-11",
      "montant": "1200.00",
      "libelle": "Paiement",
      "detail": "",
      "facture_reference": "",
      "justificatif": "",
      "commentaire": "",
      "mois": "JAN"
    }
  },
  {
    "model": "syndic.depense",
    "pk": 209,
    "fields": {
      "created_at": "2026-03-13T10:05:16.219Z",
      "updated_at": "2026-03-13T10:05:16.219Z",
      "residence": 14,
      "compte": 64,
      "modele_depense": null,
      "categorie": 7,
      "fournisseur": null,
      "date_depense": "2026-03-11",
      "montant": "120.00",
      "libelle": "Achat produits Nettoyage",
      "detail": "",
      "facture_reference": "",
      "justificatif": "",
      "commentaire": "",
      "mois": "JAN"
    }
  },
  {
    "model": "syndic.depense",
    "pk": 210,
    "fields": {
      "created_at": "2026-03-13T10:05:16.250Z",
      "updated_at": "2026-03-13T10:05:16.250Z",
      "residence": 14,
      "compte": 73,
      "modele_depense": null,
      "categorie": 8,
      "fournisseur": null,
      "date_depense": "2026-03-11",
      "montant": "500.00",
      "libelle": "Tenue Sécurité",
      "detail": "",
      "facture_reference": "",
      "justificatif": "",
      "commentaire": "",
      "mois": "AVR"
    }
  },
  {
    "model": "syndic.depense",
    "pk": 211,
    "fields": {
      "created_at": "2026-03-13T10:05:16.281Z",
      "updated_at": "2026-03-13T10:05:16.281Z",
      "residence": 14,
      "compte": 63,
      "modele_depense": null,
      "categorie": 7,
      "fournisseur": null,
      "date_depense": "2026-03-06",
      "montant": "1500.00",
      "libelle": "Achat produit nettoyage",
      "detail": "",
      "facture_reference": "",
      "justificatif": "",
      "commentaire": "",
      "mois": ""
    }
  },
  {
    "model": "syndic.caissemouvement",
    "pk": 1,
    "fields": {
      "created_at": "2026-03-05T21:28:02.249Z",
      "updated_at": "2026-03-05T22:27:04.597Z",
      "residence": 12,
      "date_mouvement": "2026-03-05",
      "type_mouvement": "DEPENSE",
      "sens": "CREDIT",
      "montant": "500.00",
      "libelle": "Facture",
      "commentaire": "",
      "paiement": null,
      "depense": 7,
      "recette": null
    }
  },
  {
    "model": "syndic.caissemouvement",
    "pk": 2,
    "fields": {
      "created_at": "2026-03-05T21:28:53.386Z",
      "updated_at": "2026-03-05T21:28:53.386Z",
      "residence": 12,
      "date_mouvement": "2026-03-05",
      "type_mouvement": "PAIEMENT",
      "sens": "DEBIT",
      "montant": "500.00",
      "libelle": "Paiement lot A8 - QOBBA",
      "commentaire": "",
      "paiement": 110,
      "depense": null,
      "recette": null
    }
  },
  {
    "model": "syndic.caissemouvement",
    "pk": 3,
    "fields": {
      "created_at": "2026-03-05T21:30:09.350Z",
      "updated_at": "2026-03-05T21:30:09.350Z",
      "residence": 12,
      "date_mouvement": "2026-03-05",
      "type_mouvement": "SOLDE_INITIAL",
      "sens": "DEBIT",
      "montant": "15000.00",
      "libelle": "initiale",
      "commentaire": "",
      "paiement": null,
      "depense": null,
      "recette": null
    }
  },
  {
    "model": "syndic.caissemouvement",
    "pk": 4,
    "fields": {
      "created_at": "2026-03-05T22:25:11.319Z",
      "updated_at": "2026-03-05T22:25:11.320Z",
      "residence": 12,
      "date_mouvement": "2026-03-05",
      "type_mouvement": "AJUSTEMENT",
      "sens": "DEBIT",
      "montant": "160.00",
      "libelle": "erreur",
      "commentaire": "",
      "paiement": null,
      "depense": null,
      "recette": null
    }
  },
  {
    "model": "syndic.caissemouvement",
    "pk": 5,
    "fields": {
      "created_at": "2026-03-05T22:25:45.472Z",
      "updated_at": "2026-03-05T22:25:45.472Z",
      "residence": 12,
      "date_mouvement": "2026-03-05",
      "type_mouvement": "AJUSTEMENT",
      "sens": "CREDIT",
      "montant": "300.00",
      "libelle": "Erreur",
      "commentaire": "",
      "paiement": null,
      "depense": null,
      "recette": null
    }
  },
  {
    "model": "syndic.caissemouvement",
    "pk": 6,
    "fields": {
      "created_at": "2026-03-05T23:34:54.746Z",
      "updated_at": "2026-03-05T23:34:54.746Z",
      "residence": 12,
      "date_mouvement": "2026-03-05",
      "type_mouvement": "RECETTE",
      "sens": "DEBIT",
      "montant": "500.00",
      "libelle": "essai",
      "commentaire": "",
      "paiement": null,
      "depense": null,
      "recette": 1
    }
  },
  {
    "model": "syndic.caissemouvement",
    "pk": 7,
    "fields": {
      "created_at": "2026-03-05T23:35:28.555Z",
      "updated_at": "2026-03-05T23:35:28.555Z",
      "residence": 12,
      "date_mouvement": "2026-03-05",
      "type_mouvement": "DEPENSE",
      "sens": "CREDIT",
      "montant": "350.00",
      "libelle": "zz",
      "commentaire": "",
      "paiement": null,
      "depense": 8,
      "recette": null
    }
  },
  {
    "model": "syndic.caissemouvement",
    "pk": 8,
    "fields": {
      "created_at": "2026-03-05T23:36:30.478Z",
      "updated_at": "2026-03-05T23:36:30.478Z",
      "residence": 12,
      "date_mouvement": "2026-02-03",
      "type_mouvement": "AJUSTEMENT",
      "sens": "DEBIT",
      "montant": "2500.00",
      "libelle": "dd",
      "commentaire": "",
      "paiement": null,
      "depense": null,
      "recette": null
    }
  },
  {
    "model": "syndic.caissemouvement",
    "pk": 9,
    "fields": {
      "created_at": "2026-03-06T13:43:30.287Z",
      "updated_at": "2026-03-06T13:43:30.287Z",
      "residence": 12,
      "date_mouvement": "2026-03-06",
      "type_mouvement": "DEPENSE",
      "sens": "CREDIT",
      "montant": "1500.00",
      "libelle": "eau",
      "commentaire": "",
      "paiement": null,
      "depense": 9,
      "recette": null
    }
  },
  {
    "model": "syndic.caissemouvement",
    "pk": 10,
    "fields": {
      "created_at": "2026-03-06T13:43:59.734Z",
      "updated_at": "2026-03-06T13:43:59.734Z",
      "residence": 12,
      "date_mouvement": "2026-03-06",
      "type_mouvement": "DEPENSE",
      "sens": "CREDIT",
      "montant": "2000.00",
      "libelle": "sama",
      "commentaire": "",
      "paiement": null,
      "depense": 10,
      "recette": null
    }
  },
  {
    "model": "syndic.caissemouvement",
    "pk": 21,
    "fields": {
      "created_at": "2026-03-09T16:30:28.551Z",
      "updated_at": "2026-03-09T16:30:28.551Z",
      "residence": 1,
      "date_mouvement": "2024-01-10",
      "type_mouvement": "DEPENSE",
      "sens": "CREDIT",
      "montant": "450.00",
      "libelle": "Nettoyage parties communes",
      "commentaire": "",
      "paiement": null,
      "depense": 14,
      "recette": null
    }
  },
  {
    "model": "syndic.caissemouvement",
    "pk": 22,
    "fields": {
      "created_at": "2026-03-09T16:30:28.583Z",
      "updated_at": "2026-03-09T16:30:28.583Z",
      "residence": 1,
      "date_mouvement": "2024-01-11",
      "type_mouvement": "DEPENSE",
      "sens": "CREDIT",
      "montant": "450.00",
      "libelle": "Nettoyage parties communes",
      "commentaire": "",
      "paiement": null,
      "depense": 15,
      "recette": null
    }
  },
  {
    "model": "syndic.caissemouvement",
    "pk": 23,
    "fields": {
      "created_at": "2026-03-09T16:30:28.607Z",
      "updated_at": "2026-03-09T16:30:28.607Z",
      "residence": 1,
      "date_mouvement": "2024-01-12",
      "type_mouvement": "DEPENSE",
      "sens": "CREDIT",
      "montant": "450.00",
      "libelle": "Nettoyage parties communes",
      "commentaire": "",
      "paiement": null,
      "depense": 16,
      "recette": null
    }
  },
  {
    "model": "syndic.caissemouvement",
    "pk": 24,
    "fields": {
      "created_at": "2026-03-09T16:30:28.629Z",
      "updated_at": "2026-03-09T16:30:28.629Z",
      "residence": 1,
      "date_mouvement": "2024-01-13",
      "type_mouvement": "DEPENSE",
      "sens": "CREDIT",
      "montant": "450.00",
      "libelle": "Nettoyage parties communes",
      "commentaire": "",
      "paiement": null,
      "depense": 17,
      "recette": null
    }
  },
  {
    "model": "syndic.caissemouvement",
    "pk": 25,
    "fields": {
      "created_at": "2026-03-09T16:30:28.651Z",
      "updated_at": "2026-03-09T16:30:28.651Z",
      "residence": 1,
      "date_mouvement": "2024-01-14",
      "type_mouvement": "DEPENSE",
      "sens": "CREDIT",
      "montant": "450.00",
      "libelle": "Nettoyage parties communes",
      "commentaire": "",
      "paiement": null,
      "depense": 18,
      "recette": null
    }
  },
  {
    "model": "syndic.caissemouvement",
    "pk": 26,
    "fields": {
      "created_at": "2026-03-09T16:30:28.673Z",
      "updated_at": "2026-03-09T16:30:28.673Z",
      "residence": 1,
      "date_mouvement": "2024-01-15",
      "type_mouvement": "DEPENSE",
      "sens": "CREDIT",
      "montant": "450.00",
      "libelle": "Nettoyage parties communes",
      "commentaire": "",
      "paiement": null,
      "depense": 19,
      "recette": null
    }
  },
  {
    "model": "syndic.caissemouvement",
    "pk": 27,
    "fields": {
      "created_at": "2026-03-09T16:30:28.694Z",
      "updated_at": "2026-03-09T16:30:28.694Z",
      "residence": 1,
      "date_mouvement": "2024-01-16",
      "type_mouvement": "DEPENSE",
      "sens": "CREDIT",
      "montant": "450.00",
      "libelle": "Nettoyage parties communes",
      "commentaire": "",
      "paiement": null,
      "depense": 20,
      "recette": null
    }
  },
  {
    "model": "syndic.caissemouvement",
    "pk": 28,
    "fields": {
      "created_at": "2026-03-09T16:30:28.714Z",
      "updated_at": "2026-03-09T16:30:28.714Z",
      "residence": 1,
      "date_mouvement": "2024-01-17",
      "type_mouvement": "DEPENSE",
      "sens": "CREDIT",
      "montant": "450.00",
      "libelle": "Nettoyage parties communes",
      "commentaire": "",
      "paiement": null,
      "depense": 21,
      "recette": null
    }
  },
  {
    "model": "syndic.caissemouvement",
    "pk": 29,
    "fields": {
      "created_at": "2026-03-09T16:30:28.735Z",
      "updated_at": "2026-03-09T16:30:28.735Z",
      "residence": 1,
      "date_mouvement": "2024-01-18",
      "type_mouvement": "DEPENSE",
      "sens": "CREDIT",
      "montant": "450.00",
      "libelle": "Nettoyage parties communes",
      "commentaire": "",
      "paiement": null,
      "depense": 22,
      "recette": null
    }
  },
  {
    "model": "syndic.caissemouvement",
    "pk": 30,
    "fields": {
      "created_at": "2026-03-09T16:30:28.756Z",
      "updated_at": "2026-03-09T16:30:28.756Z",
      "residence": 1,
      "date_mouvement": "2024-01-19",
      "type_mouvement": "DEPENSE",
      "sens": "CREDIT",
      "montant": "450.00",
      "libelle": "Nettoyage parties communes",
      "commentaire": "",
      "paiement": null,
      "depense": 23,
      "recette": null
    }
  },
  {
    "model": "syndic.caissemouvement",
    "pk": 31,
    "fields": {
      "created_at": "2026-03-09T16:30:28.777Z",
      "updated_at": "2026-03-09T16:30:28.777Z",
      "residence": 1,
      "date_mouvement": "2024-01-20",
      "type_mouvement": "DEPENSE",
      "sens": "CREDIT",
      "montant": "450.00",
      "libelle": "Nettoyage parties communes",
      "commentaire": "",
      "paiement": null,
      "depense": 24,
      "recette": null
    }
  },
  {
    "model": "syndic.caissemouvement",
    "pk": 32,
    "fields": {
      "created_at": "2026-03-09T16:30:28.798Z",
      "updated_at": "2026-03-09T16:30:28.798Z",
      "residence": 1,
      "date_mouvement": "2024-01-21",
      "type_mouvement": "DEPENSE",
      "sens": "CREDIT",
      "montant": "450.00",
      "libelle": "Nettoyage parties communes",
      "commentaire": "",
      "paiement": null,
      "depense": 25,
      "recette": null
    }
  },
  {
    "model": "syndic.caissemouvement",
    "pk": 33,
    "fields": {
      "created_at": "2026-03-09T16:30:50.255Z",
      "updated_at": "2026-03-09T16:30:50.255Z",
      "residence": 1,
      "date_mouvement": "2024-01-10",
      "type_mouvement": "DEPENSE",
      "sens": "CREDIT",
      "montant": "450.00",
      "libelle": "Nettoyage parties communes",
      "commentaire": "",
      "paiement": null,
      "depense": 26,
      "recette": null
    }
  },
  {
    "model": "syndic.caissemouvement",
    "pk": 34,
    "fields": {
      "created_at": "2026-03-09T16:30:50.286Z",
      "updated_at": "2026-03-09T16:30:50.286Z",
      "residence": 1,
      "date_mouvement": "2024-01-11",
      "type_mouvement": "DEPENSE",
      "sens": "CREDIT",
      "montant": "450.00",
      "libelle": "Nettoyage parties communes",
      "commentaire": "",
      "paiement": null,
      "depense": 27,
      "recette": null
    }
  },
  {
    "model": "syndic.caissemouvement",
    "pk": 35,
    "fields": {
      "created_at": "2026-03-09T16:30:50.309Z",
      "updated_at": "2026-03-09T16:30:50.309Z",
      "residence": 1,
      "date_mouvement": "2024-01-12",
      "type_mouvement": "DEPENSE",
      "sens": "CREDIT",
      "montant": "450.00",
      "libelle": "Nettoyage parties communes",
      "commentaire": "",
      "paiement": null,
      "depense": 28,
      "recette": null
    }
  },
  {
    "model": "syndic.caissemouvement",
    "pk": 36,
    "fields": {
      "created_at": "2026-03-09T16:30:50.332Z",
      "updated_at": "2026-03-09T16:30:50.332Z",
      "residence": 1,
      "date_mouvement": "2024-01-13",
      "type_mouvement": "DEPENSE",
      "sens": "CREDIT",
      "montant": "450.00",
      "libelle": "Nettoyage parties communes",
      "commentaire": "",
      "paiement": null,
      "depense": 29,
      "recette": null
    }
  },
  {
    "model": "syndic.caissemouvement",
    "pk": 37,
    "fields": {
      "created_at": "2026-03-09T16:30:50.355Z",
      "updated_at": "2026-03-09T16:30:50.355Z",
      "residence": 1,
      "date_mouvement": "2024-01-14",
      "type_mouvement": "DEPENSE",
      "sens": "CREDIT",
      "montant": "450.00",
      "libelle": "Nettoyage parties communes",
      "commentaire": "",
      "paiement": null,
      "depense": 30,
      "recette": null
    }
  },
  {
    "model": "syndic.caissemouvement",
    "pk": 38,
    "fields": {
      "created_at": "2026-03-09T16:30:50.377Z",
      "updated_at": "2026-03-09T16:30:50.377Z",
      "residence": 1,
      "date_mouvement": "2024-01-15",
      "type_mouvement": "DEPENSE",
      "sens": "CREDIT",
      "montant": "450.00",
      "libelle": "Nettoyage parties communes",
      "commentaire": "",
      "paiement": null,
      "depense": 31,
      "recette": null
    }
  },
  {
    "model": "syndic.caissemouvement",
    "pk": 39,
    "fields": {
      "created_at": "2026-03-09T16:30:50.399Z",
      "updated_at": "2026-03-09T16:30:50.399Z",
      "residence": 1,
      "date_mouvement": "2024-01-16",
      "type_mouvement": "DEPENSE",
      "sens": "CREDIT",
      "montant": "450.00",
      "libelle": "Nettoyage parties communes",
      "commentaire": "",
      "paiement": null,
      "depense": 32,
      "recette": null
    }
  },
  {
    "model": "syndic.caissemouvement",
    "pk": 40,
    "fields": {
      "created_at": "2026-03-09T16:30:50.420Z",
      "updated_at": "2026-03-09T16:30:50.420Z",
      "residence": 1,
      "date_mouvement": "2024-01-17",
      "type_mouvement": "DEPENSE",
      "sens": "CREDIT",
      "montant": "450.00",
      "libelle": "Nettoyage parties communes",
      "commentaire": "",
      "paiement": null,
      "depense": 33,
      "recette": null
    }
  },
  {
    "model": "syndic.caissemouvement",
    "pk": 41,
    "fields": {
      "created_at": "2026-03-09T16:30:50.441Z",
      "updated_at": "2026-03-09T16:30:50.441Z",
      "residence": 1,
      "date_mouvement": "2024-01-18",
      "type_mouvement": "DEPENSE",
      "sens": "CREDIT",
      "montant": "450.00",
      "libelle": "Nettoyage parties communes",
      "commentaire": "",
      "paiement": null,
      "depense": 34,
      "recette": null
    }
  },
  {
    "model": "syndic.caissemouvement",
    "pk": 42,
    "fields": {
      "created_at": "2026-03-09T16:30:50.463Z",
      "updated_at": "2026-03-09T16:30:50.463Z",
      "residence": 1,
      "date_mouvement": "2024-01-19",
      "type_mouvement": "DEPENSE",
      "sens": "CREDIT",
      "montant": "450.00",
      "libelle": "Nettoyage parties communes",
      "commentaire": "",
      "paiement": null,
      "depense": 35,
      "recette": null
    }
  },
  {
    "model": "syndic.caissemouvement",
    "pk": 43,
    "fields": {
      "created_at": "2026-03-09T16:30:50.485Z",
      "updated_at": "2026-03-09T16:30:50.485Z",
      "residence": 1,
      "date_mouvement": "2024-01-20",
      "type_mouvement": "DEPENSE",
      "sens": "CREDIT",
      "montant": "450.00",
      "libelle": "Nettoyage parties communes",
      "commentaire": "",
      "paiement": null,
      "depense": 36,
      "recette": null
    }
  },
  {
    "model": "syndic.caissemouvement",
    "pk": 44,
    "fields": {
      "created_at": "2026-03-09T16:30:50.506Z",
      "updated_at": "2026-03-09T16:30:50.507Z",
      "residence": 1,
      "date_mouvement": "2024-01-21",
      "type_mouvement": "DEPENSE",
      "sens": "CREDIT",
      "montant": "450.00",
      "libelle": "Nettoyage parties communes",
      "commentaire": "",
      "paiement": null,
      "depense": 37,
      "recette": null
    }
  },
  {
    "model": "syndic.caissemouvement",
    "pk": 45,
    "fields": {
      "created_at": "2026-03-09T16:32:06.209Z",
      "updated_at": "2026-03-09T16:32:06.209Z",
      "residence": 1,
      "date_mouvement": "2024-01-31",
      "type_mouvement": "RECETTE",
      "sens": "DEBIT",
      "montant": "1200.00",
      "libelle": "Subvention commune",
      "commentaire": "",
      "paiement": null,
      "depense": null,
      "recette": 5
    }
  },
  {
    "model": "syndic.caissemouvement",
    "pk": 46,
    "fields": {
      "created_at": "2026-03-09T16:50:43.701Z",
      "updated_at": "2026-03-09T16:50:43.701Z",
      "residence": 1,
      "date_mouvement": "2024-01-10",
      "type_mouvement": "DEPENSE",
      "sens": "CREDIT",
      "montant": "450.00",
      "libelle": "Nettoyage parties communes",
      "commentaire": "",
      "paiement": null,
      "depense": 38,
      "recette": null
    }
  },
  {
    "model": "syndic.caissemouvement",
    "pk": 47,
    "fields": {
      "created_at": "2026-03-09T16:50:43.731Z",
      "updated_at": "2026-03-09T16:50:43.731Z",
      "residence": 1,
      "date_mouvement": "2024-01-11",
      "type_mouvement": "DEPENSE",
      "sens": "CREDIT",
      "montant": "450.00",
      "libelle": "Nettoyage parties communes",
      "commentaire": "",
      "paiement": null,
      "depense": 39,
      "recette": null
    }
  },
  {
    "model": "syndic.caissemouvement",
    "pk": 48,
    "fields": {
      "created_at": "2026-03-09T16:50:43.753Z",
      "updated_at": "2026-03-09T16:50:43.753Z",
      "residence": 1,
      "date_mouvement": "2024-01-12",
      "type_mouvement": "DEPENSE",
      "sens": "CREDIT",
      "montant": "450.00",
      "libelle": "Nettoyage parties communes",
      "commentaire": "",
      "paiement": null,
      "depense": 40,
      "recette": null
    }
  },
  {
    "model": "syndic.caissemouvement",
    "pk": 49,
    "fields": {
      "created_at": "2026-03-09T16:50:43.778Z",
      "updated_at": "2026-03-09T16:50:43.778Z",
      "residence": 1,
      "date_mouvement": "2024-01-13",
      "type_mouvement": "DEPENSE",
      "sens": "CREDIT",
      "montant": "450.00",
      "libelle": "Nettoyage parties communes",
      "commentaire": "",
      "paiement": null,
      "depense": 41,
      "recette": null
    }
  },
  {
    "model": "syndic.caissemouvement",
    "pk": 50,
    "fields": {
      "created_at": "2026-03-09T16:50:43.802Z",
      "updated_at": "2026-03-09T16:50:43.802Z",
      "residence": 1,
      "date_mouvement": "2024-01-14",
      "type_mouvement": "DEPENSE",
      "sens": "CREDIT",
      "montant": "450.00",
      "libelle": "Nettoyage parties communes",
      "commentaire": "",
      "paiement": null,
      "depense": 42,
      "recette": null
    }
  },
  {
    "model": "syndic.caissemouvement",
    "pk": 51,
    "fields": {
      "created_at": "2026-03-09T16:50:43.823Z",
      "updated_at": "2026-03-09T16:50:43.823Z",
      "residence": 1,
      "date_mouvement": "2024-01-15",
      "type_mouvement": "DEPENSE",
      "sens": "CREDIT",
      "montant": "450.00",
      "libelle": "Nettoyage parties communes",
      "commentaire": "",
      "paiement": null,
      "depense": 43,
      "recette": null
    }
  },
  {
    "model": "syndic.caissemouvement",
    "pk": 52,
    "fields": {
      "created_at": "2026-03-09T16:50:43.845Z",
      "updated_at": "2026-03-09T16:50:43.845Z",
      "residence": 1,
      "date_mouvement": "2024-01-16",
      "type_mouvement": "DEPENSE",
      "sens": "CREDIT",
      "montant": "450.00",
      "libelle": "Nettoyage parties communes",
      "commentaire": "",
      "paiement": null,
      "depense": 44,
      "recette": null
    }
  },
  {
    "model": "syndic.caissemouvement",
    "pk": 53,
    "fields": {
      "created_at": "2026-03-09T16:50:43.864Z",
      "updated_at": "2026-03-09T16:50:43.864Z",
      "residence": 1,
      "date_mouvement": "2024-01-17",
      "type_mouvement": "DEPENSE",
      "sens": "CREDIT",
      "montant": "450.00",
      "libelle": "Nettoyage parties communes",
      "commentaire": "",
      "paiement": null,
      "depense": 45,
      "recette": null
    }
  },
  {
    "model": "syndic.caissemouvement",
    "pk": 54,
    "fields": {
      "created_at": "2026-03-09T16:50:43.886Z",
      "updated_at": "2026-03-09T16:50:43.886Z",
      "residence": 1,
      "date_mouvement": "2024-01-18",
      "type_mouvement": "DEPENSE",
      "sens": "CREDIT",
      "montant": "450.00",
      "libelle": "Nettoyage parties communes",
      "commentaire": "",
      "paiement": null,
      "depense": 46,
      "recette": null
    }
  },
  {
    "model": "syndic.caissemouvement",
    "pk": 55,
    "fields": {
      "created_at": "2026-03-09T16:50:43.908Z",
      "updated_at": "2026-03-09T16:50:43.908Z",
      "residence": 1,
      "date_mouvement": "2024-01-19",
      "type_mouvement": "DEPENSE",
      "sens": "CREDIT",
      "montant": "450.00",
      "libelle": "Nettoyage parties communes",
      "commentaire": "",
      "paiement": null,
      "depense": 47,
      "recette": null
    }
  },
  {
    "model": "syndic.caissemouvement",
    "pk": 56,
    "fields": {
      "created_at": "2026-03-09T16:50:43.929Z",
      "updated_at": "2026-03-09T16:50:43.929Z",
      "residence": 1,
      "date_mouvement": "2024-01-20",
      "type_mouvement": "DEPENSE",
      "sens": "CREDIT",
      "montant": "450.00",
      "libelle": "Nettoyage parties communes",
      "commentaire": "",
      "paiement": null,
      "depense": 48,
      "recette": null
    }
  },
  {
    "model": "syndic.caissemouvement",
    "pk": 57,
    "fields": {
      "created_at": "2026-03-09T16:50:43.950Z",
      "updated_at": "2026-03-09T16:50:43.950Z",
      "residence": 1,
      "date_mouvement": "2024-01-21",
      "type_mouvement": "DEPENSE",
      "sens": "CREDIT",
      "montant": "450.00",
      "libelle": "Nettoyage parties communes",
      "commentaire": "",
      "paiement": null,
      "depense": 49,
      "recette": null
    }
  },
  {
    "model": "syndic.caissemouvement",
    "pk": 58,
    "fields": {
      "created_at": "2026-03-09T16:53:13.971Z",
      "updated_at": "2026-03-09T16:53:13.971Z",
      "residence": 1,
      "date_mouvement": "2026-03-09",
      "type_mouvement": "DEPENSE",
      "sens": "CREDIT",
      "montant": "500.00",
      "libelle": "ttt",
      "commentaire": "",
      "paiement": null,
      "depense": 50,
      "recette": null
    }
  },
  {
    "model": "syndic.caissemouvement",
    "pk": 65,
    "fields": {
      "created_at": "2026-03-09T22:29:55.650Z",
      "updated_at": "2026-03-09T22:29:55.650Z",
      "residence": 16,
      "date_mouvement": "2026-03-09",
      "type_mouvement": "PAIEMENT",
      "sens": "DEBIT",
      "montant": "250.00",
      "libelle": "Paiement lot A1 - SASA",
      "commentaire": "",
      "paiement": 119,
      "depense": null,
      "recette": null
    }
  },
  {
    "model": "syndic.caissemouvement",
    "pk": 66,
    "fields": {
      "created_at": "2026-03-09T22:30:10.688Z",
      "updated_at": "2026-03-09T22:30:10.688Z",
      "residence": 16,
      "date_mouvement": "2026-03-09",
      "type_mouvement": "PAIEMENT",
      "sens": "DEBIT",
      "montant": "300.00",
      "libelle": "Paiement lot A1 - SASA",
      "commentaire": "",
      "paiement": 120,
      "depense": null,
      "recette": null
    }
  },
  {
    "model": "syndic.caissemouvement",
    "pk": 67,
    "fields": {
      "created_at": "2026-03-09T22:30:34.633Z",
      "updated_at": "2026-03-09T22:30:34.633Z",
      "residence": 16,
      "date_mouvement": "2026-03-09",
      "type_mouvement": "PAIEMENT",
      "sens": "DEBIT",
      "montant": "400.00",
      "libelle": "Paiement lot A2 - SASA",
      "commentaire": "",
      "paiement": 121,
      "depense": null,
      "recette": null
    }
  },
  {
    "model": "syndic.caissemouvement",
    "pk": 68,
    "fields": {
      "created_at": "2026-03-09T22:31:15.752Z",
      "updated_at": "2026-03-09T22:31:15.752Z",
      "residence": 16,
      "date_mouvement": "2026-03-09",
      "type_mouvement": "PAIEMENT",
      "sens": "DEBIT",
      "montant": "400.00",
      "libelle": "Paiement lot A3 - SASA",
      "commentaire": "",
      "paiement": 122,
      "depense": null,
      "recette": null
    }
  },
  {
    "model": "syndic.caissemouvement",
    "pk": 69,
    "fields": {
      "created_at": "2026-03-09T22:43:32.906Z",
      "updated_at": "2026-03-09T22:43:32.906Z",
      "residence": 16,
      "date_mouvement": "2026-03-09",
      "type_mouvement": "DEPENSE",
      "sens": "CREDIT",
      "montant": "500.00",
      "libelle": "14  Parasols",
      "commentaire": "",
      "paiement": null,
      "depense": 52,
      "recette": null
    }
  },
  {
    "model": "syndic.caissemouvement",
    "pk": 70,
    "fields": {
      "created_at": "2026-03-09T22:44:40.306Z",
      "updated_at": "2026-03-09T22:44:40.306Z",
      "residence": 16,
      "date_mouvement": "2026-03-09",
      "type_mouvement": "DEPENSE",
      "sens": "CREDIT",
      "montant": "820.00",
      "libelle": "Paiement agent CSRM",
      "commentaire": "",
      "paiement": null,
      "depense": 53,
      "recette": null
    }
  },
  {
    "model": "syndic.caissemouvement",
    "pk": 71,
    "fields": {
      "created_at": "2026-03-09T22:45:50.684Z",
      "updated_at": "2026-03-09T22:45:50.684Z",
      "residence": 16,
      "date_mouvement": "2026-03-09",
      "type_mouvement": "DEPENSE",
      "sens": "CREDIT",
      "montant": "620.00",
      "libelle": "Plantes",
      "commentaire": "",
      "paiement": null,
      "depense": 54,
      "recette": null
    }
  },
  {
    "model": "syndic.caissemouvement",
    "pk": 72,
    "fields": {
      "created_at": "2026-03-09T22:46:51.722Z",
      "updated_at": "2026-03-09T22:46:51.722Z",
      "residence": 16,
      "date_mouvement": "2026-03-09",
      "type_mouvement": "SOLDE_INITIAL",
      "sens": "DEBIT",
      "montant": "10520.00",
      "libelle": "Passation Consigne",
      "commentaire": "",
      "paiement": null,
      "depense": null,
      "recette": null
    }
  },
  {
    "model": "syndic.caissemouvement",
    "pk": 73,
    "fields": {
      "created_at": "2026-03-09T22:47:50.987Z",
      "updated_at": "2026-03-09T22:48:05.961Z",
      "residence": 16,
      "date_mouvement": "2026-03-09",
      "type_mouvement": "RECETTE",
      "sens": "DEBIT",
      "montant": "2530.00",
      "libelle": "Non définis",
      "commentaire": "",
      "paiement": null,
      "depense": null,
      "recette": 7
    }
  },
  {
    "model": "syndic.caissemouvement",
    "pk": 74,
    "fields": {
      "created_at": "2026-03-10T00:10:27.819Z",
      "updated_at": "2026-03-10T00:10:27.819Z",
      "residence": 16,
      "date_mouvement": "2026-03-10",
      "type_mouvement": "PAIEMENT",
      "sens": "DEBIT",
      "montant": "100.00",
      "libelle": "Paiement lot A4 - SASA",
      "commentaire": "",
      "paiement": 123,
      "depense": null,
      "recette": null
    }
  },
  {
    "model": "syndic.caissemouvement",
    "pk": 241,
    "fields": {
      "created_at": "2026-03-12T11:46:55.986Z",
      "updated_at": "2026-03-12T11:46:55.986Z",
      "residence": 14,
      "date_mouvement": "2026-03-12",
      "type_mouvement": "AJUSTEMENT",
      "sens": "DEBIT",
      "montant": "99.00",
      "libelle": "Erreur",
      "commentaire": "",
      "paiement": null,
      "depense": null,
      "recette": null
    }
  },
  {
    "model": "syndic.caissemouvement",
    "pk": 408,
    "fields": {
      "created_at": "2026-03-13T09:25:27.052Z",
      "updated_at": "2026-03-13T09:25:27.052Z",
      "residence": 15,
      "date_mouvement": "2026-03-13",
      "type_mouvement": "PAIEMENT",
      "sens": "DEBIT",
      "montant": "200.00",
      "libelle": "Paiement lot 18 - JAZERA",
      "commentaire": "",
      "paiement": 285,
      "depense": null,
      "recette": null
    }
  },
  {
    "model": "syndic.caissemouvement",
    "pk": 409,
    "fields": {
      "created_at": "2026-03-13T09:32:54.411Z",
      "updated_at": "2026-03-13T09:33:21.944Z",
      "residence": 14,
      "date_mouvement": "2026-03-13",
      "type_mouvement": "PAIEMENT",
      "sens": "DEBIT",
      "montant": "300.00",
      "libelle": "Paiement lot 05 - XYZ1",
      "commentaire": "",
      "paiement": 286,
      "depense": null,
      "recette": null
    }
  },
  {
    "model": "syndic.caissemouvement",
    "pk": 410,
    "fields": {
      "created_at": "2026-03-13T09:34:10.332Z",
      "updated_at": "2026-03-13T09:34:29.299Z",
      "residence": 15,
      "date_mouvement": "2026-03-13",
      "type_mouvement": "PAIEMENT",
      "sens": "DEBIT",
      "montant": "500.00",
      "libelle": "Paiement lot 11 - JAZERA",
      "commentaire": "",
      "paiement": 287,
      "depense": null,
      "recette": null
    }
  },
  {
    "model": "syndic.caissemouvement",
    "pk": 411,
    "fields": {
      "created_at": "2026-03-13T10:05:15.885Z",
      "updated_at": "2026-03-13T10:05:15.885Z",
      "residence": 14,
      "date_mouvement": "2026-03-12",
      "type_mouvement": "DEPENSE",
      "sens": "CREDIT",
      "montant": "2000.00",
      "libelle": "Salaire concierge",
      "commentaire": "",
      "paiement": null,
      "depense": 198,
      "recette": null
    }
  },
  {
    "model": "syndic.caissemouvement",
    "pk": 412,
    "fields": {
      "created_at": "2026-03-13T10:05:15.907Z",
      "updated_at": "2026-03-13T10:05:15.907Z",
      "residence": 14,
      "date_mouvement": "2026-03-12",
      "type_mouvement": "DEPENSE",
      "sens": "CREDIT",
      "montant": "400.00",
      "libelle": "Salaire concièrge",
      "commentaire": "",
      "paiement": null,
      "depense": 199,
      "recette": null
    }
  },
  {
    "model": "syndic.caissemouvement",
    "pk": 413,
    "fields": {
      "created_at": "2026-03-13T10:05:15.929Z",
      "updated_at": "2026-03-13T10:05:15.929Z",
      "residence": 14,
      "date_mouvement": "2026-03-12",
      "type_mouvement": "DEPENSE",
      "sens": "CREDIT",
      "montant": "500.00",
      "libelle": "Achat produits de Nettoyage",
      "commentaire": "",
      "paiement": null,
      "depense": 200,
      "recette": null
    }
  },
  {
    "model": "syndic.caissemouvement",
    "pk": 414,
    "fields": {
      "created_at": "2026-03-13T10:05:15.953Z",
      "updated_at": "2026-03-13T10:05:15.953Z",
      "residence": 14,
      "date_mouvement": "2026-03-12",
      "type_mouvement": "DEPENSE",
      "sens": "CREDIT",
      "montant": "200.00",
      "libelle": "Facture",
      "commentaire": "",
      "paiement": null,
      "depense": 201,
      "recette": null
    }
  },
  {
    "model": "syndic.caissemouvement",
    "pk": 415,
    "fields": {
      "created_at": "2026-03-13T10:05:15.974Z",
      "updated_at": "2026-03-13T10:05:15.974Z",
      "residence": 14,
      "date_mouvement": "2026-03-12",
      "type_mouvement": "DEPENSE",
      "sens": "CREDIT",
      "montant": "50.00",
      "libelle": "paiement carroussa",
      "commentaire": "",
      "paiement": null,
      "depense": 202,
      "recette": null
    }
  },
  {
    "model": "syndic.caissemouvement",
    "pk": 416,
    "fields": {
      "created_at": "2026-03-13T10:05:16.018Z",
      "updated_at": "2026-03-13T10:05:16.019Z",
      "residence": 14,
      "date_mouvement": "2026-03-12",
      "type_mouvement": "DEPENSE",
      "sens": "CREDIT",
      "montant": "250.00",
      "libelle": "Facture Eau",
      "commentaire": "",
      "paiement": null,
      "depense": 203,
      "recette": null
    }
  },
  {
    "model": "syndic.caissemouvement",
    "pk": 417,
    "fields": {
      "created_at": "2026-03-13T10:05:16.041Z",
      "updated_at": "2026-03-13T10:05:16.041Z",
      "residence": 14,
      "date_mouvement": "2026-03-11",
      "type_mouvement": "DEPENSE",
      "sens": "CREDIT",
      "montant": "400.00",
      "libelle": "depense une",
      "commentaire": "",
      "paiement": null,
      "depense": 204,
      "recette": null
    }
  },
  {
    "model": "syndic.caissemouvement",
    "pk": 418,
    "fields": {
      "created_at": "2026-03-13T10:05:16.066Z",
      "updated_at": "2026-03-13T10:05:16.066Z",
      "residence": 14,
      "date_mouvement": "2026-03-11",
      "type_mouvement": "DEPENSE",
      "sens": "CREDIT",
      "montant": "500.00",
      "libelle": "Essai",
      "commentaire": "",
      "paiement": null,
      "depense": 205,
      "recette": null
    }
  },
  {
    "model": "syndic.caissemouvement",
    "pk": 419,
    "fields": {
      "created_at": "2026-03-13T10:05:16.110Z",
      "updated_at": "2026-03-13T10:05:16.110Z",
      "residence": 14,
      "date_mouvement": "2026-03-11",
      "type_mouvement": "DEPENSE",
      "sens": "CREDIT",
      "montant": "700.00",
      "libelle": "Eau JAN",
      "commentaire": "",
      "paiement": null,
      "depense": 206,
      "recette": null
    }
  },
  {
    "model": "syndic.caissemouvement",
    "pk": 420,
    "fields": {
      "created_at": "2026-03-13T10:05:16.156Z",
      "updated_at": "2026-03-13T10:05:16.156Z",
      "residence": 14,
      "date_mouvement": "2026-03-11",
      "type_mouvement": "DEPENSE",
      "sens": "CREDIT",
      "montant": "800.00",
      "libelle": "Eau FEV",
      "commentaire": "",
      "paiement": null,
      "depense": 207,
      "recette": null
    }
  },
  {
    "model": "syndic.caissemouvement",
    "pk": 421,
    "fields": {
      "created_at": "2026-03-13T10:05:16.198Z",
      "updated_at": "2026-03-13T10:05:16.198Z",
      "residence": 14,
      "date_mouvement": "2026-03-11",
      "type_mouvement": "DEPENSE",
      "sens": "CREDIT",
      "montant": "1200.00",
      "libelle": "Paiement",
      "commentaire": "",
      "paiement": null,
      "depense": 208,
      "recette": null
    }
  },
  {
    "model": "syndic.caissemouvement",
    "pk": 422,
    "fields": {
      "created_at": "2026-03-13T10:05:16.227Z",
      "updated_at": "2026-03-13T10:05:16.227Z",
      "residence": 14,
      "date_mouvement": "2026-03-11",
      "type_mouvement": "DEPENSE",
      "sens": "CREDIT",
      "montant": "120.00",
      "libelle": "Achat produits Nettoyage",
      "commentaire": "",
      "paiement": null,
      "depense": 209,
      "recette": null
    }
  },
  {
    "model": "syndic.caissemouvement",
    "pk": 423,
    "fields": {
      "created_at": "2026-03-13T10:05:16.260Z",
      "updated_at": "2026-03-13T10:05:16.260Z",
      "residence": 14,
      "date_mouvement": "2026-03-11",
      "type_mouvement": "DEPENSE",
      "sens": "CREDIT",
      "montant": "500.00",
      "libelle": "Tenue Sécurité",
      "commentaire": "",
      "paiement": null,
      "depense": 210,
      "recette": null
    }
  },
  {
    "model": "syndic.caissemouvement",
    "pk": 424,
    "fields": {
      "created_at": "2026-03-13T10:05:16.292Z",
      "updated_at": "2026-03-13T10:05:16.292Z",
      "residence": 14,
      "date_mouvement": "2026-03-06",
      "type_mouvement": "DEPENSE",
      "sens": "CREDIT",
      "montant": "1500.00",
      "libelle": "Achat produit nettoyage",
      "commentaire": "",
      "paiement": null,
      "depense": 211,
      "recette": null
    }
  },
  {
    "model": "syndic.caissemouvement",
    "pk": 425,
    "fields": {
      "created_at": "2026-03-13T10:05:16.385Z",
      "updated_at": "2026-03-13T10:05:16.385Z",
      "residence": 14,
      "date_mouvement": "2026-03-12",
      "type_mouvement": "PAIEMENT",
      "sens": "DEBIT",
      "montant": "550.00",
      "libelle": "Paiement lot 09 - XYZ1",
      "commentaire": "",
      "paiement": 288,
      "depense": null,
      "recette": null
    }
  },
  {
    "model": "syndic.caissemouvement",
    "pk": 426,
    "fields": {
      "created_at": "2026-03-13T10:05:16.583Z",
      "updated_at": "2026-03-13T10:05:16.583Z",
      "residence": 14,
      "date_mouvement": "2026-03-12",
      "type_mouvement": "PAIEMENT",
      "sens": "DEBIT",
      "montant": "250.00",
      "libelle": "Paiement lot 01 - XYZ1",
      "commentaire": "",
      "paiement": 289,
      "depense": null,
      "recette": null
    }
  },
  {
    "model": "syndic.caissemouvement",
    "pk": 427,
    "fields": {
      "created_at": "2026-03-13T10:05:16.662Z",
      "updated_at": "2026-03-13T10:05:16.662Z",
      "residence": 14,
      "date_mouvement": "2026-03-12",
      "type_mouvement": "PAIEMENT",
      "sens": "DEBIT",
      "montant": "100.00",
      "libelle": "Paiement lot 01 - XYZ1",
      "commentaire": "",
      "paiement": 290,
      "depense": null,
      "recette": null
    }
  },
  {
    "model": "syndic.caissemouvement",
    "pk": 428,
    "fields": {
      "created_at": "2026-03-13T10:05:16.743Z",
      "updated_at": "2026-03-13T10:05:16.743Z",
      "residence": 14,
      "date_mouvement": "2026-03-12",
      "type_mouvement": "PAIEMENT",
      "sens": "DEBIT",
      "montant": "700.00",
      "libelle": "Paiement lot 02 - XYZ1",
      "commentaire": "",
      "paiement": 291,
      "depense": null,
      "recette": null
    }
  },
  {
    "model": "syndic.caissemouvement",
    "pk": 429,
    "fields": {
      "created_at": "2026-03-13T10:05:16.897Z",
      "updated_at": "2026-03-13T10:05:16.897Z",
      "residence": 14,
      "date_mouvement": "2026-03-12",
      "type_mouvement": "PAIEMENT",
      "sens": "DEBIT",
      "montant": "300.00",
      "libelle": "Paiement lot 03 - XYZ1",
      "commentaire": "",
      "paiement": 292,
      "depense": null,
      "recette": null
    }
  },
  {
    "model": "syndic.caissemouvement",
    "pk": 430,
    "fields": {
      "created_at": "2026-03-13T10:05:16.985Z",
      "updated_at": "2026-03-13T10:05:16.986Z",
      "residence": 14,
      "date_mouvement": "2026-03-12",
      "type_mouvement": "PAIEMENT",
      "sens": "DEBIT",
      "montant": "250.00",
      "libelle": "Paiement lot 05 - XYZ1",
      "commentaire": "",
      "paiement": 293,
      "depense": null,
      "recette": null
    }
  },
  {
    "model": "syndic.caissemouvement",
    "pk": 431,
    "fields": {
      "created_at": "2026-03-13T10:05:17.050Z",
      "updated_at": "2026-03-13T10:05:17.050Z",
      "residence": 14,
      "date_mouvement": "2026-03-12",
      "type_mouvement": "PAIEMENT",
      "sens": "DEBIT",
      "montant": "300.00",
      "libelle": "Paiement lot 04 - XYZ1",
      "commentaire": "",
      "paiement": 294,
      "depense": null,
      "recette": null
    }
  },
  {
    "model": "syndic.caissemouvement",
    "pk": 432,
    "fields": {
      "created_at": "2026-03-13T10:05:17.146Z",
      "updated_at": "2026-03-13T10:05:17.146Z",
      "residence": 14,
      "date_mouvement": "2026-03-12",
      "type_mouvement": "PAIEMENT",
      "sens": "DEBIT",
      "montant": "250.00",
      "libelle": "Paiement lot 06 - XYZ1",
      "commentaire": "",
      "paiement": 295,
      "depense": null,
      "recette": null
    }
  },
  {
    "model": "syndic.caissemouvement",
    "pk": 433,
    "fields": {
      "created_at": "2026-03-13T10:05:17.201Z",
      "updated_at": "2026-03-13T10:05:17.201Z",
      "residence": 14,
      "date_mouvement": "2026-03-12",
      "type_mouvement": "PAIEMENT",
      "sens": "DEBIT",
      "montant": "300.00",
      "libelle": "Paiement lot 07 - XYZ1",
      "commentaire": "",
      "paiement": 296,
      "depense": null,
      "recette": null
    }
  },
  {
    "model": "syndic.caissemouvement",
    "pk": 434,
    "fields": {
      "created_at": "2026-03-13T10:05:17.288Z",
      "updated_at": "2026-03-13T10:05:17.288Z",
      "residence": 14,
      "date_mouvement": "2026-03-12",
      "type_mouvement": "PAIEMENT",
      "sens": "DEBIT",
      "montant": "250.00",
      "libelle": "Paiement lot 08 - XYZ1",
      "commentaire": "",
      "paiement": 297,
      "depense": null,
      "recette": null
    }
  },
  {
    "model": "syndic.caissemouvement",
    "pk": 435,
    "fields": {
      "created_at": "2026-03-13T10:05:17.343Z",
      "updated_at": "2026-03-13T10:05:17.343Z",
      "residence": 14,
      "date_mouvement": "2026-03-12",
      "type_mouvement": "PAIEMENT",
      "sens": "DEBIT",
      "montant": "300.00",
      "libelle": "Paiement lot 09 - XYZ1",
      "commentaire": "",
      "paiement": 298,
      "depense": null,
      "recette": null
    }
  },
  {
    "model": "syndic.caissemouvement",
    "pk": 436,
    "fields": {
      "created_at": "2026-03-13T10:05:17.430Z",
      "updated_at": "2026-03-13T10:05:17.430Z",
      "residence": 14,
      "date_mouvement": "2026-03-12",
      "type_mouvement": "PAIEMENT",
      "sens": "DEBIT",
      "montant": "150.00",
      "libelle": "Paiement lot 02 - XYZ1",
      "commentaire": "",
      "paiement": 299,
      "depense": null,
      "recette": null
    }
  },
  {
    "model": "syndic.caissemouvement",
    "pk": 437,
    "fields": {
      "created_at": "2026-03-13T10:05:17.486Z",
      "updated_at": "2026-03-13T10:05:17.486Z",
      "residence": 14,
      "date_mouvement": "2026-03-12",
      "type_mouvement": "PAIEMENT",
      "sens": "DEBIT",
      "montant": "200.00",
      "libelle": "Paiement lot 07 - XYZ1",
      "commentaire": "",
      "paiement": 300,
      "depense": null,
      "recette": null
    }
  },
  {
    "model": "syndic.caissemouvement",
    "pk": 438,
    "fields": {
      "created_at": "2026-03-13T10:05:17.540Z",
      "updated_at": "2026-03-13T10:05:17.540Z",
      "residence": 14,
      "date_mouvement": "2026-03-06",
      "type_mouvement": "RECETTE",
      "sens": "DEBIT",
      "montant": "50.00",
      "libelle": "mm",
      "commentaire": "",
      "paiement": null,
      "depense": null,
      "recette": 23
    }
  },
  {
    "model": "syndic.caissemouvement",
    "pk": 439,
    "fields": {
      "created_at": "2026-03-13T10:33:29.787Z",
      "updated_at": "2026-03-13T10:33:29.787Z",
      "residence": 14,
      "date_mouvement": "2026-03-13",
      "type_mouvement": "PAIEMENT",
      "sens": "DEBIT",
      "montant": "100.00",
      "libelle": "Paiement lot 01 - XYZ1",
      "commentaire": "",
      "paiement": 301,
      "depense": null,
      "recette": null
    }
  },
  {
    "model": "syndic.caissemouvement",
    "pk": 440,
    "fields": {
      "created_at": "2026-03-13T10:33:44.006Z",
      "updated_at": "2026-03-13T10:33:44.006Z",
      "residence": 14,
      "date_mouvement": "2026-03-13",
      "type_mouvement": "PAIEMENT",
      "sens": "DEBIT",
      "montant": "50.00",
      "libelle": "Paiement lot 01 - XYZ1",
      "commentaire": "",
      "paiement": 302,
      "depense": null,
      "recette": null
    }
  },
  {
    "model": "syndic.caissemouvement",
    "pk": 441,
    "fields": {
      "created_at": "2026-03-13T10:33:58.528Z",
      "updated_at": "2026-03-13T10:33:58.528Z",
      "residence": 14,
      "date_mouvement": "2026-03-13",
      "type_mouvement": "PAIEMENT",
      "sens": "DEBIT",
      "montant": "10.00",
      "libelle": "Paiement lot 01 - XYZ1",
      "commentaire": "",
      "paiement": 303,
      "depense": null,
      "recette": null
    }
  },
  {
    "model": "syndic.caissemouvement",
    "pk": 442,
    "fields": {
      "created_at": "2026-03-13T10:34:06.316Z",
      "updated_at": "2026-03-13T10:34:06.316Z",
      "residence": 14,
      "date_mouvement": "2026-03-13",
      "type_mouvement": "PAIEMENT",
      "sens": "DEBIT",
      "montant": "20.00",
      "libelle": "Paiement lot 01 - XYZ1",
      "commentaire": "",
      "paiement": 304,
      "depense": null,
      "recette": null
    }
  },
  {
    "model": "syndic.caissemouvement",
    "pk": 443,
    "fields": {
      "created_at": "2026-03-13T10:34:12.811Z",
      "updated_at": "2026-03-13T10:34:12.811Z",
      "residence": 14,
      "date_mouvement": "2026-03-13",
      "type_mouvement": "PAIEMENT",
      "sens": "DEBIT",
      "montant": "20.00",
      "libelle": "Paiement lot 01 - XYZ1",
      "commentaire": "",
      "paiement": 305,
      "depense": null,
      "recette": null
    }
  },
  {
    "model": "syndic.caissemouvement",
    "pk": 444,
    "fields": {
      "created_at": "2026-03-13T10:34:19.580Z",
      "updated_at": "2026-03-13T10:34:19.580Z",
      "residence": 14,
      "date_mouvement": "2026-03-13",
      "type_mouvement": "PAIEMENT",
      "sens": "DEBIT",
      "montant": "20.00",
      "libelle": "Paiement lot 01 - XYZ1",
      "commentaire": "",
      "paiement": 306,
      "depense": null,
      "recette": null
    }
  },
  {
    "model": "syndic.caissemouvement",
    "pk": 445,
    "fields": {
      "created_at": "2026-03-13T10:34:25.664Z",
      "updated_at": "2026-03-13T10:34:25.665Z",
      "residence": 14,
      "date_mouvement": "2026-03-13",
      "type_mouvement": "PAIEMENT",
      "sens": "DEBIT",
      "montant": "20.00",
      "libelle": "Paiement lot 01 - XYZ1",
      "commentaire": "",
      "paiement": 307,
      "depense": null,
      "recette": null
    }
  },
  {
    "model": "syndic.caissemouvement",
    "pk": 446,
    "fields": {
      "created_at": "2026-03-13T10:34:31.866Z",
      "updated_at": "2026-03-13T10:34:31.866Z",
      "residence": 14,
      "date_mouvement": "2026-03-13",
      "type_mouvement": "PAIEMENT",
      "sens": "DEBIT",
      "montant": "20.00",
      "libelle": "Paiement lot 01 - XYZ1",
      "commentaire": "",
      "paiement": 308,
      "depense": null,
      "recette": null
    }
  },
  {
    "model": "syndic.caissemouvement",
    "pk": 447,
    "fields": {
      "created_at": "2026-03-13T10:34:38.283Z",
      "updated_at": "2026-03-13T10:34:38.283Z",
      "residence": 14,
      "date_mouvement": "2026-03-13",
      "type_mouvement": "PAIEMENT",
      "sens": "DEBIT",
      "montant": "20.00",
      "libelle": "Paiement lot 01 - XYZ1",
      "commentaire": "",
      "paiement": 309,
      "depense": null,
      "recette": null
    }
  },
  {
    "model": "syndic.caissemouvement",
    "pk": 448,
    "fields": {
      "created_at": "2026-03-13T10:34:45.388Z",
      "updated_at": "2026-03-13T10:34:45.388Z",
      "residence": 14,
      "date_mouvement": "2026-03-13",
      "type_mouvement": "PAIEMENT",
      "sens": "DEBIT",
      "montant": "20.00",
      "libelle": "Paiement lot 01 - XYZ1",
      "commentaire": "",
      "paiement": 310,
      "depense": null,
      "recette": null
    }
  },
  {
    "model": "syndic.recette",
    "pk": 1,
    "fields": {
      "created_at": "2026-03-05T23:34:54.714Z",
      "updated_at": "2026-03-05T23:34:54.714Z",
      "residence": 12,
      "compte": 5,
      "date_recette": "2026-03-05",
      "montant": "500.00",
      "libelle": "essai",
      "source": "",
      "commentaire": "",
      "mois": null
    }
  },
  {
    "model": "syndic.recette",
    "pk": 5,
    "fields": {
      "created_at": "2026-03-09T16:32:06.159Z",
      "updated_at": "2026-03-09T16:32:06.159Z",
      "residence": 1,
      "compte": 29,
      "date_recette": "2024-01-31",
      "montant": "1200.00",
      "libelle": "Subvention commune",
      "source": "Mairie",
      "commentaire": "",
      "mois": null
    }
  },
  {
    "model": "syndic.recette",
    "pk": 7,
    "fields": {
      "created_at": "2026-03-09T22:47:50.961Z",
      "updated_at": "2026-03-09T22:48:05.935Z",
      "residence": 16,
      "compte": 34,
      "date_recette": "2026-03-09",
      "montant": "2530.00",
      "libelle": "Non définis",
      "source": "",
      "commentaire": "",
      "mois": null
    }
  },
  {
    "model": "syndic.recette",
    "pk": 23,
    "fields": {
      "created_at": "2026-03-13T10:05:17.530Z",
      "updated_at": "2026-03-13T10:05:17.530Z",
      "residence": 14,
      "compte": 37,
      "date_recette": "2026-03-06",
      "montant": "50.00",
      "libelle": "mm",
      "source": "",
      "commentaire": "",
      "mois": ""
    }
  },
  {
    "model": "syndic.bureausyndical",
    "pk": 1,
    "fields": {
      "created_at": "2026-03-06T14:41:07.653Z",
      "updated_at": "2026-03-06T14:41:07.653Z",
      "residence": 12,
      "personne": 40,
      "fonction": "PRESIDENT",
      "date_debut": "2026-03-01",
      "date_fin": "2027-02-06",
      "actif": true
    }
  },
  {
    "model": "syndic.bureausyndical",
    "pk": 2,
    "fields": {
      "created_at": "2026-03-06T14:41:24.690Z",
      "updated_at": "2026-03-06T14:41:24.690Z",
      "residence": 12,
      "personne": 41,
      "fonction": "VICE_PRESIDENT",
      "date_debut": "2026-03-01",
      "date_fin": "2026-03-06",
      "actif": true
    }
  },
  {
    "model": "syndic.bureausyndical",
    "pk": 3,
    "fields": {
      "created_at": "2026-03-06T14:41:44.316Z",
      "updated_at": "2026-03-06T14:41:44.316Z",
      "residence": 12,
      "personne": 49,
      "fonction": "TRESORIER",
      "date_debut": "2026-03-01",
      "date_fin": "2028-08-06",
      "actif": true
    }
  },
  {
    "model": "syndic.bureausyndical",
    "pk": 4,
    "fields": {
      "created_at": "2026-03-06T14:42:08.302Z",
      "updated_at": "2026-03-06T14:42:08.302Z",
      "residence": 12,
      "personne": 48,
      "fonction": "MEMBRE",
      "date_debut": "2026-03-01",
      "date_fin": "2028-01-06",
      "actif": true
    }
  },
  {
    "model": "syndic.bureausyndical",
    "pk": 5,
    "fields": {
      "created_at": "2026-03-06T16:03:52.266Z",
      "updated_at": "2026-03-06T16:03:52.266Z",
      "residence": 12,
      "personne": 40,
      "fonction": "PRESIDENT",
      "date_debut": "2026-03-01",
      "date_fin": "2026-03-18",
      "actif": true
    }
  },
  {
    "model": "syndic.assembleegenerale",
    "pk": 1,
    "fields": {
      "created_at": "2026-03-06T14:43:47.513Z",
      "updated_at": "2026-03-06T14:43:47.513Z",
      "residence": 12,
      "date_ag": "2025-09-01",
      "type_ag": "ORDINAIRE",
      "statut": "TENUE",
      "ordre_du_jour": "Election Syndic\r\nCotisation Panneaux solaire\r\nRèglement Intérieur",
      "pv_document": "gouvernance/pv/rapport_qobba_20260306.pdf"
    }
  },
  {
    "model": "syndic.assembleegenerale",
    "pk": 2,
    "fields": {
      "created_at": "2026-03-06T16:12:21.332Z",
      "updated_at": "2026-03-06T16:12:21.332Z",
      "residence": 11,
      "date_ag": "2026-03-01",
      "type_ag": "ORDINAIRE",
      "statut": "TENUE",
      "ordre_du_jour": "",
      "pv_document": ""
    }
  },
  {
    "model": "syndic.assembleegenerale",
    "pk": 3,
    "fields": {
      "created_at": "2026-03-06T19:12:45.189Z",
      "updated_at": "2026-03-06T19:12:45.189Z",
      "residence": 11,
      "date_ag": "2026-03-27",
      "type_ag": "ORDINAIRE",
      "statut": "PLANIFIEE",
      "ordre_du_jour": "",
      "pv_document": ""
    }
  },
  {
    "model": "syndic.assembleegenerale",
    "pk": 4,
    "fields": {
      "created_at": "2026-03-06T19:28:25.882Z",
      "updated_at": "2026-03-06T19:28:25.882Z",
      "residence": 11,
      "date_ag": "2026-04-04",
      "type_ag": "ORDINAIRE",
      "statut": "TENUE",
      "ordre_du_jour": "",
      "pv_document": ""
    }
  },
  {
    "model": "syndic.assembleegenerale",
    "pk": 5,
    "fields": {
      "created_at": "2026-03-06T23:42:16.653Z",
      "updated_at": "2026-03-06T23:42:16.653Z",
      "residence": 14,
      "date_ag": "2025-10-01",
      "type_ag": "ORDINAIRE",
      "statut": "TENUE",
      "ordre_du_jour": "",
      "pv_document": ""
    }
  },
  {
    "model": "syndic.assembleegenerale",
    "pk": 6,
    "fields": {
      "created_at": "2026-03-09T16:17:10.986Z",
      "updated_at": "2026-03-09T16:17:10.986Z",
      "residence": 1,
      "date_ag": "2026-03-01",
      "type_ag": "ORDINAIRE",
      "statut": "PLANIFIEE",
      "ordre_du_jour": "",
      "pv_document": ""
    }
  },
  {
    "model": "syndic.assembleegenerale",
    "pk": 7,
    "fields": {
      "created_at": "2026-03-09T22:35:58.699Z",
      "updated_at": "2026-03-09T22:35:58.699Z",
      "residence": 16,
      "date_ag": "2026-03-01",
      "type_ag": "ORDINAIRE",
      "statut": "PLANIFIEE",
      "ordre_du_jour": "Rapport financier\nElection Syndic\nCotisation pour Panneaux solaires",
      "pv_document": ""
    }
  },
  {
    "model": "syndic.assembleegenerale",
    "pk": 8,
    "fields": {
      "created_at": "2026-03-12T21:13:56.751Z",
      "updated_at": "2026-03-12T21:13:56.752Z",
      "residence": 14,
      "date_ag": "2026-03-26",
      "type_ag": "ORDINAIRE",
      "statut": "TENUE",
      "ordre_du_jour": "a\nb\nc",
      "pv_document": ""
    }
  },
  {
    "model": "syndic.resolution",
    "pk": 1,
    "fields": {
      "created_at": "2026-03-06T14:45:17.414Z",
      "updated_at": "2026-03-06T14:45:17.414Z",
      "assemblee_generale": 1,
      "numero": 1,
      "titre": "Panneaux Solaires",
      "description": "Installation Panneaux Solaire",
      "voix_pour": 50,
      "voix_contre": 4,
      "abstention": 20,
      "resultat": "ADOPTEE"
    }
  },
  {
    "model": "syndic.resolution",
    "pk": 2,
    "fields": {
      "created_at": "2026-03-06T19:11:41.462Z",
      "updated_at": "2026-03-06T19:11:41.462Z",
      "assemblee_generale": 2,
      "numero": 2,
      "titre": "Election BS",
      "description": "",
      "voix_pour": 100,
      "voix_contre": 2,
      "abstention": 0,
      "resultat": "ADOPTEE"
    }
  },
  {
    "model": "syndic.resolution",
    "pk": 3,
    "fields": {
      "created_at": "2026-03-06T19:12:15.445Z",
      "updated_at": "2026-03-06T19:12:15.445Z",
      "assemblee_generale": 2,
      "numero": 3,
      "titre": "saq",
      "description": "",
      "voix_pour": 0,
      "voix_contre": 0,
      "abstention": 0,
      "resultat": "ADOPTEE"
    }
  },
  {
    "model": "syndic.resolution",
    "pk": 4,
    "fields": {
      "created_at": "2026-03-06T23:44:20.942Z",
      "updated_at": "2026-03-06T23:44:20.942Z",
      "assemblee_generale": 5,
      "numero": 1,
      "titre": "Achat panneaux solaires",
      "description": "",
      "voix_pour": 10,
      "voix_contre": 0,
      "abstention": 0,
      "resultat": "ADOPTEE"
    }
  },
  {
    "model": "syndic.resolution",
    "pk": 5,
    "fields": {
      "created_at": "2026-03-06T23:44:59.060Z",
      "updated_at": "2026-03-06T23:44:59.060Z",
      "assemblee_generale": 5,
      "numero": 2,
      "titre": "Respect horaires piscine",
      "description": "",
      "voix_pour": 8,
      "voix_contre": 2,
      "abstention": 2,
      "resultat": "ADOPTEE"
    }
  },
  {
    "model": "syndic.resolution",
    "pk": 6,
    "fields": {
      "created_at": "2026-03-09T16:19:00.858Z",
      "updated_at": "2026-03-09T16:19:00.858Z",
      "assemblee_generale": 6,
      "numero": 1,
      "titre": "essai",
      "description": "",
      "voix_pour": 1,
      "voix_contre": 1,
      "abstention": 0,
      "resultat": "ADOPTEE"
    }
  },
  {
    "model": "syndic.resolution",
    "pk": 7,
    "fields": {
      "created_at": "2026-03-09T22:36:43.206Z",
      "updated_at": "2026-03-09T22:36:43.206Z",
      "assemblee_generale": 7,
      "numero": 1,
      "titre": "1000 Dirhams par appartement pour panneaux solaires",
      "description": "",
      "voix_pour": 40,
      "voix_contre": 0,
      "abstention": 10,
      "resultat": "ADOPTEE"
    }
  },
  {
    "model": "syndic.resolution",
    "pk": 8,
    "fields": {
      "created_at": "2026-03-09T22:37:21.020Z",
      "updated_at": "2026-03-09T22:37:21.020Z",
      "assemblee_generale": 7,
      "numero": 2,
      "titre": "Abdeslam ->Syndic",
      "description": "",
      "voix_pour": 50,
      "voix_contre": 4,
      "abstention": 10,
      "resultat": "ADOPTEE"
    }
  },
  {
    "model": "syndic.resolution",
    "pk": 9,
    "fields": {
      "created_at": "2026-03-09T22:38:00.171Z",
      "updated_at": "2026-03-09T22:38:00.171Z",
      "assemblee_generale": 7,
      "numero": 3,
      "titre": "Accès pour une voiture uniquement",
      "description": "",
      "voix_pour": 55,
      "voix_contre": 0,
      "abstention": 0,
      "resultat": "ADOPTEE"
    }
  },
  {
    "model": "syndic.resolution",
    "pk": 10,
    "fields": {
      "created_at": "2026-03-12T21:16:07.107Z",
      "updated_at": "2026-03-12T21:16:07.107Z",
      "assemblee_generale": 8,
      "numero": 1,
      "titre": "achat pompe",
      "description": "",
      "voix_pour": 45,
      "voix_contre": 2,
      "abstention": 0,
      "resultat": "ADOPTEE"
    }
  },
  {
    "model": "syndic.mandatbureausyndical",
    "pk": 1,
    "fields": {
      "created_at": "2026-03-06T19:29:52.509Z",
      "updated_at": "2026-03-06T19:30:25.135Z",
      "residence": 11,
      "assemblee_generale": 4,
      "date_debut": "2026-03-01",
      "date_fin": "2028-03-06",
      "actif": false
    }
  },
  {
    "model": "syndic.mandatbureausyndical",
    "pk": 2,
    "fields": {
      "created_at": "2026-03-06T22:03:14.736Z",
      "updated_at": "2026-03-06T22:03:14.736Z",
      "residence": 12,
      "assemblee_generale": 1,
      "date_debut": "2026-03-01",
      "date_fin": "2029-01-01",
      "actif": true
    }
  },
  {
    "model": "syndic.mandatbureausyndical",
    "pk": 3,
    "fields": {
      "created_at": "2026-03-06T23:43:25.713Z",
      "updated_at": "2026-03-12T21:14:15.180Z",
      "residence": 14,
      "assemblee_generale": 5,
      "date_debut": "2025-09-01",
      "date_fin": "2027-09-01",
      "actif": false
    }
  },
  {
    "model": "syndic.mandatbureausyndical",
    "pk": 4,
    "fields": {
      "created_at": "2026-03-09T16:17:39.597Z",
      "updated_at": "2026-03-09T16:17:56.113Z",
      "residence": 1,
      "assemblee_generale": 6,
      "date_debut": "2026-03-01",
      "date_fin": "2026-03-28",
      "actif": false
    }
  },
  {
    "model": "syndic.mandatbureausyndical",
    "pk": 5,
    "fields": {
      "created_at": "2026-03-09T16:18:24.448Z",
      "updated_at": "2026-03-09T16:18:24.448Z",
      "residence": 1,
      "assemblee_generale": 6,
      "date_debut": "2026-03-01",
      "date_fin": "2026-03-27",
      "actif": true
    }
  },
  {
    "model": "syndic.mandatbureausyndical",
    "pk": 6,
    "fields": {
      "created_at": "2026-03-09T22:41:17.035Z",
      "updated_at": "2026-03-09T22:41:17.035Z",
      "residence": 16,
      "assemblee_generale": 7,
      "date_debut": "2025-11-01",
      "date_fin": "2026-07-31",
      "actif": true
    }
  },
  {
    "model": "syndic.mandatbureausyndical",
    "pk": 7,
    "fields": {
      "created_at": "2026-03-12T21:15:23.096Z",
      "updated_at": "2026-03-12T21:15:23.096Z",
      "residence": 14,
      "assemblee_generale": 8,
      "date_debut": "2026-03-01",
      "date_fin": "2026-09-01",
      "actif": true
    }
  },
  {
    "model": "syndic.mandatbureaumembre",
    "pk": 1,
    "fields": {
      "created_at": "2026-03-06T19:29:52.779Z",
      "updated_at": "2026-03-06T19:29:52.779Z",
      "mandat": 1,
      "personne": 12,
      "fonction": "PRESIDENT"
    }
  },
  {
    "model": "syndic.mandatbureaumembre",
    "pk": 2,
    "fields": {
      "created_at": "2026-03-06T19:29:53.052Z",
      "updated_at": "2026-03-06T19:29:53.052Z",
      "mandat": 1,
      "personne": 13,
      "fonction": "VICE_PRESIDENT"
    }
  },
  {
    "model": "syndic.mandatbureaumembre",
    "pk": 3,
    "fields": {
      "created_at": "2026-03-06T19:29:53.319Z",
      "updated_at": "2026-03-06T19:29:53.319Z",
      "mandat": 1,
      "personne": 15,
      "fonction": "TRESORIER"
    }
  },
  {
    "model": "syndic.mandatbureaumembre",
    "pk": 4,
    "fields": {
      "created_at": "2026-03-06T22:03:15.024Z",
      "updated_at": "2026-03-06T22:03:15.024Z",
      "mandat": 2,
      "personne": 40,
      "fonction": "PRESIDENT"
    }
  },
  {
    "model": "syndic.mandatbureaumembre",
    "pk": 5,
    "fields": {
      "created_at": "2026-03-06T22:03:15.292Z",
      "updated_at": "2026-03-06T22:03:15.292Z",
      "mandat": 2,
      "personne": 41,
      "fonction": "VICE_PRESIDENT"
    }
  },
  {
    "model": "syndic.mandatbureaumembre",
    "pk": 6,
    "fields": {
      "created_at": "2026-03-06T22:03:15.545Z",
      "updated_at": "2026-03-06T22:03:15.545Z",
      "mandat": 2,
      "personne": 48,
      "fonction": "TRESORIER"
    }
  },
  {
    "model": "syndic.mandatbureaumembre",
    "pk": 7,
    "fields": {
      "created_at": "2026-03-06T22:03:15.821Z",
      "updated_at": "2026-03-06T22:03:15.821Z",
      "mandat": 2,
      "personne": 49,
      "fonction": "MEMBRE"
    }
  },
  {
    "model": "syndic.mandatbureaumembre",
    "pk": 8,
    "fields": {
      "created_at": "2026-03-06T23:43:26.012Z",
      "updated_at": "2026-03-06T23:43:26.013Z",
      "mandat": 3,
      "personne": 51,
      "fonction": "PRESIDENT"
    }
  },
  {
    "model": "syndic.mandatbureaumembre",
    "pk": 9,
    "fields": {
      "created_at": "2026-03-06T23:43:26.273Z",
      "updated_at": "2026-03-06T23:43:26.273Z",
      "mandat": 3,
      "personne": 52,
      "fonction": "VICE_PRESIDENT"
    }
  },
  {
    "model": "syndic.mandatbureaumembre",
    "pk": 10,
    "fields": {
      "created_at": "2026-03-06T23:43:26.538Z",
      "updated_at": "2026-03-06T23:43:26.538Z",
      "mandat": 3,
      "personne": 53,
      "fonction": "TRESORIER"
    }
  },
  {
    "model": "syndic.mandatbureaumembre",
    "pk": 11,
    "fields": {
      "created_at": "2026-03-06T23:43:26.792Z",
      "updated_at": "2026-03-06T23:43:26.792Z",
      "mandat": 3,
      "personne": 55,
      "fonction": "MEMBRE"
    }
  },
  {
    "model": "syndic.mandatbureaumembre",
    "pk": 12,
    "fields": {
      "created_at": "2026-03-06T23:43:27.080Z",
      "updated_at": "2026-03-06T23:43:27.080Z",
      "mandat": 3,
      "personne": 57,
      "fonction": "MEMBRE"
    }
  },
  {
    "model": "syndic.mandatbureaumembre",
    "pk": 13,
    "fields": {
      "created_at": "2026-03-06T23:43:27.339Z",
      "updated_at": "2026-03-06T23:43:27.339Z",
      "mandat": 3,
      "personne": 61,
      "fonction": "MEMBRE"
    }
  },
  {
    "model": "syndic.mandatbureaumembre",
    "pk": 14,
    "fields": {
      "created_at": "2026-03-09T16:17:39.871Z",
      "updated_at": "2026-03-09T16:17:39.871Z",
      "mandat": 4,
      "personne": 7,
      "fonction": "MEMBRE"
    }
  },
  {
    "model": "syndic.mandatbureaumembre",
    "pk": 15,
    "fields": {
      "created_at": "2026-03-09T16:17:40.132Z",
      "updated_at": "2026-03-09T16:17:40.132Z",
      "mandat": 4,
      "personne": 3,
      "fonction": "VICE_PRESIDENT"
    }
  },
  {
    "model": "syndic.mandatbureaumembre",
    "pk": 16,
    "fields": {
      "created_at": "2026-03-09T16:17:40.389Z",
      "updated_at": "2026-03-09T16:17:40.389Z",
      "mandat": 4,
      "personne": 2,
      "fonction": "TRESORIER"
    }
  },
  {
    "model": "syndic.mandatbureaumembre",
    "pk": 17,
    "fields": {
      "created_at": "2026-03-09T16:18:24.729Z",
      "updated_at": "2026-03-09T16:18:24.729Z",
      "mandat": 5,
      "personne": 1,
      "fonction": "VICE_PRESIDENT"
    }
  },
  {
    "model": "syndic.mandatbureaumembre",
    "pk": 18,
    "fields": {
      "created_at": "2026-03-09T16:18:25.006Z",
      "updated_at": "2026-03-09T16:18:25.006Z",
      "mandat": 5,
      "personne": 27,
      "fonction": "TRESORIER"
    }
  },
  {
    "model": "syndic.mandatbureaumembre",
    "pk": 19,
    "fields": {
      "created_at": "2026-03-09T22:41:17.303Z",
      "updated_at": "2026-03-09T22:41:17.303Z",
      "mandat": 6,
      "personne": 86,
      "fonction": "PRESIDENT"
    }
  },
  {
    "model": "syndic.mandatbureaumembre",
    "pk": 20,
    "fields": {
      "created_at": "2026-03-09T22:41:17.577Z",
      "updated_at": "2026-03-09T22:41:17.578Z",
      "mandat": 6,
      "personne": 87,
      "fonction": "VICE_PRESIDENT"
    }
  },
  {
    "model": "syndic.mandatbureaumembre",
    "pk": 21,
    "fields": {
      "created_at": "2026-03-09T22:41:17.840Z",
      "updated_at": "2026-03-09T22:41:17.840Z",
      "mandat": 6,
      "personne": 88,
      "fonction": "TRESORIER"
    }
  },
  {
    "model": "syndic.mandatbureaumembre",
    "pk": 22,
    "fields": {
      "created_at": "2026-03-09T22:41:18.102Z",
      "updated_at": "2026-03-09T22:41:18.102Z",
      "mandat": 6,
      "personne": 89,
      "fonction": "MEMBRE"
    }
  },
  {
    "model": "syndic.mandatbureaumembre",
    "pk": 23,
    "fields": {
      "created_at": "2026-03-12T21:15:23.353Z",
      "updated_at": "2026-03-12T21:15:23.353Z",
      "mandat": 7,
      "personne": 61,
      "fonction": "PRESIDENT"
    }
  },
  {
    "model": "syndic.mandatbureaumembre",
    "pk": 24,
    "fields": {
      "created_at": "2026-03-12T21:15:23.707Z",
      "updated_at": "2026-03-12T21:15:23.707Z",
      "mandat": 7,
      "personne": 53,
      "fonction": "VICE_PRESIDENT"
    }
  },
  {
    "model": "syndic.mandatbureaumembre",
    "pk": 25,
    "fields": {
      "created_at": "2026-03-12T21:15:23.960Z",
      "updated_at": "2026-03-12T21:15:23.960Z",
      "mandat": 7,
      "personne": 91,
      "fonction": "MEMBRE"
    }
  },
  {
    "model": "syndic.mandatbureaumembre",
    "pk": 26,
    "fields": {
      "created_at": "2026-03-12T21:15:24.219Z",
      "updated_at": "2026-03-12T21:15:24.219Z",
      "mandat": 7,
      "personne": 62,
      "fonction": "MEMBRE"
    }
  },
  {
    "model": "syndic.mandatbureaumembre",
    "pk": 27,
    "fields": {
      "created_at": "2026-03-12T21:15:24.509Z",
      "updated_at": "2026-03-12T21:15:24.509Z",
      "mandat": 7,
      "personne": 60,
      "fonction": "TRESORIER"
    }
  },
  {
    "model": "syndic.documentgouvernance",
    "pk": 1,
    "fields": {
      "created_at": "2026-03-06T14:46:14.536Z",
      "updated_at": "2026-03-06T14:46:14.536Z",
      "residence": 12,
      "type_document": "AUTRE",
      "titre": "Loi 18.00",
      "fichier": "gouvernance/documents/rapport_qobba_20260306.pdf",
      "date": "2026-03-06",
      "visible_resident": false
    }
  },
  {
    "model": "syndic.documentgouvernance",
    "pk": 2,
    "fields": {
      "created_at": "2026-03-06T23:45:32.184Z",
      "updated_at": "2026-03-06T23:46:24.068Z",
      "residence": 14,
      "type_document": "PV",
      "titre": "PV",
      "fichier": "gouvernance/documents/Article_X.pdf",
      "date": "2026-03-06",
      "visible_resident": true
    }
  },
  {
    "model": "syndic.documentgouvernance",
    "pk": 3,
    "fields": {
      "created_at": "2026-03-09T16:38:57.637Z",
      "updated_at": "2026-03-09T16:38:57.637Z",
      "residence": 1,
      "type_document": "CONTRAT",
      "titre": "eau",
      "fichier": "gouvernance/documents/Invoice-P975TKQA-0001.pdf",
      "date": "2026-03-09",
      "visible_resident": false
    }
  },
  {
    "model": "syndic.documentgouvernance",
    "pk": 4,
    "fields": {
      "created_at": "2026-03-09T22:13:37.016Z",
      "updated_at": "2026-03-09T22:14:23.536Z",
      "residence": 15,
      "type_document": "CONTRAT",
      "titre": "Contrat securite",
      "fichier": "gouvernance/documents/agfa_film-brochure.PDF",
      "date": "2026-03-09",
      "visible_resident": false
    }
  },
  {
    "model": "syndic.documentgouvernance",
    "pk": 5,
    "fields": {
      "created_at": "2026-03-09T22:39:33.336Z",
      "updated_at": "2026-03-09T22:39:33.336Z",
      "residence": 16,
      "type_document": "AUTRE",
      "titre": "Loi 18.00",
      "fichier": "gouvernance/documents/Règlement_Intérieur_Sommaire.pdf",
      "date": "2026-03-09",
      "visible_resident": false
    }
  },
  {
    "model": "syndic.documentgouvernance",
    "pk": 6,
    "fields": {
      "created_at": "2026-03-09T22:40:14.803Z",
      "updated_at": "2026-03-09T22:40:14.803Z",
      "residence": 16,
      "type_document": "AUTRE",
      "titre": "Contrat Jardienage",
      "fichier": "gouvernance/documents/Claude.docx",
      "date": "2026-03-09",
      "visible_resident": false
    }
  },
  {
    "model": "syndic.documentgouvernance",
    "pk": 7,
    "fields": {
      "created_at": "2026-03-11T17:40:09.949Z",
      "updated_at": "2026-03-12T21:20:15.833Z",
      "residence": 14,
      "type_document": "AUTRE",
      "titre": "Les règles comptables spécifiques aux syndicats des copropriétaires",
      "fichier": "gouvernance/documents/Règles_comptables_spécifiques_aux_syndicats_des_copropriétaires_Fr_VD.pdf",
      "date": "2026-03-11",
      "visible_resident": true
    }
  },
  {
    "model": "syndic.travaux",
    "pk": 1,
    "fields": {
      "residence": 14,
      "date_travaux": "2026-03-11",
      "nature": "facade",
      "description": "",
      "montant": "560.00",
      "fournisseur": null,
      "statut": "EN_COURS",
      "commentaire": ""
    }
  },
  {
    "model": "syndic.notification",
    "pk": 10,
    "fields": {
      "residence": 14,
      "lot": 89,
      "personne": null,
      "date_notification": "2026-03-12T12:04:12.652Z",
      "type_notification": "SMS",
      "titre": "Rappel de paiement",
      "message": "Cher(e) propriétaire du Lot 01, nous vous informons qu'un solde de 1500.00 MAD est en attente de règlement. Merci de régulariser votre situation dans les meilleurs délais.  Syndic",
      "montant_du": "1500.00",
      "statut": "ENVOYE"
    }
  },
  {
    "model": "syndic.notification",
    "pk": 11,
    "fields": {
      "residence": 14,
      "lot": 92,
      "personne": null,
      "date_notification": "2026-03-12T12:04:15.373Z",
      "type_notification": "SMS",
      "titre": "Rappel de paiement",
      "message": "Cher(e) propriétaire du Lot 04, nous vous informons qu'un solde de 1500.00 MAD est en attente de règlement. Merci de régulariser votre situation dans les meilleurs délais.  Syndic",
      "montant_du": "1500.00",
      "statut": "ENVOYE"
    }
  },
  {
    "model": "syndic.notification",
    "pk": 12,
    "fields": {
      "residence": 14,
      "lot": 96,
      "personne": null,
      "date_notification": "2026-03-12T12:04:19.763Z",
      "type_notification": "SMS",
      "titre": "Rappel de paiement",
      "message": "Cher(e) propriétaire du Lot 08, nous vous informons qu'un solde de 1000.00 MAD est en attente de règlement. Merci de régulariser votre situation dans les meilleurs délais.  Syndic",
      "montant_du": "1000.00",
      "statut": "LU"
    }
  },
  {
    "model": "syndic.notification",
    "pk": 13,
    "fields": {
      "residence": 14,
      "lot": 96,
      "personne": null,
      "date_notification": "2026-03-12T22:27:06.684Z",
      "type_notification": "SMS",
      "titre": "Rappel de paiement",
      "message": "Cher(e) propriétaire du Lot 08, nous vous informons qu'un solde de 1750.00 MAD est en attente de règlement. Merci de régulariser votre situation dans les meilleurs délais.  Syndic",
      "montant_du": "1750.00",
      "statut": "LU"
    }
  },
  {
    "model": "syndic.notification",
    "pk": 14,
    "fields": {
      "residence": 14,
      "lot": 91,
      "personne": null,
      "date_notification": "2026-03-12T22:28:07.066Z",
      "type_notification": "SMS",
      "titre": "Rappel de paiement",
      "message": "Cher(e) propriétaire du Lot 03, nous vous informons qu'un solde de 1750.00 MAD est en attente de règlement. Merci de régulariser votre situation dans les meilleurs délais.  Syndic",
      "montant_du": "1750.00",
      "statut": "ENVOYE"
    }
  },
  {
    "model": "syndic.notification",
    "pk": 15,
    "fields": {
      "residence": 14,
      "lot": 90,
      "personne": null,
      "date_notification": "2026-03-13T11:53:44.793Z",
      "type_notification": "SMS",
      "titre": "Rappel de paiement",
      "message": "bonjoue",
      "montant_du": "900.00",
      "statut": "ENVOYE"
    }
  },
  {
    "model": "syndic.messageresident",
    "pk": 1,
    "fields": {
      "created_at": "2026-03-12T12:14:05.625Z",
      "updated_at": "2026-03-12T22:25:56.383Z",
      "residence": 14,
      "lot": 96,
      "expediteur": [
        "XYZ1_08"
      ],
      "objet": "Fuite d'eau",
      "message": "bonjour j'ai une fuite d'eau",
      "statut": "RESOLU",
      "reponse": "ok fais une douche"
    }
  },
  {
    "model": "syndic.messageresident",
    "pk": 2,
    "fields": {
      "created_at": "2026-03-12T22:24:06.237Z",
      "updated_at": "2026-03-12T22:25:26.823Z",
      "residence": 14,
      "lot": 93,
      "expediteur": [
        "XYZ1_05"
      ],
      "objet": "bonjour",
      "message": "salut",
      "statut": "EN_COURS",
      "reponse": ""
    }
  },
  {
    "model": "admin.logentry",
    "pk": 1,
    "fields": {
      "action_time": "2026-02-26T15:28:57.254Z",
      "user": [
        "mohamed"
      ],
      "content_type": [
        "syndic",
        "residence"
      ],
      "object_id": "1",
      "object_repr": "NOUR",
      "action_flag": 1,
      "change_message": "[{\"added\": {}}]"
    }
  },
  {
    "model": "admin.logentry",
    "pk": 2,
    "fields": {
      "action_time": "2026-02-26T15:29:17.390Z",
      "user": [
        "mohamed"
      ],
      "content_type": [
        "syndic",
        "residence"
      ],
      "object_id": "2",
      "object_repr": "OCEANIC",
      "action_flag": 1,
      "change_message": "[{\"added\": {}}]"
    }
  },
  {
    "model": "admin.logentry",
    "pk": 3,
    "fields": {
      "action_time": "2026-02-26T15:29:27.719Z",
      "user": [
        "mohamed"
      ],
      "content_type": [
        "syndic",
        "residence"
      ],
      "object_id": "3",
      "object_repr": "HMAD",
      "action_flag": 1,
      "change_message": "[{\"added\": {}}]"
    }
  },
  {
    "model": "admin.logentry",
    "pk": 4,
    "fields": {
      "action_time": "2026-02-26T15:29:37.351Z",
      "user": [
        "mohamed"
      ],
      "content_type": [
        "syndic",
        "residence"
      ],
      "object_id": "4",
      "object_repr": "JAWHARA",
      "action_flag": 1,
      "change_message": "[{\"added\": {}}]"
    }
  },
  {
    "model": "admin.logentry",
    "pk": 5,
    "fields": {
      "action_time": "2026-02-26T15:29:53.878Z",
      "user": [
        "mohamed"
      ],
      "content_type": [
        "syndic",
        "lot"
      ],
      "object_id": "1",
      "object_repr": "1 - NOUR",
      "action_flag": 1,
      "change_message": "[{\"added\": {}}]"
    }
  },
  {
    "model": "admin.logentry",
    "pk": 6,
    "fields": {
      "action_time": "2026-02-26T15:30:01.199Z",
      "user": [
        "mohamed"
      ],
      "content_type": [
        "syndic",
        "lot"
      ],
      "object_id": "2",
      "object_repr": "2 - NOUR",
      "action_flag": 1,
      "change_message": "[{\"added\": {}}]"
    }
  },
  {
    "model": "admin.logentry",
    "pk": 7,
    "fields": {
      "action_time": "2026-02-26T15:30:07.776Z",
      "user": [
        "mohamed"
      ],
      "content_type": [
        "syndic",
        "lot"
      ],
      "object_id": "3",
      "object_repr": "3 - NOUR",
      "action_flag": 1,
      "change_message": "[{\"added\": {}}]"
    }
  },
  {
    "model": "admin.logentry",
    "pk": 8,
    "fields": {
      "action_time": "2026-02-26T15:30:15.644Z",
      "user": [
        "mohamed"
      ],
      "content_type": [
        "syndic",
        "lot"
      ],
      "object_id": "4",
      "object_repr": "4 - NOUR",
      "action_flag": 1,
      "change_message": "[{\"added\": {}}]"
    }
  },
  {
    "model": "admin.logentry",
    "pk": 9,
    "fields": {
      "action_time": "2026-02-26T15:30:22.151Z",
      "user": [
        "mohamed"
      ],
      "content_type": [
        "syndic",
        "lot"
      ],
      "object_id": "5",
      "object_repr": "5 - NOUR",
      "action_flag": 1,
      "change_message": "[{\"added\": {}}]"
    }
  },
  {
    "model": "admin.logentry",
    "pk": 10,
    "fields": {
      "action_time": "2026-02-26T15:30:36.989Z",
      "user": [
        "mohamed"
      ],
      "content_type": [
        "syndic",
        "lot"
      ],
      "object_id": "6",
      "object_repr": "6 - NOUR",
      "action_flag": 1,
      "change_message": "[{\"added\": {}}]"
    }
  },
  {
    "model": "admin.logentry",
    "pk": 11,
    "fields": {
      "action_time": "2026-02-26T15:30:43.961Z",
      "user": [
        "mohamed"
      ],
      "content_type": [
        "syndic",
        "lot"
      ],
      "object_id": "7",
      "object_repr": "7 - NOUR",
      "action_flag": 1,
      "change_message": "[{\"added\": {}}]"
    }
  },
  {
    "model": "admin.logentry",
    "pk": 12,
    "fields": {
      "action_time": "2026-02-26T15:30:50.818Z",
      "user": [
        "mohamed"
      ],
      "content_type": [
        "syndic",
        "lot"
      ],
      "object_id": "8",
      "object_repr": "8 - NOUR",
      "action_flag": 1,
      "change_message": "[{\"added\": {}}]"
    }
  },
  {
    "model": "admin.logentry",
    "pk": 13,
    "fields": {
      "action_time": "2026-02-26T15:31:16.110Z",
      "user": [
        "mohamed"
      ],
      "content_type": [
        "syndic",
        "lot"
      ],
      "object_id": "9",
      "object_repr": "9 - NOUR",
      "action_flag": 1,
      "change_message": "[{\"added\": {}}]"
    }
  },
  {
    "model": "admin.logentry",
    "pk": 14,
    "fields": {
      "action_time": "2026-02-26T15:31:23.054Z",
      "user": [
        "mohamed"
      ],
      "content_type": [
        "syndic",
        "lot"
      ],
      "object_id": "10",
      "object_repr": "10 - NOUR",
      "action_flag": 1,
      "change_message": "[{\"added\": {}}]"
    }
  },
  {
    "model": "admin.logentry",
    "pk": 15,
    "fields": {
      "action_time": "2026-02-26T15:31:47.744Z",
      "user": [
        "mohamed"
      ],
      "content_type": [
        "syndic",
        "lot"
      ],
      "object_id": "11",
      "object_repr": "A1-1 - OCEANIC",
      "action_flag": 1,
      "change_message": "[{\"added\": {}}]"
    }
  },
  {
    "model": "admin.logentry",
    "pk": 16,
    "fields": {
      "action_time": "2026-02-26T15:31:57.275Z",
      "user": [
        "mohamed"
      ],
      "content_type": [
        "syndic",
        "lot"
      ],
      "object_id": "12",
      "object_repr": "A1-2 - OCEANIC",
      "action_flag": 1,
      "change_message": "[{\"added\": {}}]"
    }
  },
  {
    "model": "admin.logentry",
    "pk": 17,
    "fields": {
      "action_time": "2026-02-26T15:32:05.104Z",
      "user": [
        "mohamed"
      ],
      "content_type": [
        "syndic",
        "lot"
      ],
      "object_id": "13",
      "object_repr": "A1-3 - OCEANIC",
      "action_flag": 1,
      "change_message": "[{\"added\": {}}]"
    }
  },
  {
    "model": "admin.logentry",
    "pk": 18,
    "fields": {
      "action_time": "2026-02-26T15:32:16.153Z",
      "user": [
        "mohamed"
      ],
      "content_type": [
        "syndic",
        "lot"
      ],
      "object_id": "14",
      "object_repr": "A1-4 - OCEANIC",
      "action_flag": 1,
      "change_message": "[{\"added\": {}}]"
    }
  },
  {
    "model": "admin.logentry",
    "pk": 19,
    "fields": {
      "action_time": "2026-02-26T15:32:27.350Z",
      "user": [
        "mohamed"
      ],
      "content_type": [
        "syndic",
        "lot"
      ],
      "object_id": "15",
      "object_repr": "A1-5 - OCEANIC",
      "action_flag": 1,
      "change_message": "[{\"added\": {}}]"
    }
  },
  {
    "model": "admin.logentry",
    "pk": 20,
    "fields": {
      "action_time": "2026-02-26T15:32:55.077Z",
      "user": [
        "mohamed"
      ],
      "content_type": [
        "syndic",
        "lot"
      ],
      "object_id": "16",
      "object_repr": "H1 - JAWHARA",
      "action_flag": 1,
      "change_message": "[{\"added\": {}}]"
    }
  },
  {
    "model": "admin.logentry",
    "pk": 21,
    "fields": {
      "action_time": "2026-02-26T15:33:04.702Z",
      "user": [
        "mohamed"
      ],
      "content_type": [
        "syndic",
        "lot"
      ],
      "object_id": "17",
      "object_repr": "H2 - JAWHARA",
      "action_flag": 1,
      "change_message": "[{\"added\": {}}]"
    }
  },
  {
    "model": "admin.logentry",
    "pk": 22,
    "fields": {
      "action_time": "2026-02-26T15:33:13.430Z",
      "user": [
        "mohamed"
      ],
      "content_type": [
        "syndic",
        "lot"
      ],
      "object_id": "18",
      "object_repr": "H3 - JAWHARA",
      "action_flag": 1,
      "change_message": "[{\"added\": {}}]"
    }
  },
  {
    "model": "admin.logentry",
    "pk": 23,
    "fields": {
      "action_time": "2026-02-26T15:33:22.124Z",
      "user": [
        "mohamed"
      ],
      "content_type": [
        "syndic",
        "lot"
      ],
      "object_id": "19",
      "object_repr": "H4 - JAWHARA",
      "action_flag": 1,
      "change_message": "[{\"added\": {}}]"
    }
  },
  {
    "model": "admin.logentry",
    "pk": 24,
    "fields": {
      "action_time": "2026-02-26T15:33:30.658Z",
      "user": [
        "mohamed"
      ],
      "content_type": [
        "syndic",
        "lot"
      ],
      "object_id": "20",
      "object_repr": "H5 - JAWHARA",
      "action_flag": 1,
      "change_message": "[{\"added\": {}}]"
    }
  },
  {
    "model": "admin.logentry",
    "pk": 25,
    "fields": {
      "action_time": "2026-02-26T15:33:40.722Z",
      "user": [
        "mohamed"
      ],
      "content_type": [
        "syndic",
        "lot"
      ],
      "object_id": "21",
      "object_repr": "H6 - JAWHARA",
      "action_flag": 1,
      "change_message": "[{\"added\": {}}]"
    }
  },
  {
    "model": "admin.logentry",
    "pk": 26,
    "fields": {
      "action_time": "2026-02-26T15:35:39.596Z",
      "user": [
        "mohamed"
      ],
      "content_type": [
        "syndic",
        "lot"
      ],
      "object_id": "21",
      "object_repr": "H6 - JAWHARA",
      "action_flag": 2,
      "change_message": "[{\"changed\": {\"fields\": [\"Type lot\"]}}]"
    }
  },
  {
    "model": "admin.logentry",
    "pk": 27,
    "fields": {
      "action_time": "2026-02-26T15:35:49.531Z",
      "user": [
        "mohamed"
      ],
      "content_type": [
        "syndic",
        "lot"
      ],
      "object_id": "21",
      "object_repr": "H6 - JAWHARA",
      "action_flag": 2,
      "change_message": "[]"
    }
  },
  {
    "model": "admin.logentry",
    "pk": 28,
    "fields": {
      "action_time": "2026-02-26T15:36:23.137Z",
      "user": [
        "mohamed"
      ],
      "content_type": [
        "syndic",
        "lot"
      ],
      "object_id": "20",
      "object_repr": "H5 - JAWHARA",
      "action_flag": 2,
      "change_message": "[{\"changed\": {\"fields\": [\"Type lot\"]}}]"
    }
  },
  {
    "model": "admin.logentry",
    "pk": 29,
    "fields": {
      "action_time": "2026-02-26T15:36:32.135Z",
      "user": [
        "mohamed"
      ],
      "content_type": [
        "syndic",
        "lot"
      ],
      "object_id": "19",
      "object_repr": "H4 - JAWHARA",
      "action_flag": 2,
      "change_message": "[{\"changed\": {\"fields\": [\"Type lot\"]}}]"
    }
  },
  {
    "model": "admin.logentry",
    "pk": 30,
    "fields": {
      "action_time": "2026-02-26T15:36:41.887Z",
      "user": [
        "mohamed"
      ],
      "content_type": [
        "syndic",
        "lot"
      ],
      "object_id": "18",
      "object_repr": "H3 - JAWHARA",
      "action_flag": 2,
      "change_message": "[{\"changed\": {\"fields\": [\"Type lot\"]}}]"
    }
  },
  {
    "model": "admin.logentry",
    "pk": 31,
    "fields": {
      "action_time": "2026-02-26T15:36:50.861Z",
      "user": [
        "mohamed"
      ],
      "content_type": [
        "syndic",
        "lot"
      ],
      "object_id": "17",
      "object_repr": "H2 - JAWHARA",
      "action_flag": 2,
      "change_message": "[{\"changed\": {\"fields\": [\"Type lot\"]}}]"
    }
  },
  {
    "model": "admin.logentry",
    "pk": 32,
    "fields": {
      "action_time": "2026-02-26T15:36:59.457Z",
      "user": [
        "mohamed"
      ],
      "content_type": [
        "syndic",
        "lot"
      ],
      "object_id": "16",
      "object_repr": "H1 - JAWHARA",
      "action_flag": 2,
      "change_message": "[{\"changed\": {\"fields\": [\"Type lot\"]}}]"
    }
  },
  {
    "model": "admin.logentry",
    "pk": 33,
    "fields": {
      "action_time": "2026-02-26T22:56:46.882Z",
      "user": [
        "mohamed"
      ],
      "content_type": [
        "syndic",
        "lot"
      ],
      "object_id": "28",
      "object_repr": "15 - NOUR",
      "action_flag": 2,
      "change_message": "[{\"changed\": {\"fields\": [\"Statut lot\"]}}]"
    }
  },
  {
    "model": "admin.logentry",
    "pk": 34,
    "fields": {
      "action_time": "2026-02-26T22:56:59.418Z",
      "user": [
        "mohamed"
      ],
      "content_type": [
        "syndic",
        "lot"
      ],
      "object_id": "27",
      "object_repr": "11 - NOUR",
      "action_flag": 2,
      "change_message": "[{\"changed\": {\"fields\": [\"Statut lot\"]}}]"
    }
  },
  {
    "model": "admin.logentry",
    "pk": 35,
    "fields": {
      "action_time": "2026-02-26T22:57:35.204Z",
      "user": [
        "mohamed"
      ],
      "content_type": [
        "syndic",
        "lot"
      ],
      "object_id": "9",
      "object_repr": "9 - NOUR",
      "action_flag": 2,
      "change_message": "[{\"changed\": {\"fields\": [\"Statut lot\"]}}]"
    }
  },
  {
    "model": "admin.logentry",
    "pk": 36,
    "fields": {
      "action_time": "2026-02-26T22:57:43.771Z",
      "user": [
        "mohamed"
      ],
      "content_type": [
        "syndic",
        "lot"
      ],
      "object_id": "6",
      "object_repr": "6 - NOUR",
      "action_flag": 2,
      "change_message": "[{\"changed\": {\"fields\": [\"Statut lot\"]}}]"
    }
  },
  {
    "model": "admin.logentry",
    "pk": 37,
    "fields": {
      "action_time": "2026-02-26T23:06:51.928Z",
      "user": [
        "mohamed"
      ],
      "content_type": [
        "syndic",
        "lot"
      ],
      "object_id": "10",
      "object_repr": "10 - NOUR",
      "action_flag": 2,
      "change_message": "[{\"changed\": {\"fields\": [\"Statut lot\"]}}]"
    }
  },
  {
    "model": "admin.logentry",
    "pk": 38,
    "fields": {
      "action_time": "2026-02-26T23:06:57.757Z",
      "user": [
        "mohamed"
      ],
      "content_type": [
        "syndic",
        "lot"
      ],
      "object_id": "8",
      "object_repr": "8 - NOUR",
      "action_flag": 2,
      "change_message": "[{\"changed\": {\"fields\": [\"Statut lot\"]}}]"
    }
  },
  {
    "model": "admin.logentry",
    "pk": 39,
    "fields": {
      "action_time": "2026-02-26T23:07:05.919Z",
      "user": [
        "mohamed"
      ],
      "content_type": [
        "syndic",
        "lot"
      ],
      "object_id": "7",
      "object_repr": "7 - NOUR",
      "action_flag": 2,
      "change_message": "[{\"changed\": {\"fields\": [\"Statut lot\"]}}]"
    }
  },
  {
    "model": "admin.logentry",
    "pk": 40,
    "fields": {
      "action_time": "2026-02-26T23:07:11.985Z",
      "user": [
        "mohamed"
      ],
      "content_type": [
        "syndic",
        "lot"
      ],
      "object_id": "5",
      "object_repr": "5 - NOUR",
      "action_flag": 2,
      "change_message": "[{\"changed\": {\"fields\": [\"Statut lot\"]}}]"
    }
  },
  {
    "model": "admin.logentry",
    "pk": 41,
    "fields": {
      "action_time": "2026-02-26T23:07:20.834Z",
      "user": [
        "mohamed"
      ],
      "content_type": [
        "syndic",
        "lot"
      ],
      "object_id": "4",
      "object_repr": "4 - NOUR",
      "action_flag": 2,
      "change_message": "[{\"changed\": {\"fields\": [\"Statut lot\"]}}]"
    }
  },
  {
    "model": "admin.logentry",
    "pk": 42,
    "fields": {
      "action_time": "2026-02-26T23:07:30.778Z",
      "user": [
        "mohamed"
      ],
      "content_type": [
        "syndic",
        "lot"
      ],
      "object_id": "3",
      "object_repr": "3 - NOUR",
      "action_flag": 2,
      "change_message": "[{\"changed\": {\"fields\": [\"Statut lot\"]}}]"
    }
  },
  {
    "model": "admin.logentry",
    "pk": 43,
    "fields": {
      "action_time": "2026-02-26T23:07:39.351Z",
      "user": [
        "mohamed"
      ],
      "content_type": [
        "syndic",
        "lot"
      ],
      "object_id": "2",
      "object_repr": "2 - NOUR",
      "action_flag": 2,
      "change_message": "[{\"changed\": {\"fields\": [\"Statut lot\"]}}]"
    }
  },
  {
    "model": "admin.logentry",
    "pk": 44,
    "fields": {
      "action_time": "2026-02-26T23:07:49.379Z",
      "user": [
        "mohamed"
      ],
      "content_type": [
        "syndic",
        "lot"
      ],
      "object_id": "1",
      "object_repr": "1 - NOUR",
      "action_flag": 2,
      "change_message": "[{\"changed\": {\"fields\": [\"Statut lot\"]}}]"
    }
  },
  {
    "model": "admin.logentry",
    "pk": 45,
    "fields": {
      "action_time": "2026-02-26T23:08:00.185Z",
      "user": [
        "mohamed"
      ],
      "content_type": [
        "syndic",
        "lot"
      ],
      "object_id": "23",
      "object_repr": "A1 - NOUR",
      "action_flag": 2,
      "change_message": "[{\"changed\": {\"fields\": [\"Statut lot\"]}}]"
    }
  },
  {
    "model": "admin.logentry",
    "pk": 46,
    "fields": {
      "action_time": "2026-02-27T14:16:44.463Z",
      "user": [
        "mohamed"
      ],
      "content_type": [
        "syndic",
        "groupe"
      ],
      "object_id": "1",
      "object_repr": "A1 - NOUR",
      "action_flag": 1,
      "change_message": "[{\"added\": {}}]"
    }
  },
  {
    "model": "admin.logentry",
    "pk": 47,
    "fields": {
      "action_time": "2026-02-27T14:16:54.125Z",
      "user": [
        "mohamed"
      ],
      "content_type": [
        "syndic",
        "groupe"
      ],
      "object_id": "2",
      "object_repr": "A2 - NOUR",
      "action_flag": 1,
      "change_message": "[{\"added\": {}}]"
    }
  },
  {
    "model": "admin.logentry",
    "pk": 48,
    "fields": {
      "action_time": "2026-02-27T14:17:02.705Z",
      "user": [
        "mohamed"
      ],
      "content_type": [
        "syndic",
        "groupe"
      ],
      "object_id": "3",
      "object_repr": "A3 - NOUR",
      "action_flag": 1,
      "change_message": "[{\"added\": {}}]"
    }
  },
  {
    "model": "admin.logentry",
    "pk": 49,
    "fields": {
      "action_time": "2026-02-27T14:17:14.152Z",
      "user": [
        "mohamed"
      ],
      "content_type": [
        "syndic",
        "groupe"
      ],
      "object_id": "4",
      "object_repr": "A4 - NOUR",
      "action_flag": 1,
      "change_message": "[{\"added\": {}}]"
    }
  },
  {
    "model": "admin.logentry",
    "pk": 50,
    "fields": {
      "action_time": "2026-02-27T18:03:21.978Z",
      "user": [
        "mohamed"
      ],
      "content_type": [
        "syndic",
        "lot"
      ],
      "object_id": "30",
      "object_repr": "A1 - NAWAL",
      "action_flag": 2,
      "change_message": "[{\"changed\": {\"fields\": [\"Type lot\", \"Statut lot\"]}}]"
    }
  },
  {
    "model": "admin.logentry",
    "pk": 51,
    "fields": {
      "action_time": "2026-02-27T18:23:32.336Z",
      "user": [
        "mohamed"
      ],
      "content_type": [
        "syndic",
        "lot"
      ],
      "object_id": "1",
      "object_repr": "1 - NOUR",
      "action_flag": 2,
      "change_message": "[{\"changed\": {\"fields\": [\"Groupe\", \"Type lot\", \"Statut lot\"]}}]"
    }
  },
  {
    "model": "admin.logentry",
    "pk": 52,
    "fields": {
      "action_time": "2026-02-27T18:23:50.213Z",
      "user": [
        "mohamed"
      ],
      "content_type": [
        "syndic",
        "lot"
      ],
      "object_id": "8",
      "object_repr": "8 - NOUR",
      "action_flag": 2,
      "change_message": "[{\"changed\": {\"fields\": [\"Groupe\", \"Type lot\", \"Statut lot\"]}}]"
    }
  },
  {
    "model": "admin.logentry",
    "pk": 53,
    "fields": {
      "action_time": "2026-02-27T18:24:13.406Z",
      "user": [
        "mohamed"
      ],
      "content_type": [
        "syndic",
        "lot"
      ],
      "object_id": "10",
      "object_repr": "10 - NOUR",
      "action_flag": 2,
      "change_message": "[{\"changed\": {\"fields\": [\"Groupe\", \"Type lot\", \"Statut lot\"]}}]"
    }
  },
  {
    "model": "admin.logentry",
    "pk": 54,
    "fields": {
      "action_time": "2026-02-27T18:24:23.323Z",
      "user": [
        "mohamed"
      ],
      "content_type": [
        "syndic",
        "lot"
      ],
      "object_id": "27",
      "object_repr": "11 - NOUR",
      "action_flag": 2,
      "change_message": "[{\"changed\": {\"fields\": [\"Groupe\", \"Type lot\", \"Statut lot\"]}}]"
    }
  },
  {
    "model": "admin.logentry",
    "pk": 55,
    "fields": {
      "action_time": "2026-02-27T18:24:33.395Z",
      "user": [
        "mohamed"
      ],
      "content_type": [
        "syndic",
        "lot"
      ],
      "object_id": "2",
      "object_repr": "2 - NOUR",
      "action_flag": 2,
      "change_message": "[{\"changed\": {\"fields\": [\"Groupe\", \"Type lot\", \"Statut lot\"]}}]"
    }
  },
  {
    "model": "admin.logentry",
    "pk": 56,
    "fields": {
      "action_time": "2026-02-27T18:24:41.337Z",
      "user": [
        "mohamed"
      ],
      "content_type": [
        "syndic",
        "lot"
      ],
      "object_id": "2",
      "object_repr": "2 - NOUR",
      "action_flag": 2,
      "change_message": "[]"
    }
  },
  {
    "model": "admin.logentry",
    "pk": 57,
    "fields": {
      "action_time": "2026-02-27T18:24:51.790Z",
      "user": [
        "mohamed"
      ],
      "content_type": [
        "syndic",
        "lot"
      ],
      "object_id": "5",
      "object_repr": "5 - NOUR",
      "action_flag": 2,
      "change_message": "[{\"changed\": {\"fields\": [\"Groupe\", \"Type lot\", \"Statut lot\"]}}]"
    }
  },
  {
    "model": "admin.logentry",
    "pk": 58,
    "fields": {
      "action_time": "2026-02-27T19:40:14.899Z",
      "user": [
        "mohamed"
      ],
      "content_type": [
        "syndic",
        "groupe"
      ],
      "object_id": "5",
      "object_repr": "B1 - NOUR",
      "action_flag": 1,
      "change_message": "[{\"added\": {}}]"
    }
  },
  {
    "model": "admin.logentry",
    "pk": 59,
    "fields": {
      "action_time": "2026-02-27T19:40:22.899Z",
      "user": [
        "mohamed"
      ],
      "content_type": [
        "syndic",
        "groupe"
      ],
      "object_id": "6",
      "object_repr": "B2 - NOUR",
      "action_flag": 1,
      "change_message": "[{\"added\": {}}]"
    }
  },
  {
    "model": "admin.logentry",
    "pk": 60,
    "fields": {
      "action_time": "2026-02-27T19:40:31.152Z",
      "user": [
        "mohamed"
      ],
      "content_type": [
        "syndic",
        "groupe"
      ],
      "object_id": "7",
      "object_repr": "B3 - NOUR",
      "action_flag": 1,
      "change_message": "[{\"added\": {}}]"
    }
  },
  {
    "model": "admin.logentry",
    "pk": 61,
    "fields": {
      "action_time": "2026-02-27T19:40:38.645Z",
      "user": [
        "mohamed"
      ],
      "content_type": [
        "syndic",
        "groupe"
      ],
      "object_id": "8",
      "object_repr": "B4 - NOUR",
      "action_flag": 1,
      "change_message": "[{\"added\": {}}]"
    }
  },
  {
    "model": "admin.logentry",
    "pk": 62,
    "fields": {
      "action_time": "2026-02-27T20:04:07.174Z",
      "user": [
        "mohamed"
      ],
      "content_type": [
        "syndic",
        "personne"
      ],
      "object_id": "1",
      "object_repr": "Hamid jilali",
      "action_flag": 1,
      "change_message": "[{\"added\": {}}]"
    }
  },
  {
    "model": "admin.logentry",
    "pk": 63,
    "fields": {
      "action_time": "2026-02-27T20:04:26.036Z",
      "user": [
        "mohamed"
      ],
      "content_type": [
        "syndic",
        "personne"
      ],
      "object_id": "2",
      "object_repr": "Fatima ",
      "action_flag": 1,
      "change_message": "[{\"added\": {}}]"
    }
  },
  {
    "model": "admin.logentry",
    "pk": 64,
    "fields": {
      "action_time": "2026-02-27T20:04:38.248Z",
      "user": [
        "mohamed"
      ],
      "content_type": [
        "syndic",
        "personne"
      ],
      "object_id": "3",
      "object_repr": "ALI ",
      "action_flag": 1,
      "change_message": "[{\"added\": {}}]"
    }
  },
  {
    "model": "admin.logentry",
    "pk": 65,
    "fields": {
      "action_time": "2026-02-27T20:04:54.218Z",
      "user": [
        "mohamed"
      ],
      "content_type": [
        "syndic",
        "personne"
      ],
      "object_id": "4",
      "object_repr": "NABIL ",
      "action_flag": 1,
      "change_message": "[{\"added\": {}}]"
    }
  },
  {
    "model": "admin.logentry",
    "pk": 66,
    "fields": {
      "action_time": "2026-02-27T20:05:09.104Z",
      "user": [
        "mohamed"
      ],
      "content_type": [
        "syndic",
        "personne"
      ],
      "object_id": "5",
      "object_repr": "MALIKA ",
      "action_flag": 1,
      "change_message": "[{\"added\": {}}]"
    }
  },
  {
    "model": "admin.logentry",
    "pk": 67,
    "fields": {
      "action_time": "2026-02-27T20:05:29.036Z",
      "user": [
        "mohamed"
      ],
      "content_type": [
        "syndic",
        "personne"
      ],
      "object_id": "6",
      "object_repr": "SALEM ",
      "action_flag": 1,
      "change_message": "[{\"added\": {}}]"
    }
  },
  {
    "model": "admin.logentry",
    "pk": 68,
    "fields": {
      "action_time": "2026-02-27T20:05:45.211Z",
      "user": [
        "mohamed"
      ],
      "content_type": [
        "syndic",
        "personne"
      ],
      "object_id": "7",
      "object_repr": "KASEM ",
      "action_flag": 1,
      "change_message": "[{\"added\": {}}]"
    }
  },
  {
    "model": "admin.logentry",
    "pk": 69,
    "fields": {
      "action_time": "2026-02-27T20:14:39.648Z",
      "user": [
        "mohamed"
      ],
      "content_type": [
        "syndic",
        "lot"
      ],
      "object_id": "8",
      "object_repr": "A1-01 - NOUR",
      "action_flag": 2,
      "change_message": "[{\"changed\": {\"fields\": [\"Proprietaire\", \"Representant\"]}}]"
    }
  },
  {
    "model": "admin.logentry",
    "pk": 70,
    "fields": {
      "action_time": "2026-02-27T20:15:05.809Z",
      "user": [
        "mohamed"
      ],
      "content_type": [
        "syndic",
        "lot"
      ],
      "object_id": "3",
      "object_repr": "A1-02 - NOUR",
      "action_flag": 2,
      "change_message": "[{\"changed\": {\"fields\": [\"Representant\"]}}]"
    }
  },
  {
    "model": "admin.logentry",
    "pk": 71,
    "fields": {
      "action_time": "2026-02-27T20:15:27.742Z",
      "user": [
        "mohamed"
      ],
      "content_type": [
        "syndic",
        "lot"
      ],
      "object_id": "4",
      "object_repr": "A1-03 - NOUR",
      "action_flag": 2,
      "change_message": "[{\"changed\": {\"fields\": [\"Representant\"]}}]"
    }
  },
  {
    "model": "admin.logentry",
    "pk": 72,
    "fields": {
      "action_time": "2026-02-27T20:15:37.909Z",
      "user": [
        "mohamed"
      ],
      "content_type": [
        "syndic",
        "lot"
      ],
      "object_id": "6",
      "object_repr": "A1-11 - NOUR",
      "action_flag": 2,
      "change_message": "[{\"changed\": {\"fields\": [\"Representant\"]}}]"
    }
  },
  {
    "model": "admin.logentry",
    "pk": 73,
    "fields": {
      "action_time": "2026-02-27T21:51:20.347Z",
      "user": [
        "mohamed"
      ],
      "content_type": [
        "syndic",
        "personne"
      ],
      "object_id": "7",
      "object_repr": "KASEM ",
      "action_flag": 2,
      "change_message": "[{\"changed\": {\"fields\": [\"Residence\"]}}]"
    }
  },
  {
    "model": "admin.logentry",
    "pk": 74,
    "fields": {
      "action_time": "2026-02-27T21:51:33.438Z",
      "user": [
        "mohamed"
      ],
      "content_type": [
        "syndic",
        "personne"
      ],
      "object_id": "6",
      "object_repr": "SALEM ",
      "action_flag": 2,
      "change_message": "[{\"changed\": {\"fields\": [\"Residence\"]}}]"
    }
  },
  {
    "model": "admin.logentry",
    "pk": 75,
    "fields": {
      "action_time": "2026-02-27T21:51:46.463Z",
      "user": [
        "mohamed"
      ],
      "content_type": [
        "syndic",
        "personne"
      ],
      "object_id": "5",
      "object_repr": "MALIKA ",
      "action_flag": 2,
      "change_message": "[{\"changed\": {\"fields\": [\"Residence\"]}}]"
    }
  },
  {
    "model": "admin.logentry",
    "pk": 76,
    "fields": {
      "action_time": "2026-02-27T21:51:56.524Z",
      "user": [
        "mohamed"
      ],
      "content_type": [
        "syndic",
        "personne"
      ],
      "object_id": "4",
      "object_repr": "NABIL ",
      "action_flag": 2,
      "change_message": "[{\"changed\": {\"fields\": [\"Residence\"]}}]"
    }
  },
  {
    "model": "admin.logentry",
    "pk": 77,
    "fields": {
      "action_time": "2026-02-27T21:52:11.527Z",
      "user": [
        "mohamed"
      ],
      "content_type": [
        "syndic",
        "personne"
      ],
      "object_id": "3",
      "object_repr": "ALI ",
      "action_flag": 2,
      "change_message": "[{\"changed\": {\"fields\": [\"Residence\"]}}]"
    }
  },
  {
    "model": "admin.logentry",
    "pk": 78,
    "fields": {
      "action_time": "2026-02-27T21:52:21.395Z",
      "user": [
        "mohamed"
      ],
      "content_type": [
        "syndic",
        "personne"
      ],
      "object_id": "2",
      "object_repr": "Fatima ",
      "action_flag": 2,
      "change_message": "[{\"changed\": {\"fields\": [\"Residence\"]}}]"
    }
  },
  {
    "model": "admin.logentry",
    "pk": 79,
    "fields": {
      "action_time": "2026-02-27T21:52:33.050Z",
      "user": [
        "mohamed"
      ],
      "content_type": [
        "syndic",
        "personne"
      ],
      "object_id": "1",
      "object_repr": "Hamid jilali",
      "action_flag": 2,
      "change_message": "[{\"changed\": {\"fields\": [\"Residence\"]}}]"
    }
  },
  {
    "model": "admin.logentry",
    "pk": 80,
    "fields": {
      "action_time": "2026-02-28T16:43:37.436Z",
      "user": [
        "mohamed"
      ],
      "content_type": [
        "syndic",
        "lot"
      ],
      "object_id": "23",
      "object_repr": "A1-14 - NOUR",
      "action_flag": 2,
      "change_message": "[{\"changed\": {\"fields\": [\"Statut lot\"]}}]"
    }
  },
  {
    "model": "admin.logentry",
    "pk": 81,
    "fields": {
      "action_time": "2026-02-28T16:43:59.455Z",
      "user": [
        "mohamed"
      ],
      "content_type": [
        "syndic",
        "lot"
      ],
      "object_id": "10",
      "object_repr": "A2-01 - NOUR",
      "action_flag": 2,
      "change_message": "[{\"changed\": {\"fields\": [\"Statut lot\"]}}]"
    }
  },
  {
    "model": "admin.logentry",
    "pk": 82,
    "fields": {
      "action_time": "2026-02-28T16:52:17.895Z",
      "user": [
        "mohamed"
      ],
      "content_type": [
        "syndic",
        "groupe"
      ],
      "object_id": "12",
      "object_repr": "C7 - NOUR",
      "action_flag": 1,
      "change_message": "[{\"added\": {}}]"
    }
  },
  {
    "model": "admin.logentry",
    "pk": 83,
    "fields": {
      "action_time": "2026-02-28T16:52:35.845Z",
      "user": [
        "mohamed"
      ],
      "content_type": [
        "syndic",
        "groupe"
      ],
      "object_id": "9",
      "object_repr": "C1 - NOUR",
      "action_flag": 3,
      "change_message": ""
    }
  },
  {
    "model": "admin.logentry",
    "pk": 84,
    "fields": {
      "action_time": "2026-02-28T16:52:42.614Z",
      "user": [
        "mohamed"
      ],
      "content_type": [
        "syndic",
        "groupe"
      ],
      "object_id": "10",
      "object_repr": "C2 - NOUR",
      "action_flag": 3,
      "change_message": ""
    }
  },
  {
    "model": "admin.logentry",
    "pk": 85,
    "fields": {
      "action_time": "2026-02-28T16:52:48.655Z",
      "user": [
        "mohamed"
      ],
      "content_type": [
        "syndic",
        "groupe"
      ],
      "object_id": "11",
      "object_repr": "C3 - NOUR",
      "action_flag": 3,
      "change_message": ""
    }
  },
  {
    "model": "admin.logentry",
    "pk": 86,
    "fields": {
      "action_time": "2026-02-28T16:52:55.568Z",
      "user": [
        "mohamed"
      ],
      "content_type": [
        "syndic",
        "groupe"
      ],
      "object_id": "12",
      "object_repr": "C7 - NOUR",
      "action_flag": 3,
      "change_message": ""
    }
  },
  {
    "model": "admin.logentry",
    "pk": 87,
    "fields": {
      "action_time": "2026-02-28T17:04:01.634Z",
      "user": [
        "mohamed"
      ],
      "content_type": [
        "syndic",
        "groupe"
      ],
      "object_id": "13",
      "object_repr": "C1 - NOUR",
      "action_flag": 2,
      "change_message": "[{\"changed\": {\"fields\": [\"Description\"]}}]"
    }
  },
  {
    "model": "admin.logentry",
    "pk": 88,
    "fields": {
      "action_time": "2026-02-28T17:40:52.755Z",
      "user": [
        "mohamed"
      ],
      "content_type": [
        "syndic",
        "personne"
      ],
      "object_id": "9",
      "object_repr": "BOUHARRA Mohamed",
      "action_flag": 2,
      "change_message": "[{\"changed\": {\"fields\": [\"Residence\"]}}]"
    }
  },
  {
    "model": "admin.logentry",
    "pk": 89,
    "fields": {
      "action_time": "2026-03-01T15:33:04.115Z",
      "user": [
        "mohamed"
      ],
      "content_type": [
        "syndic",
        "appelcharge"
      ],
      "object_id": "1",
      "object_repr": "11 - a",
      "action_flag": 1,
      "change_message": "[{\"added\": {}}]"
    }
  },
  {
    "model": "admin.logentry",
    "pk": 90,
    "fields": {
      "action_time": "2026-03-01T15:34:09.317Z",
      "user": [
        "mohamed"
      ],
      "content_type": [
        "syndic",
        "appelcharge"
      ],
      "object_id": "2",
      "object_repr": "11 - aa",
      "action_flag": 1,
      "change_message": "[{\"added\": {}}]"
    }
  },
  {
    "model": "admin.logentry",
    "pk": 91,
    "fields": {
      "action_time": "2026-03-01T15:34:30.909Z",
      "user": [
        "mohamed"
      ],
      "content_type": [
        "syndic",
        "appelcharge"
      ],
      "object_id": "3",
      "object_repr": "11 - c",
      "action_flag": 1,
      "change_message": "[{\"added\": {}}]"
    }
  },
  {
    "model": "admin.logentry",
    "pk": 92,
    "fields": {
      "action_time": "2026-03-01T15:34:56.812Z",
      "user": [
        "mohamed"
      ],
      "content_type": [
        "syndic",
        "appelcharge"
      ],
      "object_id": "4",
      "object_repr": "12 - a",
      "action_flag": 1,
      "change_message": "[{\"added\": {}}]"
    }
  },
  {
    "model": "admin.logentry",
    "pk": 93,
    "fields": {
      "action_time": "2026-03-01T15:35:35.736Z",
      "user": [
        "mohamed"
      ],
      "content_type": [
        "syndic",
        "paiement"
      ],
      "object_id": "1",
      "object_repr": "Paiement 11 - 1000",
      "action_flag": 1,
      "change_message": "[{\"added\": {}}]"
    }
  },
  {
    "model": "admin.logentry",
    "pk": 94,
    "fields": {
      "action_time": "2026-03-01T15:36:19.636Z",
      "user": [
        "mohamed"
      ],
      "content_type": [
        "syndic",
        "paiement"
      ],
      "object_id": "1",
      "object_repr": "Paiement 11 - 1000.00",
      "action_flag": 2,
      "change_message": "[{\"added\": {\"name\": \"affectation paiement\", \"object\": \"Paiement 11 - 1000.00 -> 11 - a\"}}]"
    }
  },
  {
    "model": "admin.logentry",
    "pk": 95,
    "fields": {
      "action_time": "2026-03-01T15:37:25.983Z",
      "user": [
        "mohamed"
      ],
      "content_type": [
        "syndic",
        "appelcharge"
      ],
      "object_id": "1",
      "object_repr": "11 - a",
      "action_flag": 2,
      "change_message": "[]"
    }
  },
  {
    "model": "admin.logentry",
    "pk": 96,
    "fields": {
      "action_time": "2026-03-01T16:22:42.771Z",
      "user": [
        "mohamed"
      ],
      "content_type": [
        "syndic",
        "appelcharge"
      ],
      "object_id": "5",
      "object_repr": "MAZOLA - CHARGE - JAN (2026)",
      "action_flag": 1,
      "change_message": "[{\"added\": {}}, {\"added\": {\"name\": \"detail appel charge\", \"object\": \"11 - JAN\"}}, {\"added\": {\"name\": \"detail appel charge\", \"object\": \"12 - JAN\"}}, {\"added\": {\"name\": \"detail appel charge\", \"object\": \"13 - JAN\"}}]"
    }
  },
  {
    "model": "admin.logentry",
    "pk": 97,
    "fields": {
      "action_time": "2026-03-01T16:23:18.649Z",
      "user": [
        "mohamed"
      ],
      "content_type": [
        "syndic",
        "appelcharge"
      ],
      "object_id": "6",
      "object_repr": "MAZOLA - CHARGE - FEV (2026)",
      "action_flag": 1,
      "change_message": "[{\"added\": {}}]"
    }
  },
  {
    "model": "admin.logentry",
    "pk": 98,
    "fields": {
      "action_time": "2026-03-01T16:24:14.073Z",
      "user": [
        "mohamed"
      ],
      "content_type": [
        "syndic",
        "appelcharge"
      ],
      "object_id": "7",
      "object_repr": "MAZOLA - FOND - FOND-1 (2026)",
      "action_flag": 1,
      "change_message": "[{\"added\": {}}]"
    }
  },
  {
    "model": "admin.logentry",
    "pk": 99,
    "fields": {
      "action_time": "2026-03-01T16:32:27.191Z",
      "user": [
        "mohamed"
      ],
      "content_type": [
        "syndic",
        "appelcharge"
      ],
      "object_id": "8",
      "object_repr": "AppelCharge object (8)",
      "action_flag": 1,
      "change_message": "[{\"added\": {}}, {\"added\": {\"name\": \"detail appel charge\", \"object\": \"11 - ANNEE\"}}, {\"added\": {\"name\": \"detail appel charge\", \"object\": \"12 - ANNEE\"}}, {\"added\": {\"name\": \"detail appel charge\", \"object\": \"13 - ANNEE\"}}, {\"added\": {\"name\": \"detail appel charge\", \"object\": \"14 - ANNEE\"}}]"
    }
  },
  {
    "model": "admin.logentry",
    "pk": 100,
    "fields": {
      "action_time": "2026-03-01T16:59:15.461Z",
      "user": [
        "mohamed"
      ],
      "content_type": [
        "syndic",
        "appelcharge"
      ],
      "object_id": "9",
      "object_repr": "AppelCharge object (9)",
      "action_flag": 1,
      "change_message": "[{\"added\": {}}]"
    }
  },
  {
    "model": "admin.logentry",
    "pk": 101,
    "fields": {
      "action_time": "2026-03-01T17:04:22.478Z",
      "user": [
        "mohamed"
      ],
      "content_type": [
        "syndic",
        "appelcharge"
      ],
      "object_id": "10",
      "object_repr": "AppelCharge object (10)",
      "action_flag": 1,
      "change_message": "[{\"added\": {}}]"
    }
  },
  {
    "model": "admin.logentry",
    "pk": 102,
    "fields": {
      "action_time": "2026-03-01T17:09:58.169Z",
      "user": [
        "mohamed"
      ],
      "content_type": [
        "syndic",
        "appelcharge"
      ],
      "object_id": "11",
      "object_repr": "AppelCharge object (11)",
      "action_flag": 1,
      "change_message": "[{\"added\": {}}]"
    }
  },
  {
    "model": "admin.logentry",
    "pk": 103,
    "fields": {
      "action_time": "2026-03-01T17:10:13.998Z",
      "user": [
        "mohamed"
      ],
      "content_type": [
        "syndic",
        "appelcharge"
      ],
      "object_id": "12",
      "object_repr": "AppelCharge object (12)",
      "action_flag": 1,
      "change_message": "[{\"added\": {}}]"
    }
  },
  {
    "model": "admin.logentry",
    "pk": 104,
    "fields": {
      "action_time": "2026-03-01T17:11:06.011Z",
      "user": [
        "mohamed"
      ],
      "content_type": [
        "syndic",
        "appelcharge"
      ],
      "object_id": "13",
      "object_repr": "AppelCharge object (13)",
      "action_flag": 1,
      "change_message": "[{\"added\": {}}]"
    }
  },
  {
    "model": "admin.logentry",
    "pk": 105,
    "fields": {
      "action_time": "2026-03-01T17:12:17.100Z",
      "user": [
        "mohamed"
      ],
      "content_type": [
        "syndic",
        "appelcharge"
      ],
      "object_id": "10",
      "object_repr": "AppelCharge object (10)",
      "action_flag": 2,
      "change_message": "[{\"changed\": {\"fields\": [\"Periode\"]}}]"
    }
  },
  {
    "model": "admin.logentry",
    "pk": 106,
    "fields": {
      "action_time": "2026-03-01T17:12:32.287Z",
      "user": [
        "mohamed"
      ],
      "content_type": [
        "syndic",
        "appelcharge"
      ],
      "object_id": "14",
      "object_repr": "AppelCharge object (14)",
      "action_flag": 1,
      "change_message": "[{\"added\": {}}]"
    }
  },
  {
    "model": "admin.logentry",
    "pk": 107,
    "fields": {
      "action_time": "2026-03-01T17:12:54.579Z",
      "user": [
        "mohamed"
      ],
      "content_type": [
        "syndic",
        "appelcharge"
      ],
      "object_id": "15",
      "object_repr": "AppelCharge object (15)",
      "action_flag": 1,
      "change_message": "[{\"added\": {}}]"
    }
  },
  {
    "model": "admin.logentry",
    "pk": 108,
    "fields": {
      "action_time": "2026-03-01T17:14:29.255Z",
      "user": [
        "mohamed"
      ],
      "content_type": [
        "syndic",
        "appelcharge"
      ],
      "object_id": "12",
      "object_repr": "AppelCharge object (12)",
      "action_flag": 2,
      "change_message": "[{\"added\": {\"name\": \"detail appel charge\", \"object\": \"11 - JAN\"}}, {\"added\": {\"name\": \"detail appel charge\", \"object\": \"12 - JAN\"}}, {\"added\": {\"name\": \"detail appel charge\", \"object\": \"13 - JAN\"}}]"
    }
  },
  {
    "model": "admin.logentry",
    "pk": 109,
    "fields": {
      "action_time": "2026-03-01T17:26:26.186Z",
      "user": [
        "mohamed"
      ],
      "content_type": [
        "syndic",
        "appelcharge"
      ],
      "object_id": "16",
      "object_repr": "MAZOLA - CHARGE - JUL (2026)",
      "action_flag": 1,
      "change_message": "[{\"added\": {}}]"
    }
  },
  {
    "model": "admin.logentry",
    "pk": 110,
    "fields": {
      "action_time": "2026-03-01T17:26:41.550Z",
      "user": [
        "mohamed"
      ],
      "content_type": [
        "syndic",
        "appelcharge"
      ],
      "object_id": "17",
      "object_repr": "MAZOLA - FOND - FOND_20260301 (2026)",
      "action_flag": 1,
      "change_message": "[{\"added\": {}}]"
    }
  },
  {
    "model": "admin.logentry",
    "pk": 111,
    "fields": {
      "action_time": "2026-03-01T17:27:18.366Z",
      "user": [
        "mohamed"
      ],
      "content_type": [
        "syndic",
        "appelcharge"
      ],
      "object_id": "9",
      "object_repr": "MAZOLA - ANNUEL - ANNEE (2026)",
      "action_flag": 3,
      "change_message": ""
    }
  },
  {
    "model": "admin.logentry",
    "pk": 112,
    "fields": {
      "action_time": "2026-03-01T17:27:18.366Z",
      "user": [
        "mohamed"
      ],
      "content_type": [
        "syndic",
        "appelcharge"
      ],
      "object_id": "17",
      "object_repr": "MAZOLA - FOND - FOND_20260301 (2026)",
      "action_flag": 3,
      "change_message": ""
    }
  },
  {
    "model": "admin.logentry",
    "pk": 113,
    "fields": {
      "action_time": "2026-03-01T17:27:18.367Z",
      "user": [
        "mohamed"
      ],
      "content_type": [
        "syndic",
        "appelcharge"
      ],
      "object_id": "16",
      "object_repr": "MAZOLA - CHARGE - JUL (2026)",
      "action_flag": 3,
      "change_message": ""
    }
  },
  {
    "model": "admin.logentry",
    "pk": 114,
    "fields": {
      "action_time": "2026-03-01T17:27:18.367Z",
      "user": [
        "mohamed"
      ],
      "content_type": [
        "syndic",
        "appelcharge"
      ],
      "object_id": "15",
      "object_repr": "MAZOLA - FOND - FEV (2025)",
      "action_flag": 3,
      "change_message": ""
    }
  },
  {
    "model": "admin.logentry",
    "pk": 115,
    "fields": {
      "action_time": "2026-03-01T17:27:18.367Z",
      "user": [
        "mohamed"
      ],
      "content_type": [
        "syndic",
        "appelcharge"
      ],
      "object_id": "14",
      "object_repr": "MAZOLA - FOND - JAN (2025)",
      "action_flag": 3,
      "change_message": ""
    }
  },
  {
    "model": "admin.logentry",
    "pk": 116,
    "fields": {
      "action_time": "2026-03-01T17:27:18.367Z",
      "user": [
        "mohamed"
      ],
      "content_type": [
        "syndic",
        "appelcharge"
      ],
      "object_id": "11",
      "object_repr": "MAZOLA - ANNUEL - FEV (2005)",
      "action_flag": 3,
      "change_message": ""
    }
  },
  {
    "model": "admin.logentry",
    "pk": 117,
    "fields": {
      "action_time": "2026-03-01T17:27:18.367Z",
      "user": [
        "mohamed"
      ],
      "content_type": [
        "syndic",
        "appelcharge"
      ],
      "object_id": "12",
      "object_repr": "MAZOLA - MENSUEL - JAN (2005)",
      "action_flag": 3,
      "change_message": ""
    }
  },
  {
    "model": "admin.logentry",
    "pk": 118,
    "fields": {
      "action_time": "2026-03-01T17:27:18.367Z",
      "user": [
        "mohamed"
      ],
      "content_type": [
        "syndic",
        "appelcharge"
      ],
      "object_id": "13",
      "object_repr": "MAZOLA - MENSUEL - MAI (2005)",
      "action_flag": 3,
      "change_message": ""
    }
  },
  {
    "model": "admin.logentry",
    "pk": 119,
    "fields": {
      "action_time": "2026-03-01T17:27:18.368Z",
      "user": [
        "mohamed"
      ],
      "content_type": [
        "syndic",
        "appelcharge"
      ],
      "object_id": "10",
      "object_repr": "MAZOLA - ANNUEL - JAN (2002)",
      "action_flag": 3,
      "change_message": ""
    }
  },
  {
    "model": "admin.logentry",
    "pk": 120,
    "fields": {
      "action_time": "2026-03-01T17:27:37.537Z",
      "user": [
        "mohamed"
      ],
      "content_type": [
        "syndic",
        "appelcharge"
      ],
      "object_id": "18",
      "object_repr": "MAZOLA - CHARGE - JAN (2026)",
      "action_flag": 1,
      "change_message": "[{\"added\": {}}]"
    }
  },
  {
    "model": "admin.logentry",
    "pk": 121,
    "fields": {
      "action_time": "2026-03-01T17:27:51.910Z",
      "user": [
        "mohamed"
      ],
      "content_type": [
        "syndic",
        "appelcharge"
      ],
      "object_id": "19",
      "object_repr": "MAZOLA - CHARGE - ANNEE (2026)",
      "action_flag": 1,
      "change_message": "[{\"added\": {}}]"
    }
  },
  {
    "model": "admin.logentry",
    "pk": 122,
    "fields": {
      "action_time": "2026-03-01T17:28:05.474Z",
      "user": [
        "mohamed"
      ],
      "content_type": [
        "syndic",
        "appelcharge"
      ],
      "object_id": "20",
      "object_repr": "MAZOLA - FOND - FOND_20260301 (2026)",
      "action_flag": 1,
      "change_message": "[{\"added\": {}}]"
    }
  },
  {
    "model": "admin.logentry",
    "pk": 123,
    "fields": {
      "action_time": "2026-03-01T17:31:38.084Z",
      "user": [
        "mohamed"
      ],
      "content_type": [
        "syndic",
        "appelcharge"
      ],
      "object_id": "21",
      "object_repr": "AppelCharge object (21)",
      "action_flag": 1,
      "change_message": "[{\"added\": {}}]"
    }
  },
  {
    "model": "admin.logentry",
    "pk": 124,
    "fields": {
      "action_time": "2026-03-01T17:31:54.857Z",
      "user": [
        "mohamed"
      ],
      "content_type": [
        "syndic",
        "appelcharge"
      ],
      "object_id": "19",
      "object_repr": "AppelCharge object (19)",
      "action_flag": 2,
      "change_message": "[]"
    }
  },
  {
    "model": "admin.logentry",
    "pk": 125,
    "fields": {
      "action_time": "2026-03-01T17:32:11.961Z",
      "user": [
        "mohamed"
      ],
      "content_type": [
        "syndic",
        "appelcharge"
      ],
      "object_id": "22",
      "object_repr": "AppelCharge object (22)",
      "action_flag": 1,
      "change_message": "[{\"added\": {}}]"
    }
  },
  {
    "model": "admin.logentry",
    "pk": 126,
    "fields": {
      "action_time": "2026-03-01T17:33:45.321Z",
      "user": [
        "mohamed"
      ],
      "content_type": [
        "syndic",
        "appelcharge"
      ],
      "object_id": "23",
      "object_repr": "AppelCharge object (23)",
      "action_flag": 1,
      "change_message": "[{\"added\": {}}]"
    }
  },
  {
    "model": "admin.logentry",
    "pk": 127,
    "fields": {
      "action_time": "2026-03-01T17:34:02.655Z",
      "user": [
        "mohamed"
      ],
      "content_type": [
        "syndic",
        "appelcharge"
      ],
      "object_id": "19",
      "object_repr": "AppelCharge object (19)",
      "action_flag": 3,
      "change_message": ""
    }
  },
  {
    "model": "admin.logentry",
    "pk": 128,
    "fields": {
      "action_time": "2026-03-01T17:34:47.924Z",
      "user": [
        "mohamed"
      ],
      "content_type": [
        "syndic",
        "appelcharge"
      ],
      "object_id": "24",
      "object_repr": "AppelCharge object (24)",
      "action_flag": 1,
      "change_message": "[{\"added\": {}}]"
    }
  },
  {
    "model": "admin.logentry",
    "pk": 129,
    "fields": {
      "action_time": "2026-03-01T17:36:30.805Z",
      "user": [
        "mohamed"
      ],
      "content_type": [
        "syndic",
        "appelcharge"
      ],
      "object_id": "24",
      "object_repr": "AppelCharge object (24)",
      "action_flag": 3,
      "change_message": ""
    }
  },
  {
    "model": "admin.logentry",
    "pk": 130,
    "fields": {
      "action_time": "2026-03-01T17:37:06.476Z",
      "user": [
        "mohamed"
      ],
      "content_type": [
        "syndic",
        "appelcharge"
      ],
      "object_id": "25",
      "object_repr": "AppelCharge object (25)",
      "action_flag": 1,
      "change_message": "[{\"added\": {}}]"
    }
  },
  {
    "model": "admin.logentry",
    "pk": 131,
    "fields": {
      "action_time": "2026-03-01T17:38:11.603Z",
      "user": [
        "mohamed"
      ],
      "content_type": [
        "syndic",
        "appelcharge"
      ],
      "object_id": "25",
      "object_repr": "AppelCharge object (25)",
      "action_flag": 3,
      "change_message": ""
    }
  },
  {
    "model": "admin.logentry",
    "pk": 132,
    "fields": {
      "action_time": "2026-03-01T17:38:27.373Z",
      "user": [
        "mohamed"
      ],
      "content_type": [
        "syndic",
        "appelcharge"
      ],
      "object_id": "26",
      "object_repr": "AppelCharge object (26)",
      "action_flag": 1,
      "change_message": "[{\"added\": {}}]"
    }
  },
  {
    "model": "admin.logentry",
    "pk": 133,
    "fields": {
      "action_time": "2026-03-01T17:40:01.644Z",
      "user": [
        "mohamed"
      ],
      "content_type": [
        "syndic",
        "appelcharge"
      ],
      "object_id": "27",
      "object_repr": "AppelCharge object (27)",
      "action_flag": 1,
      "change_message": "[{\"added\": {}}]"
    }
  },
  {
    "model": "admin.logentry",
    "pk": 134,
    "fields": {
      "action_time": "2026-03-01T17:40:18.179Z",
      "user": [
        "mohamed"
      ],
      "content_type": [
        "syndic",
        "appelcharge"
      ],
      "object_id": "26",
      "object_repr": "AppelCharge object (26)",
      "action_flag": 3,
      "change_message": ""
    }
  },
  {
    "model": "admin.logentry",
    "pk": 135,
    "fields": {
      "action_time": "2026-03-01T17:40:46.484Z",
      "user": [
        "mohamed"
      ],
      "content_type": [
        "syndic",
        "appelcharge"
      ],
      "object_id": "28",
      "object_repr": "AppelCharge object (28)",
      "action_flag": 1,
      "change_message": "[{\"added\": {}}]"
    }
  },
  {
    "model": "admin.logentry",
    "pk": 136,
    "fields": {
      "action_time": "2026-03-01T17:41:46.554Z",
      "user": [
        "mohamed"
      ],
      "content_type": [
        "syndic",
        "appelcharge"
      ],
      "object_id": "29",
      "object_repr": "AppelCharge object (29)",
      "action_flag": 1,
      "change_message": "[{\"added\": {}}, {\"added\": {\"name\": \"detail appel charge\", \"object\": \"11 - NOV\"}}, {\"added\": {\"name\": \"detail appel charge\", \"object\": \"12 - NOV\"}}, {\"added\": {\"name\": \"detail appel charge\", \"object\": \"13 - NOV\"}}, {\"added\": {\"name\": \"detail appel charge\", \"object\": \"14 - NOV\"}}]"
    }
  },
  {
    "model": "admin.logentry",
    "pk": 137,
    "fields": {
      "action_time": "2026-03-01T17:47:32.313Z",
      "user": [
        "mohamed"
      ],
      "content_type": [
        "syndic",
        "paiement"
      ],
      "object_id": "2",
      "object_repr": "Paiement 11 - 200",
      "action_flag": 1,
      "change_message": "[{\"added\": {}}, {\"added\": {\"name\": \"affectation paiement\", \"object\": \"Paiement 11 - 200 -> AppelCharge object (28)\"}}, {\"added\": {\"name\": \"affectation paiement\", \"object\": \"Paiement 11 - 200 -> AppelCharge object (23)\"}}]"
    }
  },
  {
    "model": "admin.logentry",
    "pk": 138,
    "fields": {
      "action_time": "2026-03-01T17:57:44.762Z",
      "user": [
        "mohamed"
      ],
      "content_type": [
        "syndic",
        "appelcharge"
      ],
      "object_id": "30",
      "object_repr": "AppelCharge object (30)",
      "action_flag": 1,
      "change_message": "[{\"added\": {}}, {\"added\": {\"name\": \"detail appel charge\", \"object\": \"A1-01 - JUL\"}}, {\"added\": {\"name\": \"detail appel charge\", \"object\": \"A1-02 - JUL\"}}]"
    }
  },
  {
    "model": "admin.logentry",
    "pk": 139,
    "fields": {
      "action_time": "2026-03-01T17:58:29.875Z",
      "user": [
        "mohamed"
      ],
      "content_type": [
        "syndic",
        "appelcharge"
      ],
      "object_id": "28",
      "object_repr": "AppelCharge object (28)",
      "action_flag": 2,
      "change_message": "[]"
    }
  },
  {
    "model": "admin.logentry",
    "pk": 140,
    "fields": {
      "action_time": "2026-03-01T17:58:53.122Z",
      "user": [
        "mohamed"
      ],
      "content_type": [
        "syndic",
        "appelcharge"
      ],
      "object_id": "31",
      "object_repr": "AppelCharge object (31)",
      "action_flag": 1,
      "change_message": "[{\"added\": {}}]"
    }
  },
  {
    "model": "admin.logentry",
    "pk": 141,
    "fields": {
      "action_time": "2026-03-01T21:26:42.457Z",
      "user": [
        "mohamed"
      ],
      "content_type": [
        "syndic",
        "paiement"
      ],
      "object_id": "2",
      "object_repr": "Paiement 11 - 1000",
      "action_flag": 2,
      "change_message": "[{\"changed\": {\"fields\": [\"Montant\"]}}]"
    }
  },
  {
    "model": "admin.logentry",
    "pk": 142,
    "fields": {
      "action_time": "2026-03-01T21:55:07.821Z",
      "user": [
        "mohamed"
      ],
      "content_type": [
        "syndic",
        "paiement"
      ],
      "object_id": "2",
      "object_repr": "Paiement 11 - 1000.00 (2026-03-01)",
      "action_flag": 2,
      "change_message": "[{\"added\": {\"name\": \"affectation paiement\", \"object\": \"Paiement 11 - 1000.00 (2026-03-01) -> MAZOLA - 2026 - SEP\"}}]"
    }
  },
  {
    "model": "admin.logentry",
    "pk": 143,
    "fields": {
      "action_time": "2026-03-01T22:31:19.938Z",
      "user": [
        "mohamed"
      ],
      "content_type": [
        "syndic",
        "appelcharge"
      ],
      "object_id": "30",
      "object_repr": "NAWAL - 2027 - JAN",
      "action_flag": 2,
      "change_message": "[{\"changed\": {\"fields\": [\"Periode\"]}}, {\"added\": {\"name\": \"detail appel charge\", \"object\": \"NW3 - JAN - 200\"}}, {\"changed\": {\"name\": \"detail appel charge\", \"object\": \"NW1 - JAN - 200.00\", \"fields\": [\"Lot\"]}}, {\"changed\": {\"name\": \"detail appel charge\", \"object\": \"NW2 - JAN - 300.00\", \"fields\": [\"Lot\"]}}]"
    }
  },
  {
    "model": "admin.logentry",
    "pk": 144,
    "fields": {
      "action_time": "2026-03-01T22:32:15.456Z",
      "user": [
        "mohamed"
      ],
      "content_type": [
        "syndic",
        "appelcharge"
      ],
      "object_id": "32",
      "object_repr": "NAWAL - 2027 - FEV",
      "action_flag": 1,
      "change_message": "[{\"added\": {}}, {\"added\": {\"name\": \"detail appel charge\", \"object\": \"NW1 - FEV - 100\"}}]"
    }
  },
  {
    "model": "admin.logentry",
    "pk": 145,
    "fields": {
      "action_time": "2026-03-01T22:32:52.371Z",
      "user": [
        "mohamed"
      ],
      "content_type": [
        "syndic",
        "appelcharge"
      ],
      "object_id": "32",
      "object_repr": "NAWAL - 2027 - FEV",
      "action_flag": 2,
      "change_message": "[{\"added\": {\"name\": \"detail appel charge\", \"object\": \"NW2 - FEV - 999\"}}, {\"added\": {\"name\": \"detail appel charge\", \"object\": \"NW3 - FEV - 999\"}}, {\"changed\": {\"name\": \"detail appel charge\", \"object\": \"NW1 - FEV - 999\", \"fields\": [\"Montant\"]}}]"
    }
  },
  {
    "model": "admin.logentry",
    "pk": 146,
    "fields": {
      "action_time": "2026-03-02T10:39:30.137Z",
      "user": [
        "mohamed"
      ],
      "content_type": [
        "syndic",
        "appelcharge"
      ],
      "object_id": "32",
      "object_repr": "NAWAL - 2027 - FEV",
      "action_flag": 2,
      "change_message": "[]"
    }
  },
  {
    "model": "admin.logentry",
    "pk": 147,
    "fields": {
      "action_time": "2026-03-02T10:40:32.595Z",
      "user": [
        "mohamed"
      ],
      "content_type": [
        "syndic",
        "appelcharge"
      ],
      "object_id": "28",
      "object_repr": "MAZOLA - 2024 - ANNEE",
      "action_flag": 2,
      "change_message": "[{\"changed\": {\"fields\": [\"Exercice\"]}}]"
    }
  },
  {
    "model": "admin.logentry",
    "pk": 148,
    "fields": {
      "action_time": "2026-03-02T10:43:41.569Z",
      "user": [
        "mohamed"
      ],
      "content_type": [
        "syndic",
        "appelcharge"
      ],
      "object_id": "33",
      "object_repr": "MAZOLA - 2023 - JAN",
      "action_flag": 1,
      "change_message": "[{\"added\": {}}]"
    }
  },
  {
    "model": "admin.logentry",
    "pk": 149,
    "fields": {
      "action_time": "2026-03-02T10:48:39.231Z",
      "user": [
        "mohamed"
      ],
      "content_type": [
        "syndic",
        "appelcharge"
      ],
      "object_id": "34",
      "object_repr": "MAZOLA - 2025 - Appel de Fond 2025 - 1",
      "action_flag": 1,
      "change_message": "[{\"added\": {}}]"
    }
  },
  {
    "model": "admin.logentry",
    "pk": 150,
    "fields": {
      "action_time": "2026-03-02T10:48:58.795Z",
      "user": [
        "mohamed"
      ],
      "content_type": [
        "syndic",
        "appelcharge"
      ],
      "object_id": "35",
      "object_repr": "MAZOLA - 2015 - Appel de Fond 2015 - 1",
      "action_flag": 1,
      "change_message": "[{\"added\": {}}]"
    }
  },
  {
    "model": "admin.logentry",
    "pk": 151,
    "fields": {
      "action_time": "2026-03-02T10:49:58.365Z",
      "user": [
        "mohamed"
      ],
      "content_type": [
        "syndic",
        "appelcharge"
      ],
      "object_id": "35",
      "object_repr": "MAZOLA - 2015 - Appel de Fond 2015 - 1",
      "action_flag": 2,
      "change_message": "[]"
    }
  },
  {
    "model": "admin.logentry",
    "pk": 152,
    "fields": {
      "action_time": "2026-03-02T10:50:11.852Z",
      "user": [
        "mohamed"
      ],
      "content_type": [
        "syndic",
        "appelcharge"
      ],
      "object_id": "36",
      "object_repr": "MAZOLA - 2015 - Appel de Fond 2015 - 2",
      "action_flag": 1,
      "change_message": "[{\"added\": {}}]"
    }
  },
  {
    "model": "admin.logentry",
    "pk": 153,
    "fields": {
      "action_time": "2026-03-02T10:50:25.302Z",
      "user": [
        "mohamed"
      ],
      "content_type": [
        "syndic",
        "appelcharge"
      ],
      "object_id": "37",
      "object_repr": "MAZOLA - 2015 - Appel de Fond 2015 - 3",
      "action_flag": 1,
      "change_message": "[{\"added\": {}}]"
    }
  },
  {
    "model": "admin.logentry",
    "pk": 154,
    "fields": {
      "action_time": "2026-03-02T10:52:11.331Z",
      "user": [
        "mohamed"
      ],
      "content_type": [
        "syndic",
        "appelcharge"
      ],
      "object_id": "37",
      "object_repr": "MAZOLA - 2015 - Appel de Fond 2015 - 3",
      "action_flag": 2,
      "change_message": "[{\"changed\": {\"fields\": [\"Description appel\"]}}, {\"added\": {\"name\": \"detail appel charge\", \"object\": \"11 - FOND - 200\"}}, {\"added\": {\"name\": \"detail appel charge\", \"object\": \"12 - FOND - 200\"}}, {\"added\": {\"name\": \"detail appel charge\", \"object\": \"13 - FOND - 200\"}}]"
    }
  },
  {
    "model": "admin.logentry",
    "pk": 155,
    "fields": {
      "action_time": "2026-03-02T10:57:41.633Z",
      "user": [
        "mohamed"
      ],
      "content_type": [
        "syndic",
        "appelcharge"
      ],
      "object_id": "34",
      "object_repr": "MAZOLA - 2025 - Appel de Fond 2025 - 1",
      "action_flag": 2,
      "change_message": "[]"
    }
  },
  {
    "model": "admin.logentry",
    "pk": 156,
    "fields": {
      "action_time": "2026-03-02T10:58:15.855Z",
      "user": [
        "mohamed"
      ],
      "content_type": [
        "syndic",
        "appelcharge"
      ],
      "object_id": "34",
      "object_repr": "MAZOLA - 2022 - Appel de Fond 2022 - 1",
      "action_flag": 2,
      "change_message": "[{\"changed\": {\"fields\": [\"Exercice\"]}}]"
    }
  },
  {
    "model": "admin.logentry",
    "pk": 157,
    "fields": {
      "action_time": "2026-03-02T10:58:49.508Z",
      "user": [
        "mohamed"
      ],
      "content_type": [
        "syndic",
        "appelcharge"
      ],
      "object_id": "38",
      "object_repr": "MAZOLA - 2022 - Appel de Fond 2022 - 2",
      "action_flag": 1,
      "change_message": "[{\"added\": {}}]"
    }
  },
  {
    "model": "admin.logentry",
    "pk": 158,
    "fields": {
      "action_time": "2026-03-02T11:00:22.099Z",
      "user": [
        "mohamed"
      ],
      "content_type": [
        "syndic",
        "appelcharge"
      ],
      "object_id": "38",
      "object_repr": "MAZOLA - 2022 - Appel de Fond 2022 - 2",
      "action_flag": 2,
      "change_message": "[]"
    }
  },
  {
    "model": "admin.logentry",
    "pk": 159,
    "fields": {
      "action_time": "2026-03-02T11:00:53.354Z",
      "user": [
        "mohamed"
      ],
      "content_type": [
        "syndic",
        "appelcharge"
      ],
      "object_id": "38",
      "object_repr": "MAZOLA - 2021 - Appel de Fond 2021 - 1",
      "action_flag": 2,
      "change_message": "[{\"changed\": {\"fields\": [\"Exercice\"]}}]"
    }
  },
  {
    "model": "admin.logentry",
    "pk": 160,
    "fields": {
      "action_time": "2026-03-02T11:02:18.058Z",
      "user": [
        "mohamed"
      ],
      "content_type": [
        "syndic",
        "appelcharge"
      ],
      "object_id": "34",
      "object_repr": "MAZOLA - 2022 - AF 2022 - 1",
      "action_flag": 2,
      "change_message": "[]"
    }
  },
  {
    "model": "admin.logentry",
    "pk": 161,
    "fields": {
      "action_time": "2026-03-02T11:02:46.897Z",
      "user": [
        "mohamed"
      ],
      "content_type": [
        "syndic",
        "appelcharge"
      ],
      "object_id": "38",
      "object_repr": "MAZOLA - 2021 - AF 2021 - 1",
      "action_flag": 2,
      "change_message": "[]"
    }
  },
  {
    "model": "admin.logentry",
    "pk": 162,
    "fields": {
      "action_time": "2026-03-02T11:02:59.645Z",
      "user": [
        "mohamed"
      ],
      "content_type": [
        "syndic",
        "appelcharge"
      ],
      "object_id": "37",
      "object_repr": "MAZOLA - 2015 - AF 2015 - 3",
      "action_flag": 2,
      "change_message": "[]"
    }
  },
  {
    "model": "admin.logentry",
    "pk": 163,
    "fields": {
      "action_time": "2026-03-02T11:03:47.211Z",
      "user": [
        "mohamed"
      ],
      "content_type": [
        "syndic",
        "appelcharge"
      ],
      "object_id": "36",
      "object_repr": "MAZOLA - 2014 - AF 2014 - 1",
      "action_flag": 2,
      "change_message": "[{\"changed\": {\"fields\": [\"Exercice\"]}}]"
    }
  },
  {
    "model": "admin.logentry",
    "pk": 164,
    "fields": {
      "action_time": "2026-03-02T11:04:08.597Z",
      "user": [
        "mohamed"
      ],
      "content_type": [
        "syndic",
        "appelcharge"
      ],
      "object_id": "35",
      "object_repr": "MAZOLA - 2015 - AF 2015 - 2",
      "action_flag": 2,
      "change_message": "[]"
    }
  },
  {
    "model": "admin.logentry",
    "pk": 165,
    "fields": {
      "action_time": "2026-03-02T11:08:39.579Z",
      "user": [
        "mohamed"
      ],
      "content_type": [
        "syndic",
        "appelcharge"
      ],
      "object_id": "34",
      "object_repr": "MAZOLA - 2022 - AF 2022 - 1",
      "action_flag": 2,
      "change_message": "[{\"changed\": {\"fields\": [\"Nom fond\"]}}]"
    }
  },
  {
    "model": "admin.logentry",
    "pk": 166,
    "fields": {
      "action_time": "2026-03-04T14:44:18.305Z",
      "user": [
        "mohamed"
      ],
      "content_type": [
        "syndic",
        "residenceuser"
      ],
      "object_id": "1",
      "object_repr": "mohamed -> MAZOLA (ADMIN)",
      "action_flag": 1,
      "change_message": "[{\"added\": {}}]"
    }
  },
  {
    "model": "admin.logentry",
    "pk": 167,
    "fields": {
      "action_time": "2026-03-04T14:47:11.278Z",
      "user": [
        "mohamed"
      ],
      "content_type": [
        "syndic",
        "residencemembership"
      ],
      "object_id": "1",
      "object_repr": "mohamed - MAZOLA (CASABLANCA) (SUPER_ADMIN)",
      "action_flag": 1,
      "change_message": "[{\"added\": {}}]"
    }
  },
  {
    "model": "admin.logentry",
    "pk": 168,
    "fields": {
      "action_time": "2026-03-04T15:19:49.668Z",
      "user": [
        "mohamed"
      ],
      "content_type": [
        "syndic",
        "residencemembership"
      ],
      "object_id": "1",
      "object_repr": "mohamed - JAWHARA (SALE) (SUPER_ADMIN)",
      "action_flag": 2,
      "change_message": "[{\"changed\": {\"fields\": [\"Residence\"]}}]"
    }
  },
  {
    "model": "admin.logentry",
    "pk": 169,
    "fields": {
      "action_time": "2026-03-04T15:27:17.808Z",
      "user": [
        "mohamed"
      ],
      "content_type": [
        "syndic",
        "residencemembership"
      ],
      "object_id": "1",
      "object_repr": "mohamed - QOBBA (Casablanca) (SUPER_ADMIN)",
      "action_flag": 2,
      "change_message": "[{\"changed\": {\"fields\": [\"Residence\"]}}]"
    }
  },
  {
    "model": "admin.logentry",
    "pk": 170,
    "fields": {
      "action_time": "2026-03-04T15:27:55.605Z",
      "user": [
        "mohamed"
      ],
      "content_type": [
        "syndic",
        "residencemembership"
      ],
      "object_id": "1",
      "object_repr": "mohamed - OCEANIC (Sidi Rahal) (SUPER_ADMIN)",
      "action_flag": 2,
      "change_message": "[{\"changed\": {\"fields\": [\"Residence\"]}}]"
    }
  },
  {
    "model": "admin.logentry",
    "pk": 171,
    "fields": {
      "action_time": "2026-03-04T17:34:45.925Z",
      "user": [
        "mohamed"
      ],
      "content_type": [
        "syndic",
        "residencemembership"
      ],
      "object_id": "1",
      "object_repr": "mohamed - OCEANIC (Sidi Rahal) (ADMIN)",
      "action_flag": 2,
      "change_message": "[{\"changed\": {\"fields\": [\"Role\"]}}]"
    }
  },
  {
    "model": "admin.logentry",
    "pk": 172,
    "fields": {
      "action_time": "2026-03-04T18:55:57.409Z",
      "user": [
        "mohamed"
      ],
      "content_type": [
        "auth",
        "user"
      ],
      "object_id": "2",
      "object_repr": "mazola",
      "action_flag": 1,
      "change_message": "[{\"added\": {}}]"
    }
  },
  {
    "model": "admin.logentry",
    "pk": 173,
    "fields": {
      "action_time": "2026-03-04T18:56:10.256Z",
      "user": [
        "mohamed"
      ],
      "content_type": [
        "syndic",
        "residencemembership"
      ],
      "object_id": "2",
      "object_repr": "mazola - MAZOLA (CASABLANCA) (SUPER_ADMIN)",
      "action_flag": 1,
      "change_message": "[{\"added\": {}}]"
    }
  },
  {
    "model": "admin.logentry",
    "pk": 174,
    "fields": {
      "action_time": "2026-03-04T20:49:10.918Z",
      "user": [
        "mohamed"
      ],
      "content_type": [
        "auth",
        "user"
      ],
      "object_id": "3",
      "object_repr": "nour",
      "action_flag": 1,
      "change_message": "[{\"added\": {}}]"
    }
  },
  {
    "model": "admin.logentry",
    "pk": 175,
    "fields": {
      "action_time": "2026-03-04T20:50:44.011Z",
      "user": [
        "mohamed"
      ],
      "content_type": [
        "syndic",
        "residencemembership"
      ],
      "object_id": "3",
      "object_repr": "nour - NOUR (Casablanca) (SUPER_ADMIN)",
      "action_flag": 1,
      "change_message": "[{\"added\": {}}]"
    }
  },
  {
    "model": "admin.logentry",
    "pk": 176,
    "fields": {
      "action_time": "2026-03-04T21:07:00.851Z",
      "user": [
        "mohamed"
      ],
      "content_type": [
        "syndic",
        "residencemembership"
      ],
      "object_id": "1",
      "object_repr": "mohamed - QOBBA (Casablanca) (ADMIN)",
      "action_flag": 2,
      "change_message": "[{\"changed\": {\"fields\": [\"Residence\"]}}]"
    }
  },
  {
    "model": "admin.logentry",
    "pk": 177,
    "fields": {
      "action_time": "2026-03-04T23:12:28.234Z",
      "user": [
        "mohamed"
      ],
      "content_type": [
        "syndic",
        "residence"
      ],
      "object_id": "14",
      "object_repr": "XYZ (CASABLANCA)",
      "action_flag": 1,
      "change_message": "[{\"added\": {}}]"
    }
  },
  {
    "model": "admin.logentry",
    "pk": 178,
    "fields": {
      "action_time": "2026-03-04T23:12:53.407Z",
      "user": [
        "mohamed"
      ],
      "content_type": [
        "syndic",
        "residencemembership"
      ],
      "object_id": "4",
      "object_repr": "mohamed - XYZ (CASABLANCA) (SUPER_ADMIN)",
      "action_flag": 1,
      "change_message": "[{\"added\": {}}]"
    }
  },
  {
    "model": "admin.logentry",
    "pk": 179,
    "fields": {
      "action_time": "2026-03-05T00:12:26.240Z",
      "user": [
        "mohamed"
      ],
      "content_type": [
        "syndic",
        "residencemembership"
      ],
      "object_id": "1",
      "object_repr": "mohamed - QOBBA (Casablanca) (ADMIN)",
      "action_flag": 3,
      "change_message": ""
    }
  },
  {
    "model": "admin.logentry",
    "pk": 180,
    "fields": {
      "action_time": "2026-03-05T09:31:43.323Z",
      "user": [
        "mohamed"
      ],
      "content_type": [
        "syndic",
        "residencemembership"
      ],
      "object_id": "4",
      "object_repr": "mohamed - MAZOLA (CASABLANCA) (SUPER_ADMIN)",
      "action_flag": 2,
      "change_message": "[{\"changed\": {\"fields\": [\"Residence\"]}}]"
    }
  },
  {
    "model": "admin.logentry",
    "pk": 181,
    "fields": {
      "action_time": "2026-03-05T11:55:16.919Z",
      "user": [
        "mohamed"
      ],
      "content_type": [
        "syndic",
        "appelcharge"
      ],
      "object_id": "135",
      "object_repr": "MAZOLA - 2026 - AVR",
      "action_flag": 3,
      "change_message": ""
    }
  },
  {
    "model": "admin.logentry",
    "pk": 182,
    "fields": {
      "action_time": "2026-03-05T11:55:16.919Z",
      "user": [
        "mohamed"
      ],
      "content_type": [
        "syndic",
        "appelcharge"
      ],
      "object_id": "133",
      "object_repr": "MAZOLA - 2026 - FEV",
      "action_flag": 3,
      "change_message": ""
    }
  },
  {
    "model": "admin.logentry",
    "pk": 183,
    "fields": {
      "action_time": "2026-03-05T11:55:16.919Z",
      "user": [
        "mohamed"
      ],
      "content_type": [
        "syndic",
        "appelcharge"
      ],
      "object_id": "136",
      "object_repr": "MAZOLA - 2026 - AF_2026 1",
      "action_flag": 3,
      "change_message": ""
    }
  },
  {
    "model": "admin.logentry",
    "pk": 184,
    "fields": {
      "action_time": "2026-03-05T11:55:16.919Z",
      "user": [
        "mohamed"
      ],
      "content_type": [
        "syndic",
        "appelcharge"
      ],
      "object_id": "132",
      "object_repr": "MAZOLA - 2026 - JAN",
      "action_flag": 3,
      "change_message": ""
    }
  },
  {
    "model": "admin.logentry",
    "pk": 185,
    "fields": {
      "action_time": "2026-03-05T11:55:16.919Z",
      "user": [
        "mohamed"
      ],
      "content_type": [
        "syndic",
        "appelcharge"
      ],
      "object_id": "134",
      "object_repr": "MAZOLA - 2026 - MAR",
      "action_flag": 3,
      "change_message": ""
    }
  },
  {
    "model": "admin.logentry",
    "pk": 186,
    "fields": {
      "action_time": "2026-03-05T15:39:40.810Z",
      "user": [
        "mohamed"
      ],
      "content_type": [
        "syndic",
        "residencemembership"
      ],
      "object_id": "5",
      "object_repr": "mohamed - QOBBA (Casablanca) (SUPER_ADMIN)",
      "action_flag": 1,
      "change_message": "[{\"added\": {}}]"
    }
  },
  {
    "model": "admin.logentry",
    "pk": 187,
    "fields": {
      "action_time": "2026-03-05T15:40:15.512Z",
      "user": [
        "mohamed"
      ],
      "content_type": [
        "syndic",
        "residencemembership"
      ],
      "object_id": "4",
      "object_repr": "mohamed - MAZOLA (CASABLANCA) (SUPER_ADMIN)",
      "action_flag": 3,
      "change_message": ""
    }
  },
  {
    "model": "admin.logentry",
    "pk": 188,
    "fields": {
      "action_time": "2026-03-06T20:01:47.709Z",
      "user": [
        "mohamed"
      ],
      "content_type": [
        "syndic",
        "residenceuser"
      ],
      "object_id": "2",
      "object_repr": "nour -> MAZOLA (USER)",
      "action_flag": 1,
      "change_message": "[{\"added\": {}}]"
    }
  },
  {
    "model": "admin.logentry",
    "pk": 189,
    "fields": {
      "action_time": "2026-03-06T20:05:24.406Z",
      "user": [
        "mohamed"
      ],
      "content_type": [
        "syndic",
        "residencemembership"
      ],
      "object_id": "6",
      "object_repr": "mohamed - MAZOLA (CASABLANCA) (RESIDENT)",
      "action_flag": 1,
      "change_message": "[{\"added\": {}}]"
    }
  },
  {
    "model": "admin.logentry",
    "pk": 190,
    "fields": {
      "action_time": "2026-03-06T20:07:04.727Z",
      "user": [
        "mohamed"
      ],
      "content_type": [
        "auth",
        "user"
      ],
      "object_id": "4",
      "object_repr": "said",
      "action_flag": 1,
      "change_message": "[{\"added\": {}}]"
    }
  },
  {
    "model": "admin.logentry",
    "pk": 191,
    "fields": {
      "action_time": "2026-03-06T20:07:22.398Z",
      "user": [
        "mohamed"
      ],
      "content_type": [
        "syndic",
        "residencemembership"
      ],
      "object_id": "7",
      "object_repr": "said - MAZOLA (CASABLANCA) (RESIDENT)",
      "action_flag": 1,
      "change_message": "[{\"added\": {}}]"
    }
  },
  {
    "model": "admin.logentry",
    "pk": 192,
    "fields": {
      "action_time": "2026-03-06T20:26:30.723Z",
      "user": [
        "mohamed"
      ],
      "content_type": [
        "auth",
        "user"
      ],
      "object_id": "4",
      "object_repr": "said",
      "action_flag": 3,
      "change_message": ""
    }
  },
  {
    "model": "admin.logentry",
    "pk": 193,
    "fields": {
      "action_time": "2026-03-06T20:27:06.517Z",
      "user": [
        "mohamed"
      ],
      "content_type": [
        "syndic",
        "residencemembership"
      ],
      "object_id": "6",
      "object_repr": "mohamed - MAZOLA (CASABLANCA) (RESIDENT)",
      "action_flag": 3,
      "change_message": ""
    }
  },
  {
    "model": "admin.logentry",
    "pk": 194,
    "fields": {
      "action_time": "2026-03-06T21:43:32.581Z",
      "user": [
        "mohamed"
      ],
      "content_type": [
        "auth",
        "user"
      ],
      "object_id": "5",
      "object_repr": "said",
      "action_flag": 1,
      "change_message": "[{\"added\": {}}]"
    }
  },
  {
    "model": "admin.logentry",
    "pk": 195,
    "fields": {
      "action_time": "2026-03-06T21:44:06.257Z",
      "user": [
        "mohamed"
      ],
      "content_type": [
        "syndic",
        "residencemembership"
      ],
      "object_id": "8",
      "object_repr": "said - MAZOLA (CASABLANCA) (SUPER_ADMIN)",
      "action_flag": 1,
      "change_message": "[{\"added\": {}}]"
    }
  },
  {
    "model": "admin.logentry",
    "pk": 196,
    "fields": {
      "action_time": "2026-03-06T23:33:48.131Z",
      "user": [
        "mohamed"
      ],
      "content_type": [
        "syndic",
        "residencemembership"
      ],
      "object_id": "8",
      "object_repr": "said - XYZ1 (CASABLANCA) (SUPER_ADMIN)",
      "action_flag": 2,
      "change_message": "[{\"changed\": {\"fields\": [\"Residence\", \"Lot\"]}}]"
    }
  },
  {
    "model": "admin.logentry",
    "pk": 197,
    "fields": {
      "action_time": "2026-03-07T14:52:15.835Z",
      "user": [
        "mohamed"
      ],
      "content_type": [
        "syndic",
        "residence"
      ],
      "object_id": "15",
      "object_repr": "JAZERA (RABAT)",
      "action_flag": 1,
      "change_message": "[{\"added\": {}}]"
    }
  },
  {
    "model": "admin.logentry",
    "pk": 198,
    "fields": {
      "action_time": "2026-03-07T14:54:39.368Z",
      "user": [
        "mohamed"
      ],
      "content_type": [
        "auth",
        "user"
      ],
      "object_id": "6",
      "object_repr": "dafir",
      "action_flag": 1,
      "change_message": "[{\"added\": {}}]"
    }
  },
  {
    "model": "admin.logentry",
    "pk": 199,
    "fields": {
      "action_time": "2026-03-07T14:55:21.014Z",
      "user": [
        "mohamed"
      ],
      "content_type": [
        "syndic",
        "residencemembership"
      ],
      "object_id": "9",
      "object_repr": "dafir - JAZERA (RABAT) (SUPER_ADMIN)",
      "action_flag": 1,
      "change_message": "[{\"added\": {}}]"
    }
  },
  {
    "model": "admin.logentry",
    "pk": 200,
    "fields": {
      "action_time": "2026-03-07T14:55:42.845Z",
      "user": [
        "mohamed"
      ],
      "content_type": [
        "syndic",
        "residenceuser"
      ],
      "object_id": "3",
      "object_repr": "dafir -> JAZERA (ADMIN)",
      "action_flag": 1,
      "change_message": "[{\"added\": {}}]"
    }
  },
  {
    "model": "admin.logentry",
    "pk": 201,
    "fields": {
      "action_time": "2026-03-07T15:31:39.178Z",
      "user": [
        "mohamed"
      ],
      "content_type": [
        "syndic",
        "residence"
      ],
      "object_id": "15",
      "object_repr": "JAZERA (RABAT)",
      "action_flag": 2,
      "change_message": "[]"
    }
  },
  {
    "model": "admin.logentry",
    "pk": 202,
    "fields": {
      "action_time": "2026-03-07T16:20:39.820Z",
      "user": [
        "mohamed"
      ],
      "content_type": [
        "syndic",
        "residenceuser"
      ],
      "object_id": "2",
      "object_repr": "nour -> QOBBA (USER)",
      "action_flag": 2,
      "change_message": "[{\"changed\": {\"fields\": [\"Residence\"]}}]"
    }
  },
  {
    "model": "admin.logentry",
    "pk": 203,
    "fields": {
      "action_time": "2026-03-07T16:21:22.841Z",
      "user": [
        "mohamed"
      ],
      "content_type": [
        "syndic",
        "residenceuser"
      ],
      "object_id": "2",
      "object_repr": "nour -> QOBBA (ADMIN)",
      "action_flag": 2,
      "change_message": "[{\"changed\": {\"fields\": [\"Role\"]}}]"
    }
  },
  {
    "model": "admin.logentry",
    "pk": 204,
    "fields": {
      "action_time": "2026-03-07T16:29:29.098Z",
      "user": [
        "mohamed"
      ],
      "content_type": [
        "auth",
        "user"
      ],
      "object_id": "7",
      "object_repr": "ali",
      "action_flag": 1,
      "change_message": "[{\"added\": {}}]"
    }
  },
  {
    "model": "admin.logentry",
    "pk": 205,
    "fields": {
      "action_time": "2026-03-07T16:29:39.553Z",
      "user": [
        "mohamed"
      ],
      "content_type": [
        "syndic",
        "residenceuser"
      ],
      "object_id": "4",
      "object_repr": "ali -> JOMAIRA (ADMIN)",
      "action_flag": 1,
      "change_message": "[{\"added\": {}}]"
    }
  },
  {
    "model": "admin.logentry",
    "pk": 206,
    "fields": {
      "action_time": "2026-03-07T16:29:59.855Z",
      "user": [
        "mohamed"
      ],
      "content_type": [
        "syndic",
        "residence"
      ],
      "object_id": "6",
      "object_repr": "JOMAIRA (CASABLANCA)",
      "action_flag": 2,
      "change_message": "[]"
    }
  },
  {
    "model": "admin.logentry",
    "pk": 207,
    "fields": {
      "action_time": "2026-03-07T16:34:23.937Z",
      "user": [
        "mohamed"
      ],
      "content_type": [
        "syndic",
        "residencemembership"
      ],
      "object_id": "10",
      "object_repr": "ali - JOMAIRA (CASABLANCA) (SUPER_ADMIN)",
      "action_flag": 1,
      "change_message": "[{\"added\": {}}]"
    }
  },
  {
    "model": "admin.logentry",
    "pk": 208,
    "fields": {
      "action_time": "2026-03-07T20:52:02.238Z",
      "user": [
        "mohamed"
      ],
      "content_type": [
        "auth",
        "user"
      ],
      "object_id": "7",
      "object_repr": "ali",
      "action_flag": 3,
      "change_message": ""
    }
  },
  {
    "model": "admin.logentry",
    "pk": 209,
    "fields": {
      "action_time": "2026-03-07T20:52:02.238Z",
      "user": [
        "mohamed"
      ],
      "content_type": [
        "auth",
        "user"
      ],
      "object_id": "6",
      "object_repr": "dafir",
      "action_flag": 3,
      "change_message": ""
    }
  },
  {
    "model": "admin.logentry",
    "pk": 210,
    "fields": {
      "action_time": "2026-03-07T20:52:02.239Z",
      "user": [
        "mohamed"
      ],
      "content_type": [
        "auth",
        "user"
      ],
      "object_id": "2",
      "object_repr": "mazola",
      "action_flag": 3,
      "change_message": ""
    }
  },
  {
    "model": "admin.logentry",
    "pk": 211,
    "fields": {
      "action_time": "2026-03-07T20:52:02.239Z",
      "user": [
        "mohamed"
      ],
      "content_type": [
        "auth",
        "user"
      ],
      "object_id": "3",
      "object_repr": "nour",
      "action_flag": 3,
      "change_message": ""
    }
  },
  {
    "model": "admin.logentry",
    "pk": 212,
    "fields": {
      "action_time": "2026-03-07T20:52:02.239Z",
      "user": [
        "mohamed"
      ],
      "content_type": [
        "auth",
        "user"
      ],
      "object_id": "5",
      "object_repr": "said",
      "action_flag": 3,
      "change_message": ""
    }
  },
  {
    "model": "admin.logentry",
    "pk": 213,
    "fields": {
      "action_time": "2026-03-07T20:53:30.941Z",
      "user": [
        "mohamed"
      ],
      "content_type": [
        "auth",
        "user"
      ],
      "object_id": "7",
      "object_repr": "ali",
      "action_flag": 2,
      "change_message": "[{\"changed\": {\"fields\": [\"password\"]}}]"
    }
  },
  {
    "model": "admin.logentry",
    "pk": 214,
    "fields": {
      "action_time": "2026-03-07T20:53:57.056Z",
      "user": [
        "mohamed"
      ],
      "content_type": [
        "auth",
        "user"
      ],
      "object_id": "7",
      "object_repr": "ali",
      "action_flag": 2,
      "change_message": "[]"
    }
  },
  {
    "model": "admin.logentry",
    "pk": 215,
    "fields": {
      "action_time": "2026-03-07T20:54:17.635Z",
      "user": [
        "mohamed"
      ],
      "content_type": [
        "auth",
        "user"
      ],
      "object_id": "7",
      "object_repr": "user1",
      "action_flag": 2,
      "change_message": "[{\"changed\": {\"fields\": [\"Username\"]}}]"
    }
  },
  {
    "model": "admin.logentry",
    "pk": 216,
    "fields": {
      "action_time": "2026-03-07T20:54:35.928Z",
      "user": [
        "mohamed"
      ],
      "content_type": [
        "auth",
        "user"
      ],
      "object_id": "5",
      "object_repr": "user2",
      "action_flag": 2,
      "change_message": "[{\"changed\": {\"fields\": [\"Username\"]}}]"
    }
  },
  {
    "model": "admin.logentry",
    "pk": 217,
    "fields": {
      "action_time": "2026-03-07T20:55:02.573Z",
      "user": [
        "mohamed"
      ],
      "content_type": [
        "syndic",
        "residencemembership"
      ],
      "object_id": "9",
      "object_repr": "dafir - JAZERA (RABAT) (SUPER_ADMIN)",
      "action_flag": 3,
      "change_message": ""
    }
  },
  {
    "model": "admin.logentry",
    "pk": 218,
    "fields": {
      "action_time": "2026-03-07T20:55:17.809Z",
      "user": [
        "mohamed"
      ],
      "content_type": [
        "syndic",
        "residencemembership"
      ],
      "object_id": "2",
      "object_repr": "mazola - MAZOLA (CASABLANCA) (SUPER_ADMIN)",
      "action_flag": 3,
      "change_message": ""
    }
  },
  {
    "model": "admin.logentry",
    "pk": 219,
    "fields": {
      "action_time": "2026-03-07T20:55:33.605Z",
      "user": [
        "mohamed"
      ],
      "content_type": [
        "syndic",
        "residencemembership"
      ],
      "object_id": "3",
      "object_repr": "nour - NOUR (Casablanca) (SUPER_ADMIN)",
      "action_flag": 3,
      "change_message": ""
    }
  },
  {
    "model": "admin.logentry",
    "pk": 220,
    "fields": {
      "action_time": "2026-03-07T20:55:41.388Z",
      "user": [
        "mohamed"
      ],
      "content_type": [
        "syndic",
        "residencemembership"
      ],
      "object_id": "10",
      "object_repr": "user1 - JOMAIRA (CASABLANCA) (SUPER_ADMIN)",
      "action_flag": 3,
      "change_message": ""
    }
  },
  {
    "model": "admin.logentry",
    "pk": 221,
    "fields": {
      "action_time": "2026-03-07T20:55:49.442Z",
      "user": [
        "mohamed"
      ],
      "content_type": [
        "syndic",
        "residencemembership"
      ],
      "object_id": "8",
      "object_repr": "user2 - XYZ1 (CASABLANCA) (SUPER_ADMIN)",
      "action_flag": 3,
      "change_message": ""
    }
  },
  {
    "model": "admin.logentry",
    "pk": 222,
    "fields": {
      "action_time": "2026-03-07T20:55:57.687Z",
      "user": [
        "mohamed"
      ],
      "content_type": [
        "syndic",
        "residencemembership"
      ],
      "object_id": "5",
      "object_repr": "mohamed - QOBBA (Casablanca) (SUPER_ADMIN)",
      "action_flag": 3,
      "change_message": ""
    }
  },
  {
    "model": "admin.logentry",
    "pk": 223,
    "fields": {
      "action_time": "2026-03-07T20:56:11.937Z",
      "user": [
        "mohamed"
      ],
      "content_type": [
        "auth",
        "user"
      ],
      "object_id": "6",
      "object_repr": "dafir",
      "action_flag": 3,
      "change_message": ""
    }
  },
  {
    "model": "admin.logentry",
    "pk": 224,
    "fields": {
      "action_time": "2026-03-07T20:57:14.554Z",
      "user": [
        "mohamed"
      ],
      "content_type": [
        "auth",
        "user"
      ],
      "object_id": "6",
      "object_repr": "dafir1",
      "action_flag": 2,
      "change_message": "[{\"changed\": {\"fields\": [\"Username\"]}}]"
    }
  },
  {
    "model": "admin.logentry",
    "pk": 225,
    "fields": {
      "action_time": "2026-03-07T20:57:41.782Z",
      "user": [
        "mohamed"
      ],
      "content_type": [
        "auth",
        "user"
      ],
      "object_id": "6",
      "object_repr": "dafir1",
      "action_flag": 2,
      "change_message": "[{\"changed\": {\"fields\": [\"password\"]}}]"
    }
  },
  {
    "model": "admin.logentry",
    "pk": 226,
    "fields": {
      "action_time": "2026-03-07T20:58:43.906Z",
      "user": [
        "mohamed"
      ],
      "content_type": [
        "syndic",
        "residencemembership"
      ],
      "object_id": "11",
      "object_repr": "dafir1 - MAZOLA (CASABLANCA) (SUPER_ADMIN)",
      "action_flag": 1,
      "change_message": "[{\"added\": {}}]"
    }
  },
  {
    "model": "admin.logentry",
    "pk": 227,
    "fields": {
      "action_time": "2026-03-07T21:00:43.427Z",
      "user": [
        "mohamed"
      ],
      "content_type": [
        "syndic",
        "residencemembership"
      ],
      "object_id": "12",
      "object_repr": "mohamed - JAZERA (RABAT) (SUPER_ADMIN)",
      "action_flag": 1,
      "change_message": "[{\"added\": {}}]"
    }
  },
  {
    "model": "admin.logentry",
    "pk": 228,
    "fields": {
      "action_time": "2026-03-07T21:01:54.980Z",
      "user": [
        "mohamed"
      ],
      "content_type": [
        "syndic",
        "residencemembership"
      ],
      "object_id": "13",
      "object_repr": "mohamed - QOBBA (Casablanca) (SUPER_ADMIN)",
      "action_flag": 1,
      "change_message": "[{\"added\": {}}]"
    }
  },
  {
    "model": "admin.logentry",
    "pk": 229,
    "fields": {
      "action_time": "2026-03-07T21:47:06.910Z",
      "user": [
        "mohamed"
      ],
      "content_type": [
        "syndic",
        "residencemembership"
      ],
      "object_id": "11",
      "object_repr": "dafir1 - NOUR (Casablanca) (SUPER_ADMIN)",
      "action_flag": 2,
      "change_message": "[{\"changed\": {\"fields\": [\"Residence\"]}}]"
    }
  },
  {
    "model": "admin.logentry",
    "pk": 230,
    "fields": {
      "action_time": "2026-03-07T22:04:03.316Z",
      "user": [
        "mohamed"
      ],
      "content_type": [
        "syndic",
        "residence"
      ],
      "object_id": "1",
      "object_repr": "NOUR (Casablanca)",
      "action_flag": 2,
      "change_message": "[{\"changed\": {\"fields\": [\"Mode appel charge\"]}}]"
    }
  },
  {
    "model": "admin.logentry",
    "pk": 231,
    "fields": {
      "action_time": "2026-03-09T17:43:07.866Z",
      "user": [
        "mohamed"
      ],
      "content_type": [
        "syndic",
        "residencemembership"
      ],
      "object_id": "11",
      "object_repr": "dafir1 - XYZ1 (CASABLANCA) (SUPER_ADMIN)",
      "action_flag": 2,
      "change_message": "[{\"changed\": {\"fields\": [\"Residence\"]}}]"
    }
  },
  {
    "model": "admin.logentry",
    "pk": 232,
    "fields": {
      "action_time": "2026-03-09T23:56:47.608Z",
      "user": [
        "mohamed"
      ],
      "content_type": [
        "auth",
        "user"
      ],
      "object_id": "2",
      "object_repr": "mazola",
      "action_flag": 2,
      "change_message": "[{\"changed\": {\"fields\": [\"password\"]}}]"
    }
  },
  {
    "model": "admin.logentry",
    "pk": 233,
    "fields": {
      "action_time": "2026-03-09T23:58:13.003Z",
      "user": [
        "mohamed"
      ],
      "content_type": [
        "syndic",
        "residencemembership"
      ],
      "object_id": "19",
      "object_repr": "mazola - QOBBA (Casablanca) (SUPER_ADMIN)",
      "action_flag": 1,
      "change_message": "[{\"added\": {}}]"
    }
  },
  {
    "model": "admin.logentry",
    "pk": 234,
    "fields": {
      "action_time": "2026-03-19T17:10:51.348Z",
      "user": [
        "mohamed"
      ],
      "content_type": [
        "auth",
        "user"
      ],
      "object_id": "6",
      "object_repr": "dafir1",
      "action_flag": 2,
      "change_message": "[{\"changed\": {\"fields\": [\"password\"]}}]"
    }
  },
  {
    "model": "admin.logentry",
    "pk": 235,
    "fields": {
      "action_time": "2026-03-19T17:11:22.880Z",
      "user": [
        "mohamed"
      ],
      "content_type": [
        "auth",
        "user"
      ],
      "object_id": "6",
      "object_repr": "dafir1",
      "action_flag": 2,
      "change_message": "[{\"changed\": {\"fields\": [\"password\"]}}]"
    }
  },
  {
    "model": "admin.logentry",
    "pk": 236,
    "fields": {
      "action_time": "2026-03-19T17:12:26.134Z",
      "user": [
        "mohamed"
      ],
      "content_type": [
        "auth",
        "user"
      ],
      "object_id": "1",
      "object_repr": "mohamed",
      "action_flag": 2,
      "change_message": "[{\"changed\": {\"fields\": [\"password\"]}}]"
    }
  },
  {
    "model": "admin.logentry",
    "pk": 237,
    "fields": {
      "action_time": "2026-03-19T17:13:02.079Z",
      "user": [
        "mohamed"
      ],
      "content_type": [
        "auth",
        "user"
      ],
      "object_id": "6",
      "object_repr": "dafir1",
      "action_flag": 2,
      "change_message": "[{\"changed\": {\"fields\": [\"password\"]}}]"
    }
  },
  {
    "model": "admin.logentry",
    "pk": 238,
    "fields": {
      "action_time": "2026-03-19T17:14:01.507Z",
      "user": [
        "mohamed"
      ],
      "content_type": [
        "auth",
        "user"
      ],
      "object_id": "6",
      "object_repr": "dafir1",
      "action_flag": 2,
      "change_message": "[{\"changed\": {\"fields\": [\"password\"]}}]"
    }
  },
  {
    "model": "admin.logentry",
    "pk": 239,
    "fields": {
      "action_time": "2026-03-19T17:14:03.660Z",
      "user": [
        "mohamed"
      ],
      "content_type": [
        "auth",
        "user"
      ],
      "object_id": "6",
      "object_repr": "dafir1",
      "action_flag": 2,
      "change_message": "[{\"changed\": {\"fields\": [\"password\"]}}]"
    }
  },
  {
    "model": "admin.logentry",
    "pk": 240,
    "fields": {
      "action_time": "2026-03-19T17:35:03.948Z",
      "user": [
        "mohamed"
      ],
      "content_type": [
        "auth",
        "user"
      ],
      "object_id": "8",
      "object_repr": "jojo",
      "action_flag": 2,
      "change_message": "[{\"changed\": {\"fields\": [\"password\"]}}]"
    }
  }
]